,id,FIB,QA,MCQ
0,0,10.0546875,0.640625,1.4375
1,0,7.0546875,-1.140625,1.4375
2,0,5.6328125,-1.421875,0.078125
3,0,10.4921875,0.7578125,2.921875
4,0,7.3984375,-0.90625,-0.03125
5,0,5.328125,1.203125,0.9375
6,0,7.53125,0.46875,0.25
7,0,6.03125,-0.203125,-0.796875
8,8,11.4140625,1.109375,0.546875
9,8,8.90625,2.0234375,1.640625
10,8,9.125,0.828125,1.421875
11,8,7.046875,-1.578125,-0.09375
12,8,5.546875,-3.09375,0.375
13,8,9.2265625,2.390625,1.78125
14,8,8.3046875,-0.765625,0.109375
15,8,4.421875,-0.109375,0.40625
16,16,6.3828125,1.03125,0.28125
17,16,-0.9453125,-1.9375,0.296875
18,16,5.375,-3.9765625,0.0
19,16,1.40625,0.171875,-0.296875
20,16,-4.03125,-1.4609375,-0.34375
21,16,3.28125,-1.0625,0.4375
22,16,7.546875,-4.515625,-0.953125
23,16,8.5703125,-3.5625,-0.1875
24,24,10.5625,1.390625,1.90625
25,24,3.2421875,-1.15625,0.453125
26,24,9.4296875,1.65625,1.421875
27,24,6.703125,0.4375,0.953125
28,24,5.53125,-2.0625,-0.0625
29,24,5.28125,-3.0859375,0.265625
30,24,6.65625,-0.34375,0.953125
31,24,2.25,-2.5703125,-0.125
32,32,6.34375,0.65625,1.421875
33,32,6.609375,-1.90625,-0.359375
34,32,3.578125,-1.375,0.578125
35,32,3.84375,-2.546875,-0.078125
36,32,6.5625,-1.09375,-0.25
37,32,5.375,-1.75,-0.21875
38,32,1.25,-0.8359375,-0.359375
39,32,0.5234375,-1.359375,-0.015625
40,40,4.6328125,-2.046875,-0.53125
41,40,3.3671875,-2.7265625,0.09375
42,40,3.6171875,-1.015625,-0.109375
43,40,0.3984375,-2.8828125,-0.015625
44,40,0.3515625,0.859375,0.671875
45,40,2.4375,-1.375,-0.328125
46,40,3.515625,-3.15625,-0.703125
47,40,2.265625,-3.9140625,0.328125
48,48,3.84375,0.9375,0.546875
49,48,3.09375,-2.75,0.0625
50,48,-0.9375,-1.0,-0.40625
51,48,5.9765625,-0.53125,0.828125
52,48,7.125,-0.3125,0.75
53,48,3.7578125,0.5,-0.03125
54,48,5.984375,-3.578125,-0.234375
55,48,7.21875,0.6953125,1.609375
56,56,12.8984375,-1.09375,1.203125
57,56,5.1875,-1.8125,0.25
58,56,9.2265625,0.34375,0.703125
59,56,5.03125,-0.046875,1.46875
60,56,1.8515625,-1.6171875,0.0625
61,56,3.9609375,-0.8125,-0.5
62,56,6.375,-2.03125,0.046875
63,56,3.765625,-2.453125,-0.296875
64,64,4.5703125,-3.09375,-0.15625
65,64,3.7890625,-1.109375,-0.125
66,64,4.7109375,-0.296875,0.09375
67,64,-0.8046875,-2.859375,-0.40625
68,64,6.5625,0.859375,1.28125
69,64,8.609375,-2.234375,-0.359375
70,64,4.28125,-0.890625,0.546875
71,64,4.4296875,0.84375,0.703125
72,72,2.3671875,-1.5625,-0.3125
73,72,-0.2890625,-1.4921875,0.078125
74,72,3.578125,-3.7578125,0.03125
75,72,5.09375,-2.765625,-0.078125
76,72,6.796875,-0.125,0.921875
77,72,4.078125,-2.1796875,0.03125
78,72,6.484375,-1.2578125,0.40625
79,72,6.7265625,0.0625,2.3125
80,80,3.578125,-0.0625,0.53125
81,80,2.65625,1.875,1.5625
82,80,0.96875,-3.0625,-0.1875
83,80,11.2890625,2.59375,0.671875
84,80,5.6796875,-0.65625,1.15625
85,80,4.9921875,-0.046875,0.578125
86,80,10.65625,1.78125,1.140625
87,80,6.2109375,0.0625,1.078125
88,88,5.3046875,-0.640625,0.890625
89,88,8.140625,1.765625,0.65625
90,88,4.3984375,-2.1953125,-0.4375
91,88,3.1796875,-1.6875,1.53125
92,88,0.875,-2.4375,-0.296875
93,88,5.21875,-1.625,-0.125
94,88,4.4453125,0.828125,0.484375
95,88,12.5390625,3.1875,1.546875
96,96,6.6328125,-2.171875,-0.46875
97,96,5.4453125,-0.34375,0.8125
98,96,3.875,-1.015625,0.375
99,96,3.953125,-0.640625,-0.34375
100,96,3.7265625,2.34375,3.78125
101,96,5.484375,-0.4453125,1.34375
102,96,7.5390625,0.53125,1.046875
103,96,4.578125,0.9453125,1.234375
104,104,8.40625,2.40625,1.625
105,104,4.3828125,1.140625,0.046875
106,104,-0.609375,-0.15625,1.59375
107,104,6.2578125,-1.46875,0.203125
108,104,4.1484375,-1.78125,0.5
109,104,12.109375,0.3125,0.875
110,104,4.0859375,-2.859375,-0.734375
111,104,5.390625,-1.3125,0.078125
112,112,6.234375,-3.78125,-0.125
113,112,7.1484375,1.390625,0.34375
114,112,3.4765625,0.5625,1.046875
115,112,9.2265625,0.828125,2.359375
116,112,10.34375,0.921875,0.828125
117,112,6.171875,-1.265625,-0.125
118,112,10.6328125,-0.90625,0.703125
119,112,4.8671875,-2.9609375,0.484375
120,120,4.390625,-2.28125,0.078125
121,120,4.3515625,-1.9921875,-0.03125
122,120,6.5234375,-1.8046875,0.3125
123,120,6.203125,0.21875,0.359375
124,120,4.984375,-1.046875,0.25
125,120,9.3359375,0.40625,0.15625
126,120,-0.296875,-1.25,-0.078125
127,120,5.3359375,-1.046875,0.015625
128,128,5.65625,1.0625,1.5625
129,128,4.0234375,-0.5,0.78125
130,128,8.3125,0.015625,1.953125
131,128,9.953125,-0.59375,0.0
132,128,6.53125,-3.515625,-0.21875
133,128,1.8984375,-2.3125,0.1875
134,128,5.8359375,-1.234375,0.125
135,128,4.03125,-2.15625,0.671875
136,136,6.0234375,-0.515625,0.984375
137,136,5.3203125,-0.90625,0.484375
138,136,1.78125,-3.125,-0.328125
139,136,11.2734375,-2.921875,-0.265625
140,136,-1.2109375,-0.7890625,0.140625
141,136,7.21875,-0.875,0.703125
142,136,10.03125,-0.953125,-0.609375
143,136,2.5234375,-2.6484375,-0.265625
144,144,6.6484375,-0.65625,0.0625
145,144,7.34375,-1.34375,0.140625
146,144,3.7578125,-1.421875,-0.09375
147,144,2.2734375,-3.1484375,-0.5
148,144,4.1796875,-2.0,0.125
149,144,6.1328125,1.484375,0.234375
150,144,7.109375,0.53125,0.609375
151,144,3.421875,-0.96875,-0.25
152,152,11.96875,1.4375,1.734375
153,152,3.5703125,-2.578125,-0.59375
154,152,5.203125,-0.53125,-0.203125
155,152,3.546875,0.484375,0.375
156,152,9.046875,3.15625,0.578125
157,152,4.6015625,0.6875,0.484375
158,152,7.8359375,0.203125,0.296875
159,152,6.15625,-2.0078125,0.09375
160,160,8.0390625,-0.515625,0.421875
161,160,8.2578125,-3.0859375,-0.140625
162,160,3.765625,-3.3125,-0.0625
163,160,6.71875,-1.65625,0.3125
164,160,6.484375,-3.1875,-0.125
165,160,8.6015625,-1.0,-0.203125
166,160,7.328125,-1.640625,0.25
167,160,10.109375,0.03125,0.5625
168,168,4.0234375,-2.203125,0.171875
169,168,4.25,-2.109375,0.125
170,168,9.40625,2.765625,1.859375
171,168,7.9921875,2.40625,0.28125
172,168,8.40625,1.953125,4.9765625
173,168,9.90625,2.078125,1.046875
174,168,4.6953125,-2.7265625,-0.3125
175,168,4.921875,-2.84375,-0.015625
176,176,1.953125,0.609375,0.796875
177,176,8.5703125,3.234375,2.71875
178,176,9.1328125,-1.125,0.15625
179,176,4.8828125,-0.515625,0.765625
180,176,5.8359375,-1.1328125,0.71875
181,176,4.5546875,-1.453125,-0.296875
182,176,5.4296875,-3.453125,-0.28125
183,176,4.0546875,0.03125,0.328125
184,184,3.78125,-2.234375,0.03125
185,184,8.1953125,0.546875,-0.109375
186,184,7.6953125,0.640625,0.46875
187,184,3.6171875,-4.015625,-0.140625
188,184,-2.5234375,-1.3515625,0.015625
189,184,5.890625,-3.296875,-0.359375
190,184,5.421875,-1.84375,0.5625
191,184,11.59375,0.125,1.0625
192,192,6.84375,0.4375,0.1875
193,192,5.71875,0.359375,0.609375
194,192,3.5546875,0.03125,0.40625
195,192,7.984375,-0.140625,0.0625
196,192,2.7421875,0.53125,0.5625
197,192,10.140625,1.46875,-0.015625
198,192,8.1015625,-3.3359375,-0.1875
199,192,10.96875,-0.421875,0.859375
200,200,5.1953125,-0.734375,0.890625
201,200,4.71875,-1.6875,-0.09375
202,200,5.609375,-2.1875,0.1875
203,200,4.953125,-0.359375,-0.078125
204,200,5.7578125,-0.78125,0.40625
205,200,5.046875,1.21875,1.828125
206,200,7.453125,-0.53125,0.59375
207,200,9.125,1.203125,2.078125
208,208,5.015625,-3.4296875,0.421875
209,208,5.6484375,-2.46875,-0.109375
210,208,2.8984375,-1.765625,0.296875
211,208,6.65625,-3.5390625,-0.296875
212,208,0.5625,-3.046875,0.171875
213,208,6.5625,1.34375,1.78125
214,208,1.109375,-2.8125,-0.1875
215,208,8.5703125,2.59375,2.125
216,216,6.7109375,-0.71875,0.234375
217,216,6.2734375,-1.046875,-0.046875
218,216,5.703125,-0.9375,1.015625
219,216,7.9140625,1.390625,0.984375
220,216,5.34375,0.609375,0.453125
221,216,6.6171875,-2.8125,1.015625
222,216,5.359375,0.859375,1.1875
223,216,8.3125,0.0625,0.890625
224,224,5.5859375,-0.953125,-0.15625
225,224,2.6484375,0.3125,1.171875
226,224,5.2890625,-1.7734375,0.265625
227,224,1.0078125,-0.09375,0.859375
228,224,8.9609375,0.6484375,2.5
229,224,7.0078125,-1.0546875,0.015625
230,224,3.453125,-2.015625,-0.359375
231,224,7.421875,0.9375,0.0
232,232,5.453125,0.765625,0.640625
233,232,5.515625,-0.625,0.265625
234,232,-1.1875,-1.265625,0.453125
235,232,2.9296875,-1.4765625,0.1875
236,232,8.6171875,1.296875,2.703125
237,232,3.1015625,-2.453125,-0.125
238,232,2.375,-2.15625,0.1875
239,232,3.921875,-2.640625,0.28125
240,240,7.7734375,-0.03125,0.3125
241,240,2.421875,-0.6015625,-0.21875
242,240,4.59375,-0.6328125,0.0625
243,240,4.3828125,-0.734375,-0.65625
244,240,1.2421875,-2.328125,0.28125
245,240,8.1640625,-0.8125,0.3125
246,240,5.9453125,-0.1484375,0.515625
247,240,3.609375,-0.328125,0.28125
248,248,4.3984375,-1.453125,0.65625
249,248,5.03125,-1.8125,0.234375
250,248,3.6875,-0.046875,0.0
251,248,-0.609375,-1.203125,-0.015625
252,248,2.9140625,-0.21875,1.015625
253,248,7.9140625,3.0625,0.625
254,248,6.7890625,-3.09375,-0.171875
255,248,4.125,-0.578125,0.171875
256,256,4.125,-2.109375,-0.328125
257,256,4.890625,-1.0625,-0.109375
258,256,3.1640625,-2.4609375,0.421875
259,256,3.546875,-2.15625,0.15625
260,256,11.6484375,3.265625,2.90625
261,256,7.390625,-3.359375,0.0
262,256,5.53125,0.796875,0.5625
263,256,9.9609375,-0.8125,-0.1875
264,264,2.8203125,-1.5625,-0.4375
265,264,6.96875,-4.1796875,0.21875
266,264,-0.4609375,-2.21875,0.0625
267,264,9.65625,1.609375,0.921875
268,264,7.171875,-0.21875,2.65625
269,264,9.609375,2.59375,0.3125
270,264,5.96875,-3.078125,-0.109375
271,264,4.6171875,-2.828125,-0.609375
272,272,4.2265625,-2.578125,-0.015625
273,272,2.7265625,-0.25,-0.328125
274,272,8.7734375,-0.609375,0.203125
275,272,2.0234375,-2.234375,0.09375
276,272,6.09375,0.25,0.390625
277,272,1.859375,-1.390625,0.09375
278,272,8.875,0.640625,0.953125
279,272,5.265625,-1.0390625,-0.078125
280,280,6.296875,-3.1015625,-0.109375
281,280,6.9140625,-2.765625,0.78125
282,280,5.5859375,0.453125,1.15625
283,280,7.1171875,-1.171875,-0.390625
284,280,7.7890625,-0.9140625,-0.09375
285,280,3.828125,-1.8984375,-0.078125
286,280,9.03125,2.703125,3.453125
287,280,6.3515625,1.7421875,2.203125
288,288,6.34375,1.578125,3.9375
289,288,4.78125,-2.640625,-0.375
290,288,7.3671875,-0.15625,0.265625
291,288,11.125,3.6171875,4.453125
292,288,11.5078125,2.3046875,1.421875
293,288,5.71875,-2.90625,-0.5625
294,288,7.25,-0.890625,0.625
295,288,3.203125,-2.2734375,-0.21875
296,296,5.40625,-1.0078125,0.078125
297,296,5.78125,-3.125,0.0625
298,296,2.9609375,1.0625,0.34375
299,296,4.03125,-0.5,0.53125
300,296,10.96875,3.8046875,3.546875
301,296,5.875,-1.3046875,-0.109375
302,296,4.9765625,-0.15625,0.4375
303,296,6.421875,1.53125,1.265625
304,304,4.2109375,-1.03125,0.0
305,304,6.890625,-0.390625,1.171875
306,304,5.90625,1.46875,2.28125
307,304,5.1015625,0.4375,1.453125
308,304,2.859375,-1.796875,-0.09375
309,304,11.46875,2.0625,7.046875
310,304,5.15625,0.8125,0.921875
311,304,7.578125,1.9140625,0.765625
312,312,12.3671875,3.453125,1.328125
313,312,8.140625,1.46875,1.609375
314,312,7.078125,1.6953125,0.5
315,312,7.6875,1.453125,0.828125
316,312,3.1640625,-0.984375,0.453125
317,312,9.0390625,1.984375,1.234375
318,312,6.8828125,0.4375,0.421875
319,312,8.078125,0.59375,1.40625
320,320,5.3828125,1.6328125,1.90625
321,320,8.0859375,-1.28125,0.21875
322,320,8.8828125,1.53125,0.734375
323,320,8.7578125,1.484375,1.3125
324,320,7.7890625,0.03125,1.015625
325,320,6.5078125,-0.59375,0.390625
326,320,6.5859375,0.578125,0.15625
327,320,2.5859375,-0.375,1.328125
328,328,10.1875,1.40625,1.84375
329,328,2.8984375,0.0,1.484375
330,328,7.84375,1.9375,1.796875
331,328,6.7890625,2.421875,2.640625
332,328,7.375,2.203125,3.78125
333,328,8.9609375,0.546875,1.515625
334,328,7.1875,-0.71875,0.265625
335,328,7.25,0.828125,0.8125
336,336,5.203125,-1.0,0.9375
337,336,7.0234375,0.140625,0.4375
338,336,8.0546875,1.046875,0.296875
339,336,7.71875,1.21875,0.984375
340,336,5.1796875,-0.953125,0.15625
341,336,7.5078125,1.578125,2.828125
342,336,5.78125,0.234375,0.875
343,336,4.1953125,1.2890625,1.078125
344,344,8.6875,3.4609375,1.578125
345,344,4.53125,2.328125,1.40625
346,344,7.25,2.671875,1.1875
347,344,9.8046875,1.953125,0.75
348,344,6.265625,1.375,0.140625
349,344,7.640625,2.203125,0.828125
350,344,0.953125,-4.1171875,-0.203125
351,344,8.8671875,2.671875,1.328125
352,352,7.3359375,-0.109375,0.796875
353,352,8.921875,2.0625,2.578125
354,352,8.5078125,1.015625,-0.15625
355,352,7.03125,0.3203125,0.65625
356,352,7.0078125,-0.546875,1.28125
357,352,10.765625,-0.828125,0.046875
358,352,1.671875,-0.484375,-0.015625
359,352,5.875,0.8046875,0.375
360,360,8.8125,2.515625,5.515625
361,360,6.140625,-0.78125,0.34375
362,360,6.4140625,-0.296875,1.015625
363,360,5.3359375,0.84375,1.34375
364,360,7.8984375,0.4453125,1.546875
365,360,9.0390625,1.078125,0.890625
366,360,8.265625,2.7421875,1.359375
367,360,3.703125,0.8125,-0.3125
368,368,0.890625,0.671875,1.796875
369,368,9.15625,2.03125,0.59375
370,368,6.03125,0.859375,1.9375
371,368,8.359375,2.59375,4.203125
372,368,5.6953125,-0.015625,0.375
373,368,4.8515625,0.171875,0.859375
374,368,4.828125,-0.125,0.9375
375,368,8.984375,0.203125,0.46875
376,376,7.40625,3.3671875,2.71875
377,376,5.8125,-1.0859375,0.203125
378,376,6.8828125,2.21875,2.515625
379,376,7.8125,0.390625,0.828125
380,376,8.5859375,1.109375,0.75
381,376,7.9609375,0.796875,0.296875
382,376,3.4375,-0.328125,0.765625
383,376,9.0078125,2.484375,2.625
384,384,11.515625,0.75,0.28125
385,384,9.8984375,1.75,0.515625
386,384,7.9375,0.8125,0.4375
387,384,5.3671875,-0.03125,0.765625
388,384,6.765625,0.4375,1.40625
389,384,8.265625,3.515625,3.953125
390,384,3.6953125,1.265625,1.890625
391,384,7.3046875,-1.421875,0.453125
392,392,4.71875,2.4140625,1.4375
393,392,2.2421875,-0.09375,0.0
394,392,6.9609375,2.546875,2.21875
395,392,7.8828125,0.796875,0.796875
396,392,7.609375,0.640625,0.625
397,392,6.4921875,0.8125,1.046875
398,392,5.3203125,-0.40625,1.015625
399,392,7.4609375,0.5546875,0.796875
400,400,6.0859375,0.1875,0.15625
401,400,7.109375,0.953125,0.8125
402,400,7.90625,2.65625,4.46875
403,400,11.234375,2.359375,1.0625
404,400,7.0,2.21875,2.328125
405,400,10.453125,0.859375,0.453125
406,400,6.90625,1.40625,1.71875
407,400,8.0625,-0.296875,0.203125
408,408,8.1328125,2.1875,1.703125
409,408,5.7734375,-2.140625,-0.140625
410,408,5.8515625,0.78125,0.671875
411,408,9.09375,0.9375,0.28125
412,408,6.921875,0.40625,0.875
413,408,7.2109375,0.84375,2.4375
414,408,10.7421875,2.7421875,1.21875
415,408,6.78125,0.09375,0.65625
416,416,8.4296875,-1.0,0.5
417,416,6.109375,1.25,1.234375
418,416,4.65625,-0.390625,0.171875
419,416,7.6875,-0.921875,-0.015625
420,416,8.9765625,-0.40625,0.671875
421,416,7.1953125,0.9375,0.953125
422,416,6.8671875,1.90625,3.359375
423,416,9.453125,0.75,0.84375
424,424,10.7578125,2.1875,0.859375
425,424,8.9296875,0.890625,1.578125
426,424,7.4921875,-0.46875,0.21875
427,424,7.65625,0.453125,-0.140625
428,424,5.8515625,1.640625,1.265625
429,424,8.03125,2.9140625,0.828125
430,424,7.3203125,2.4375,0.890625
431,424,9.4296875,2.96875,1.515625
432,432,7.0390625,1.6015625,3.34375
433,432,12.5703125,3.46875,2.34375
434,432,8.6015625,2.6953125,1.796875
435,432,8.0703125,1.8828125,0.234375
436,432,8.421875,0.625,0.703125
437,432,5.1328125,0.28125,0.90625
438,432,9.9296875,0.125,1.21875
439,432,5.7734375,2.953125,1.984375
440,440,10.9765625,2.703125,2.140625
441,440,9.25,-2.0625,0.109375
442,440,3.6015625,1.171875,0.515625
443,440,3.25,-0.03125,-0.3125
444,440,7.546875,-0.265625,0.703125
445,440,4.671875,0.875,0.890625
446,440,6.6484375,-0.125,-0.203125
447,440,10.734375,2.6484375,0.796875
448,448,5.421875,0.953125,0.65625
449,448,6.328125,0.84375,2.875
450,448,6.28125,0.59375,0.84375
451,448,9.75,1.484375,1.75
452,448,8.546875,0.6875,0.75
453,448,6.3203125,0.5,0.90625
454,448,8.1640625,-0.6875,0.421875
455,448,8.21875,0.0625,0.46875
456,456,4.90625,-0.1875,0.8125
457,456,6.84375,-0.28125,0.3125
458,456,8.5234375,-0.015625,-0.21875
459,456,8.1875,-0.484375,-0.0625
460,456,8.46875,0.0,0.28125
461,456,7.375,1.6953125,0.53125
462,456,7.421875,-0.0625,0.4375
463,456,7.8515625,2.71875,1.78125
464,464,5.40625,1.03125,0.53125
465,464,8.2109375,0.40625,1.40625
466,464,7.578125,2.3984375,1.953125
467,464,7.171875,0.609375,1.171875
468,464,5.6953125,0.640625,0.171875
469,464,8.7109375,1.78125,1.09375
470,464,9.1484375,-0.109375,0.078125
471,464,5.109375,-2.640625,-0.59375
472,472,8.7734375,0.25,0.5625
473,472,4.8203125,0.625,-0.046875
474,472,6.0078125,0.234375,1.75
475,472,4.28125,-0.078125,0.4375
476,472,6.890625,1.78125,1.9375
477,472,7.359375,0.875,1.296875
478,472,6.1875,0.578125,1.046875
479,472,5.5859375,-0.78125,-0.09375
480,480,5.0859375,-2.328125,0.5625
481,480,5.8125,1.8671875,0.890625
482,480,3.8203125,-0.109375,0.609375
483,480,3.609375,0.53125,0.203125
484,480,6.375,1.65625,1.1875
485,480,3.0546875,0.640625,0.078125
486,480,7.34375,0.984375,0.21875
487,480,5.3828125,1.140625,0.953125
488,488,4.15625,1.140625,0.84375
489,488,6.40625,1.0625,0.578125
490,488,6.5078125,1.015625,1.578125
491,488,4.2890625,-2.1171875,0.375
492,488,6.1328125,2.5625,3.890625
493,488,4.5,0.34375,1.0625
494,488,6.7578125,2.4765625,2.09375
495,488,8.9609375,2.03125,1.359375
496,496,8.375,0.4765625,0.1875
497,496,9.65625,2.578125,2.75
498,496,10.3125,1.90625,0.65625
499,496,8.4921875,1.625,2.015625
500,496,10.0546875,0.640625,0.125
501,496,10.3203125,2.671875,2.125
502,496,6.5,0.71875,0.96875
503,496,6.40625,-0.515625,0.34375
504,504,5.8828125,0.03125,0.859375
505,504,8.7578125,2.21875,0.5
506,504,7.8984375,1.8984375,0.09375
507,504,6.5546875,-1.03125,0.421875
508,504,7.390625,1.859375,1.546875
509,504,6.5390625,0.390625,0.359375
510,504,5.1015625,1.265625,0.265625
511,504,5.0625,0.25,0.796875
512,512,7.3359375,1.7890625,0.796875
513,512,10.625,2.59375,2.640625
514,512,10.953125,1.921875,0.90625
515,512,6.6171875,1.53125,0.921875
516,512,8.875,0.359375,0.40625
517,512,6.7578125,0.125,0.90625
518,512,7.90625,3.078125,0.65625
519,512,7.8671875,1.296875,0.859375
520,520,6.0859375,-0.375,0.234375
521,520,5.03125,0.546875,0.703125
522,520,10.3046875,1.15625,1.390625
523,520,5.6953125,0.984375,1.1875
524,520,9.7734375,1.859375,1.015625
525,520,10.2734375,0.765625,1.0625
526,520,5.0390625,-0.25,0.859375
527,520,8.4296875,-0.25,1.0
528,528,6.3203125,0.8515625,1.140625
529,528,7.421875,0.71875,1.765625
530,528,8.3359375,1.328125,2.65625
531,528,8.8203125,2.0625,1.78125
532,528,7.2578125,0.4921875,0.09375
533,528,4.0859375,1.96875,1.78125
534,528,10.4765625,1.734375,1.609375
535,528,8.0625,0.0625,0.078125
536,536,7.71875,0.75,0.5625
537,536,7.5859375,0.78125,1.609375
538,536,5.5,0.8359375,1.25
539,536,11.21875,3.59375,1.984375
540,536,7.2890625,0.96875,1.890625
541,536,8.8125,1.265625,0.609375
542,536,3.828125,-0.6171875,0.375
543,536,6.6875,-0.203125,0.9375
544,544,1.796875,-1.078125,0.8125
545,544,9.953125,0.5,1.34375
546,544,10.7421875,1.125,0.640625
547,544,10.609375,2.65625,1.015625
548,544,8.1484375,1.0,0.59375
549,544,10.390625,2.640625,2.046875
550,544,8.4296875,-0.15625,1.015625
551,544,5.1484375,1.34375,2.90625
552,552,8.4765625,1.5,1.71875
553,552,12.28125,3.171875,1.328125
554,552,10.6171875,2.515625,1.15625
555,552,6.3515625,-0.21875,0.515625
556,552,6.265625,0.90625,-0.203125
557,552,10.40625,2.8828125,0.96875
558,552,11.2578125,3.2734375,1.8125
559,552,9.2578125,1.140625,1.515625
560,560,12.59375,3.328125,1.046875
561,560,8.953125,2.5703125,1.609375
562,560,-0.7265625,0.4375,0.96875
563,560,-0.7265625,0.4375,0.96875
564,560,-0.7265625,0.4375,0.96875
565,560,-0.7265625,0.4375,0.96875
566,560,-0.7265625,0.4375,0.96875
567,560,-0.7265625,0.4375,0.96875
568,568,-0.7265625,0.4375,0.96875
569,568,-0.7265625,0.4375,0.96875
570,568,-0.7265625,0.4375,0.96875
571,568,-0.7265625,0.4375,0.96875
572,568,-0.7265625,0.4375,0.96875
573,568,-0.7265625,0.4375,0.96875
574,568,-0.7265625,0.4375,0.96875
575,568,-0.7265625,0.4375,0.96875
576,576,-0.7265625,0.4375,0.96875
577,576,-0.7265625,0.4375,0.96875
578,576,-0.7265625,0.4375,0.96875
579,576,-0.7265625,0.4375,0.96875
580,576,-0.7265625,0.4375,0.96875
581,576,-0.7265625,0.4375,0.96875
582,576,-0.7265625,0.4375,0.96875
583,576,-0.7265625,0.4375,0.96875
584,584,-0.7265625,0.4375,0.96875
585,584,-0.7265625,0.4375,0.96875
586,584,-0.7265625,0.4375,0.96875
587,584,-0.7265625,0.4375,0.96875
588,584,-0.7265625,0.4375,0.96875
589,584,-0.7265625,0.4375,0.96875
590,584,-0.7265625,0.4375,0.96875
591,584,-0.7265625,0.4375,0.96875
592,592,-0.7265625,0.4375,0.96875
593,592,-0.7265625,0.4375,0.96875
594,592,-0.7265625,0.4375,0.96875
595,592,-0.7265625,0.4375,0.96875
596,592,-0.7265625,0.4375,0.96875
597,592,-0.7265625,0.4375,0.96875
598,592,-0.7265625,0.4375,0.96875
599,592,-0.7265625,0.4375,0.96875
600,600,-0.7265625,0.4375,0.96875
601,600,-0.7265625,0.4375,0.96875
602,600,-0.7265625,0.4375,0.96875
603,600,-0.7265625,0.4375,0.96875
604,600,-0.7265625,0.4375,0.96875
605,600,-0.7265625,0.4375,0.96875
606,600,-0.7265625,0.4375,0.96875
607,600,-0.7265625,0.4375,0.96875
608,608,-0.7265625,0.4375,0.96875
609,608,-0.7265625,0.4375,0.96875
610,608,-0.7265625,0.4375,0.96875
611,608,-0.7265625,0.4375,0.96875
612,608,-0.7265625,0.4375,0.96875
613,608,-0.7265625,0.4375,0.96875
614,608,-0.7265625,0.4375,0.96875
615,608,-0.7265625,0.4375,0.96875
616,616,-0.7265625,0.4375,0.96875
617,616,-0.7265625,0.4375,0.96875
618,616,-0.7265625,0.4375,0.96875
619,616,-0.7265625,0.4375,0.96875
620,616,-0.7265625,0.4375,0.96875
621,616,-0.7265625,0.4375,0.96875
622,616,-0.7265625,0.4375,0.96875
623,616,-0.7265625,0.4375,0.96875
624,624,-0.7265625,0.4375,0.96875
625,624,-0.7265625,0.4375,0.96875
626,624,-0.7265625,0.4375,0.96875
627,624,-0.7265625,0.4375,0.96875
628,624,-0.7265625,0.4375,0.96875
629,624,-0.7265625,0.4375,0.96875
630,624,-0.7265625,0.4375,0.96875
631,624,-0.7265625,0.4375,0.96875
632,632,-0.7265625,0.4375,0.96875
633,632,-0.7265625,0.4375,0.96875
634,632,-0.7265625,0.4375,0.96875
635,632,-0.7265625,0.4375,0.96875
636,632,-0.7265625,0.4375,0.96875
637,632,-0.7265625,0.4375,0.96875
638,632,-0.7265625,0.4375,0.96875
639,632,-0.7265625,0.4375,0.96875
640,640,-0.7265625,0.4375,0.96875
641,640,-0.7265625,0.4375,0.96875
642,640,-0.7265625,0.4375,0.96875
643,640,-0.7265625,0.4375,0.96875
644,640,-0.7265625,0.4375,0.96875
645,640,-0.7265625,0.4375,0.96875
646,640,-0.7265625,0.4375,0.96875
647,640,-0.7265625,0.4375,0.96875
648,648,-0.7265625,0.4375,0.96875
649,648,-0.7265625,0.4375,0.96875
650,648,-0.7265625,0.4375,0.96875
651,648,-0.7265625,0.4375,0.96875
652,648,-0.7265625,0.4375,0.96875
653,648,-0.7265625,0.4375,0.96875
654,648,-0.7265625,0.4375,0.96875
655,648,-0.7265625,0.4375,0.96875
656,656,-0.7265625,0.4375,0.96875
657,656,-0.7265625,0.4375,0.96875
658,656,-0.7265625,0.4375,0.96875
659,656,-0.7265625,0.4375,0.96875
660,656,-0.7265625,0.4375,0.96875
661,656,-0.7265625,0.4375,0.96875
662,656,-0.7265625,0.4375,0.96875
663,656,-0.7265625,0.4375,0.96875
664,664,-0.7265625,0.4375,0.96875
665,664,-0.7265625,0.4375,0.96875
666,664,-0.7265625,0.4375,0.96875
667,664,-0.7265625,0.4375,0.96875
668,664,-0.7265625,0.4375,0.96875
669,664,-0.7265625,0.4375,0.96875
670,664,-0.7265625,0.4375,0.96875
671,664,-0.7265625,0.4375,0.96875
672,672,-0.7265625,0.4375,0.96875
673,672,-0.7265625,0.4375,0.96875
674,672,-0.7265625,0.4375,0.96875
675,672,-0.7265625,0.4375,0.96875
676,672,-0.7265625,0.4375,0.96875
677,672,-0.7265625,0.4375,0.96875
678,672,-0.7265625,0.4375,0.96875
679,672,-0.7265625,0.4375,0.96875
680,680,-0.7265625,0.4375,0.96875
681,680,-0.7265625,0.4375,0.96875
682,680,-0.7265625,0.4375,0.96875
683,680,-0.7265625,0.4375,0.96875
684,680,-0.7265625,0.4375,0.96875
685,680,-0.7265625,0.4375,0.96875
686,680,-0.7265625,0.4375,0.96875
687,680,-0.7265625,0.4375,0.96875
688,688,-0.7265625,0.4375,0.96875
689,688,-0.7265625,0.4375,0.96875
690,688,-0.7265625,0.4375,0.96875
691,688,-0.7265625,0.4375,0.96875
692,688,-0.7265625,0.4375,0.96875
693,688,-0.7265625,0.4375,0.96875
694,688,-0.7265625,0.4375,0.96875
695,688,-0.7265625,0.4375,0.96875
696,696,-0.7265625,0.4375,0.96875
697,696,-0.7265625,0.4375,0.96875
698,696,-0.7265625,0.4375,0.96875
699,696,-0.7265625,0.4375,0.96875
700,696,-0.7265625,0.4375,0.96875
701,696,-0.7265625,0.4375,0.96875
702,696,-0.7265625,0.4375,0.96875
703,696,-0.7265625,0.4375,0.96875
704,704,-0.7265625,0.4375,0.96875
705,704,-0.7265625,0.4375,0.96875
706,704,-0.7265625,0.4375,0.96875
707,704,-0.7265625,0.4375,0.96875
708,704,-0.7265625,0.4375,0.96875
709,704,-0.7265625,0.4375,0.96875
710,704,-0.7265625,0.4375,0.96875
711,704,-0.7265625,0.4375,0.96875
712,712,-0.7265625,0.4375,0.96875
713,712,-0.7265625,0.4375,0.96875
714,712,-0.7265625,0.4375,0.96875
715,712,-0.7265625,0.4375,0.96875
716,712,-0.7265625,0.4375,0.96875
717,712,-0.7265625,0.4375,0.96875
718,712,-0.7265625,0.4375,0.96875
719,712,-0.7265625,0.4375,0.96875
720,720,-0.7265625,0.4375,0.96875
721,720,-0.7265625,0.4375,0.96875
722,720,-0.7265625,0.4375,0.96875
723,720,-0.7265625,0.4375,0.96875
724,720,-0.7265625,0.4375,0.96875
725,720,-0.7265625,0.4375,0.96875
726,720,-0.7265625,0.4375,0.96875
727,720,-0.7265625,0.4375,0.96875
728,728,-0.7265625,0.4375,0.96875
729,728,-0.7265625,0.4375,0.96875
730,728,-0.7265625,0.4375,0.96875
731,728,-0.7265625,0.4375,0.96875
732,728,-0.7265625,0.4375,0.96875
733,728,-0.7265625,0.4375,0.96875
734,728,-0.7265625,0.4375,0.96875
735,728,-0.7265625,0.4375,0.96875
736,736,-0.7265625,0.4375,0.96875
737,736,-0.7265625,0.4375,0.96875
738,736,-0.7265625,0.4375,0.96875
739,736,-0.7265625,0.4375,0.96875
740,736,-0.7265625,0.4375,0.96875
741,736,-0.7265625,0.4375,0.96875
742,736,-0.7265625,0.4375,0.96875
743,736,-0.7265625,0.4375,0.96875
744,744,-0.7265625,0.4375,0.96875
745,744,-0.7265625,0.4375,0.96875
746,744,-0.7265625,0.4375,0.96875
747,744,-0.7265625,0.4375,0.96875
748,744,-0.7265625,0.4375,0.96875
749,744,-0.7265625,0.4375,0.96875
750,744,-0.7265625,0.4375,0.96875
751,744,-0.7265625,0.4375,0.96875
752,752,-0.7265625,0.4375,0.96875
753,752,-0.7265625,0.4375,0.96875
754,752,-0.7265625,0.4375,0.96875
755,752,-0.7265625,0.4375,0.96875
756,752,-0.7265625,0.4375,0.96875
757,752,-0.7265625,0.4375,0.96875
758,752,-0.7265625,0.4375,0.96875
759,752,-0.7265625,0.4375,0.96875
760,760,-0.7265625,0.4375,0.96875
761,760,-0.7265625,0.4375,0.96875
762,760,-0.7265625,0.4375,0.96875
763,760,-0.7265625,0.4375,0.96875
764,760,-0.7265625,0.4375,0.96875
765,760,-0.7265625,0.4375,0.96875
766,760,-0.7265625,0.4375,0.96875
767,760,-0.7265625,0.4375,0.96875
768,768,-0.7265625,0.4375,0.96875
769,768,-0.7265625,0.4375,0.96875
770,768,-0.7265625,0.4375,0.96875
771,768,-0.7265625,0.4375,0.96875
772,768,-0.7265625,0.4375,0.96875
773,768,-0.7265625,0.4375,0.96875
774,768,-0.7265625,0.4375,0.96875
775,768,-0.7265625,0.4375,0.96875
776,776,-0.7265625,0.4375,0.96875
777,776,-0.7265625,0.4375,0.96875
778,776,-0.7265625,0.4375,0.96875
779,776,-0.7265625,0.4375,0.96875
780,776,-0.7265625,0.4375,0.96875
781,776,-0.7265625,0.4375,0.96875
782,776,-0.7265625,0.4375,0.96875
783,776,-0.7265625,0.4375,0.96875
784,784,-0.7265625,0.4375,0.96875
785,784,-0.7265625,0.4375,0.96875
786,784,-0.7265625,0.4375,0.96875
787,784,-0.7265625,0.4375,0.96875
788,784,-0.7265625,0.4375,0.96875
789,784,-0.7265625,0.4375,0.96875
790,784,-0.7265625,0.4375,0.96875
791,784,-0.7265625,0.4375,0.96875
792,792,-0.7265625,0.4375,0.96875
793,792,-0.7265625,0.4375,0.96875
794,792,-0.7265625,0.4375,0.96875
795,792,-0.7265625,0.4375,0.96875
796,792,-0.7265625,0.4375,0.96875
797,792,-0.7265625,0.4375,0.96875
798,792,-0.7265625,0.4375,0.96875
799,792,-0.7265625,0.4375,0.96875
800,800,-0.7265625,0.4375,0.96875
801,800,-0.7265625,0.4375,0.96875
802,800,-0.7265625,0.4375,0.96875
803,800,-0.7265625,0.4375,0.96875
804,800,-0.7265625,0.4375,0.96875
805,800,-0.7265625,0.4375,0.96875
806,800,-0.7265625,0.4375,0.96875
807,800,-0.7265625,0.4375,0.96875
808,808,-0.7265625,0.4375,0.96875
809,808,-0.7265625,0.4375,0.96875
810,808,-0.7265625,0.4375,0.96875
811,808,-0.7265625,0.4375,0.96875
812,808,-0.7265625,0.4375,0.96875
813,808,-0.7265625,0.4375,0.96875
814,808,-0.7265625,0.4375,0.96875
815,808,-0.7265625,0.4375,0.96875
816,816,-0.7265625,0.4375,0.96875
817,816,-0.7265625,0.4375,0.96875
818,816,-0.7265625,0.4375,0.96875
819,816,-0.7265625,0.4375,0.96875
820,816,-0.7265625,0.4375,0.96875
821,816,-0.7265625,0.4375,0.96875
822,816,-0.7265625,0.4375,0.96875
823,816,-0.7265625,0.4375,0.96875
824,824,-0.7265625,0.4375,0.96875
825,824,-0.7265625,0.4375,0.96875
826,824,-0.7265625,0.4375,0.96875
827,824,-0.7265625,0.4375,0.96875
828,824,-0.7265625,0.4375,0.96875
829,824,-0.7265625,0.4375,0.96875
830,824,-0.7265625,0.4375,0.96875
831,824,-0.7265625,0.4375,0.96875
832,832,-0.7265625,0.4375,0.96875
833,832,-0.7265625,0.4375,0.96875
834,832,-0.7265625,0.4375,0.96875
835,832,-0.7265625,0.4375,0.96875
836,832,-0.7265625,0.4375,0.96875
837,832,-0.7265625,0.4375,0.96875
838,832,-0.7265625,0.4375,0.96875
839,832,-0.7265625,0.4375,0.96875
840,840,-0.7265625,0.4375,0.96875
841,840,-0.7265625,0.4375,0.96875
842,840,-0.7265625,0.4375,0.96875
843,840,-0.7265625,0.4375,0.96875
844,840,-0.7265625,0.4375,0.96875
845,840,-0.7265625,0.4375,0.96875
846,840,-0.7265625,0.4375,0.96875
847,840,-0.7265625,0.4375,0.96875
848,848,-0.7265625,0.4375,0.96875
849,848,-0.7265625,0.4375,0.96875
850,848,-0.7265625,0.4375,0.96875
851,848,-0.7265625,0.4375,0.96875
852,848,-0.7265625,0.4375,0.96875
853,848,-0.7265625,0.4375,0.96875
854,848,-0.7265625,0.4375,0.96875
855,848,-0.7265625,0.4375,0.96875
856,856,-0.7265625,0.4375,0.96875
857,856,-0.7265625,0.4375,0.96875
858,856,-0.7265625,0.4375,0.96875
859,856,-0.7265625,0.4375,0.96875
860,856,-0.7265625,0.4375,0.96875
861,856,-0.7265625,0.4375,0.96875
862,856,-0.7265625,0.4375,0.96875
863,856,-0.7265625,0.4375,0.96875
864,864,-0.7265625,0.4375,0.96875
865,864,-0.7265625,0.4375,0.96875
866,864,-0.7265625,0.4375,0.96875
867,864,-0.7265625,0.4375,0.96875
868,864,-0.7265625,0.4375,0.96875
869,864,-0.7265625,0.4375,0.96875
870,864,-0.7265625,0.4375,0.96875
871,864,-0.7265625,0.4375,0.96875
872,872,-0.7265625,0.4375,0.96875
873,872,-0.7265625,0.4375,0.96875
874,872,-0.7265625,0.4375,0.96875
875,872,-0.7265625,0.4375,0.96875
876,872,-0.7265625,0.4375,0.96875
877,872,-0.7265625,0.4375,0.96875
878,872,-0.7265625,0.4375,0.96875
879,872,-0.7265625,0.4375,0.96875
880,880,-0.7265625,0.4375,0.96875
881,880,-0.7265625,0.4375,0.96875
882,880,-0.7265625,0.4375,0.96875
883,880,-0.7265625,0.4375,0.96875
884,880,-0.7265625,0.4375,0.96875
885,880,-0.7265625,0.4375,0.96875
886,880,-0.7265625,0.4375,0.96875
887,880,-0.7265625,0.4375,0.96875
888,888,-0.7265625,0.4375,0.96875
889,888,-0.7265625,0.4375,0.96875
890,888,-0.7265625,0.4375,0.96875
891,888,-0.7265625,0.4375,0.96875
892,888,-0.7265625,0.4375,0.96875
893,888,-0.7265625,0.4375,0.96875
894,888,-0.7265625,0.4375,0.96875
895,888,-0.7265625,0.4375,0.96875
896,896,-0.7265625,0.4375,0.96875
897,896,-0.7265625,0.4375,0.96875
898,896,-0.7265625,0.4375,0.96875
899,896,-0.7265625,0.4375,0.96875
900,896,-0.7265625,0.4375,0.96875
901,896,-0.7265625,0.4375,0.96875
902,896,-0.7265625,0.4375,0.96875
903,896,-0.7265625,0.4375,0.96875
904,904,-0.7265625,0.4375,0.96875
905,904,-0.7265625,0.4375,0.96875
906,904,-0.7265625,0.4375,0.96875
907,904,-0.7265625,0.4375,0.96875
908,904,-0.7265625,0.4375,0.96875
909,904,-0.7265625,0.4375,0.96875
910,904,-0.7265625,0.4375,0.96875
911,904,-0.7265625,0.4375,0.96875
912,912,-0.7265625,0.4375,0.96875
913,912,-0.7265625,0.4375,0.96875
914,912,-0.7265625,0.4375,0.96875
915,912,-0.7265625,0.4375,0.96875
916,912,-0.7265625,0.4375,0.96875
917,912,-0.7265625,0.4375,0.96875
918,912,-0.7265625,0.4375,0.96875
919,912,-0.7265625,0.4375,0.96875
920,920,-0.7265625,0.4375,0.96875
921,920,-0.7265625,0.4375,0.96875
922,920,-0.7265625,0.4375,0.96875
923,920,-0.7265625,0.4375,0.96875
924,920,-0.7265625,0.4375,0.96875
925,920,-0.7265625,0.4375,0.96875
926,920,-0.7265625,0.4375,0.96875
927,920,-0.7265625,0.4375,0.96875
928,928,-0.7265625,0.4375,0.96875
929,928,-0.7265625,0.4375,0.96875
930,928,-0.7265625,0.4375,0.96875
931,928,-0.7265625,0.4375,0.96875
932,928,-0.7265625,0.4375,0.96875
933,928,-0.7265625,0.4375,0.96875
934,928,-0.7265625,0.4375,0.96875
935,928,-0.7265625,0.4375,0.96875
936,936,-0.7265625,0.4375,0.96875
937,936,-0.7265625,0.4375,0.96875
938,936,-0.7265625,0.4375,0.96875
939,936,-0.7265625,0.4375,0.96875
940,936,-0.7265625,0.4375,0.96875
941,936,-0.7265625,0.4375,0.96875
942,936,-0.7265625,0.4375,0.96875
943,936,-0.7265625,0.4375,0.96875
944,944,-0.7265625,0.4375,0.96875
945,944,-0.7265625,0.4375,0.96875
946,944,-0.7265625,0.4375,0.96875
947,944,-0.7265625,0.4375,0.96875
948,944,-0.7265625,0.4375,0.96875
949,944,-0.7265625,0.4375,0.96875
950,944,-0.7265625,0.4375,0.96875
951,944,-0.7265625,0.4375,0.96875
952,952,-0.7265625,0.4375,0.96875
953,952,-0.7265625,0.4375,0.96875
954,952,-0.7265625,0.4375,0.96875
955,952,-0.7265625,0.4375,0.96875
956,952,-0.7265625,0.4375,0.96875
957,952,-0.7265625,0.4375,0.96875
958,952,-0.7265625,0.4375,0.96875
959,952,-0.7265625,0.4375,0.96875
960,960,-0.7265625,0.4375,0.96875
961,960,-0.7265625,0.4375,0.96875
962,960,-0.7265625,0.4375,0.96875
963,960,-0.7265625,0.4375,0.96875
964,960,-0.7265625,0.4375,0.96875
965,960,-0.7265625,0.4375,0.96875
966,960,-0.7265625,0.4375,0.96875
967,960,-0.7265625,0.4375,0.96875
968,968,-0.7265625,0.4375,0.96875
969,968,-0.7265625,0.4375,0.96875
970,968,-0.7265625,0.4375,0.96875
971,968,-0.7265625,0.4375,0.96875
972,968,-0.7265625,0.4375,0.96875
973,968,-0.7265625,0.4375,0.96875
974,968,-0.7265625,0.4375,0.96875
975,968,-0.7265625,0.4375,0.96875
976,976,-0.7265625,0.4375,0.96875
977,976,-0.7265625,0.4375,0.96875
978,976,-0.7265625,0.4375,0.96875
979,976,-0.7265625,0.4375,0.96875
980,976,-0.7265625,0.4375,0.96875
981,976,-0.7265625,0.4375,0.96875
982,976,-0.7265625,0.4375,0.96875
983,976,-0.7265625,0.4375,0.96875
984,984,-0.7265625,0.4375,0.96875
985,984,-0.7265625,0.4375,0.96875
986,984,-0.7265625,0.4375,0.96875
987,984,-0.7265625,0.4375,0.96875
988,984,-0.7265625,0.4375,0.96875
989,984,-0.7265625,0.4375,0.96875
990,984,-0.7265625,0.4375,0.96875
991,984,-0.7265625,0.4375,0.96875
992,992,-0.7265625,0.4375,0.96875
993,992,-0.7265625,0.4375,0.96875
994,992,-0.7265625,0.4375,0.96875
995,992,-0.7265625,0.4375,0.96875
996,992,-0.7265625,0.4375,0.96875
997,992,-0.7265625,0.4375,0.96875
998,992,-0.7265625,0.4375,0.96875
999,992,-0.7265625,0.4375,0.96875
1000,1000,-0.7265625,0.4375,0.96875
1001,1000,-0.7265625,0.4375,0.96875
1002,1000,-0.7265625,0.4375,0.96875
1003,1000,-0.7265625,0.4375,0.96875
1004,1000,-0.7265625,0.4375,0.96875
1005,1000,-0.7265625,0.4375,0.96875
1006,1000,-0.7265625,0.4375,0.96875
1007,1000,-0.7265625,0.4375,0.96875
1008,1008,-0.7265625,0.4375,0.96875
1009,1008,-0.7265625,0.4375,0.96875
1010,1008,-0.7265625,0.4375,0.96875
1011,1008,-0.7265625,0.4375,0.96875
1012,1008,-0.7265625,0.4375,0.96875
1013,1008,-0.7265625,0.4375,0.96875
1014,1008,-0.7265625,0.4375,0.96875
1015,1008,-0.7265625,0.4375,0.96875
1016,1016,-0.7265625,0.4375,0.96875
1017,1016,-0.7265625,0.4375,0.96875
1018,1016,-0.7265625,0.4375,0.96875
1019,1016,-0.7265625,0.4375,0.96875
1020,1016,-0.7265625,0.4375,0.96875
1021,1016,-0.7265625,0.4375,0.96875
1022,1016,-0.7265625,0.4375,0.96875
1023,1016,-0.7265625,0.4375,0.96875
1024,1024,-0.7265625,0.4375,0.96875
1025,1024,-0.7265625,0.4375,0.96875
1026,1024,-0.7265625,0.4375,0.96875
1027,1024,-0.7265625,0.4375,0.96875
1028,1024,-0.7265625,0.4375,0.96875
1029,1024,-0.7265625,0.4375,0.96875
1030,1024,-0.7265625,0.4375,0.96875
1031,1024,-0.7265625,0.4375,0.96875
1032,1032,-0.7265625,0.4375,0.96875
1033,1032,-0.7265625,0.4375,0.96875
1034,1032,-0.7265625,0.4375,0.96875
1035,1032,-0.7265625,0.4375,0.96875
1036,1032,-0.7265625,0.4375,0.96875
1037,1032,-0.7265625,0.4375,0.96875
1038,1032,-0.7265625,0.4375,0.96875
1039,1032,-0.7265625,0.4375,0.96875
1040,1040,-0.7265625,0.4375,0.96875
1041,1040,-0.7265625,0.4375,0.96875
1042,1040,-0.7265625,0.4375,0.96875
1043,1040,-0.7265625,0.4375,0.96875
1044,1040,-0.7265625,0.4375,0.96875
1045,1040,-0.7265625,0.4375,0.96875
1046,1040,-0.7265625,0.4375,0.96875
1047,1040,-0.7265625,0.4375,0.96875
1048,1048,-0.7265625,0.4375,0.96875
1049,1048,-0.7265625,0.4375,0.96875
1050,1048,-0.7265625,0.4375,0.96875
1051,1048,-0.7265625,0.4375,0.96875
1052,1048,-0.7265625,0.4375,0.96875
1053,1048,-0.7265625,0.4375,0.96875
1054,1048,-0.7265625,0.4375,0.96875
1055,1048,-0.7265625,0.4375,0.96875
1056,1056,-0.7265625,0.4375,0.96875
1057,1056,-0.7265625,0.4375,0.96875
1058,1056,-0.7265625,0.4375,0.96875
1059,1056,-0.7265625,0.4375,0.96875
1060,1056,-0.7265625,0.4375,0.96875
1061,1056,-0.7265625,0.4375,0.96875
1062,1056,-0.7265625,0.4375,0.96875
1063,1056,-0.7265625,0.4375,0.96875
1064,1064,-0.7265625,0.4375,0.96875
1065,1064,-0.7265625,0.4375,0.96875
1066,1064,-0.7265625,0.4375,0.96875
1067,1064,-0.7265625,0.4375,0.96875
1068,1064,-0.7265625,0.4375,0.96875
1069,1064,-0.7265625,0.4375,0.96875
1070,1064,-0.7265625,0.4375,0.96875
1071,1064,-0.7265625,0.4375,0.96875
1072,1072,-0.7265625,0.4375,0.96875
1073,1072,-0.7265625,0.4375,0.96875
1074,1072,-0.7265625,0.4375,0.96875
1075,1072,-0.7265625,0.4375,0.96875
1076,1072,-0.7265625,0.4375,0.96875
1077,1072,-0.7265625,0.4375,0.96875
1078,1072,-0.7265625,0.4375,0.96875
1079,1072,-0.7265625,0.4375,0.96875
1080,1080,-0.7265625,0.4375,0.96875
1081,1080,-0.7265625,0.4375,0.96875
1082,1080,-0.7265625,0.4375,0.96875
1083,1080,-0.7265625,0.4375,0.96875
1084,1080,-0.7265625,0.4375,0.96875
1085,1080,-0.7265625,0.4375,0.96875
1086,1080,-0.7265625,0.4375,0.96875
1087,1080,-0.7265625,0.4375,0.96875
1088,1088,-0.7265625,0.4375,0.96875
1089,1088,-0.7265625,0.4375,0.96875
1090,1088,-0.7265625,0.4375,0.96875
1091,1088,-0.7265625,0.4375,0.96875
1092,1088,-0.7265625,0.4375,0.96875
1093,1088,0.375,-1.65625,-1.078125
1094,1088,4.15625,0.359375,0.484375
1095,1088,-0.109375,-1.65625,-3.296875
1096,1096,-0.09375,-1.3125,-1.484375
1097,1096,1.984375,-0.59375,-0.328125
1098,1096,0.453125,-1.609375,-1.265625
1099,1096,1.359375,-1.203125,0.078125
1100,1096,0.5859375,-2.9765625,-3.484375
1101,1096,2.15625,-1.4375,-0.546875
1102,1096,1.796875,-0.734375,-2.140625
1103,1096,3.671875,-1.1875,0.265625
1104,1104,0.6015625,-1.84375,-2.15625
1105,1104,1.5,-2.265625,-1.359375
1106,1104,-0.265625,-2.09375,-2.15625
1107,1104,2.1953125,0.734375,-0.3125
1108,1104,2.765625,-0.71875,-1.1875
1109,1104,0.2734375,-1.21875,-0.625
1110,1104,0.78125,-2.0078125,-1.296875
1111,1104,1.953125,-0.78125,-0.8125
1112,1112,5.9921875,0.421875,0.078125
1113,1112,2.7109375,-0.8125,-1.109375
1114,1112,1.5390625,-0.875,-1.171875
1115,1112,5.6875,0.203125,-1.046875
1116,1112,2.703125,-0.9375,-1.296875
1117,1112,1.6484375,-0.703125,-0.578125
1118,1112,0.265625,-0.84375,-1.6875
1119,1112,2.4609375,-0.140625,0.34375
1120,1120,0.828125,-0.28125,-0.3125
1121,1120,0.8359375,0.125,-0.078125
1122,1120,-0.0625,-1.34375,-1.578125
1123,1120,2.046875,-1.03125,-0.375
1124,1120,0.84375,-1.546875,-1.203125
1125,1120,-0.140625,-1.25,-0.5625
1126,1120,1.0546875,-1.8046875,-0.796875
1127,1120,2.421875,0.109375,-0.0625
1128,1128,0.1484375,-1.859375,-2.46875
1129,1128,3.796875,0.671875,2.5
1130,1128,2.9765625,0.328125,0.640625
1131,1128,5.9296875,2.2578125,4.28125
1132,1128,1.7109375,-0.578125,-0.796875
1133,1128,0.828125,-2.421875,-3.09375
1134,1128,2.171875,-0.203125,0.65625
1135,1128,3.53125,0.421875,0.921875
1136,1136,2.828125,-1.625,-1.1875
1137,1136,1.140625,-1.234375,-1.171875
1138,1136,1.2734375,-0.171875,-0.03125
1139,1136,0.390625,-3.4609375,-4.28125
1140,1136,0.28125,-1.71875,-1.9375
1141,1136,0.265625,-1.890625,-2.9375
1142,1136,7.4765625,1.5625,1.40625
1143,1136,3.90625,-1.703125,-0.328125
1144,1144,2.734375,-0.921875,-0.953125
1145,1144,1.8671875,-1.171875,-0.859375
1146,1144,3.0625,0.46875,0.03125
1147,1144,0.0546875,-1.546875,-0.546875
1148,1144,2.4921875,-0.859375,-0.328125
1149,1144,0.078125,-0.78125,-0.015625
1150,1144,2.3125,0.34375,-0.140625
1151,1144,1.4296875,-1.234375,-0.203125
1152,1152,0.8671875,-2.125,-3.21875
1153,1152,1.4921875,-1.140625,0.125
1154,1152,1.984375,-0.28125,-0.1875
1155,1152,1.4453125,-1.59375,-1.84375
1156,1152,1.0859375,0.3125,0.546875
1157,1152,2.703125,-0.5,-0.75
1158,1152,3.15625,1.078125,1.84375
1159,1152,0.71875,-0.359375,-0.40625
1160,1160,0.1328125,-1.78125,-2.078125
1161,1160,2.2890625,-0.390625,0.375
1162,1160,0.9765625,-0.828125,-0.78125
1163,1160,0.3203125,-1.28125,-1.046875
1164,1160,1.84375,-1.71875,-0.59375
1165,1160,0.40625,-1.59375,-0.875
1166,1160,1.3203125,-1.1875,-2.28125
1167,1160,6.234375,1.3671875,1.4375
1168,1168,0.9921875,-2.15625,-0.796875
1169,1168,0.6015625,-2.0,-0.921875
1170,1168,1.5234375,-0.6875,-1.96875
1171,1168,-0.171875,-1.15625,-1.828125
1172,1168,0.1015625,-2.203125,-3.1875
1173,1168,1.6640625,-1.234375,-0.5625
1174,1168,1.4765625,-1.65625,-0.078125
1175,1168,-0.40625,-1.25,-2.0625
1176,1176,0.3203125,-2.1015625,-1.265625
1177,1176,0.6015625,-1.1875,-0.40625
1178,1176,1.1484375,-1.078125,-0.8125
1179,1176,2.8828125,-0.484375,-0.765625
1180,1176,2.6640625,-0.515625,-0.890625
1181,1176,2.0703125,-1.1875,-0.1875
1182,1176,1.6015625,-1.453125,-1.6875
1183,1176,0.5,-1.140625,-2.609375
1184,1184,-0.1796875,-0.828125,-1.140625
1185,1184,0.859375,-0.90625,-0.078125
1186,1184,0.53125,-1.328125,-0.875
1187,1184,0.8671875,-2.515625,-3.296875
1188,1184,1.9765625,-0.796875,0.125
1189,1184,1.703125,-1.515625,-1.1875
1190,1184,5.4921875,0.625,0.984375
1191,1184,1.9609375,-0.875,-0.3125
1192,1192,2.03125,-0.28125,-0.5
1193,1192,2.734375,-0.4375,0.34375
1194,1192,0.5234375,-1.828125,-1.71875
1195,1192,0.4609375,-1.5,-2.578125
1196,1192,0.4765625,-1.21875,-1.0625
1197,1192,0.71875,-1.828125,-1.390625
1198,1192,12.890625,1.90625,1.578125
1199,1192,2.453125,-1.671875,-0.53125
1200,1200,0.4296875,-1.484375,-1.859375
1201,1200,0.8125,-0.828125,-0.265625
1202,1200,0.8125,-0.515625,0.265625
1203,1200,1.515625,-0.390625,-0.421875
1204,1200,1.3046875,-2.171875,-1.78125
1205,1200,1.5703125,-1.375,-2.203125
1206,1200,2.015625,0.5625,0.390625
1207,1200,1.53125,-1.21875,-1.234375
1208,1208,2.703125,-0.46875,-0.703125
1209,1208,1.171875,-1.5390625,-0.953125
1210,1208,0.703125,-1.65625,-1.734375
1211,1208,1.34375,-1.390625,-2.6875
1212,1208,2.46875,-0.34375,-0.53125
1213,1208,1.4921875,-1.7578125,-1.25
1214,1208,1.046875,0.34375,-0.40625
1215,1208,1.984375,-1.109375,0.09375
1216,1216,0.1640625,-2.140625,-2.875
1217,1216,0.28125,-1.265625,-2.25
1218,1216,-0.609375,-1.265625,-2.125
1219,1216,-0.1328125,-0.359375,-1.109375
1220,1216,2.765625,0.34375,0.1875
1221,1216,2.8046875,-0.5625,1.453125
1222,1216,2.0,-1.5546875,-0.453125
1223,1216,1.15625,-1.5078125,0.25
1224,1224,1.2421875,-1.1875,-1.21875
1225,1224,2.8984375,0.59375,-0.34375
1226,1224,2.515625,-0.5625,-0.125
1227,1224,3.0390625,0.078125,0.3125
1228,1224,-0.046875,-1.625,-1.53125
1229,1224,2.28125,0.296875,-1.09375
1230,1224,2.375,-0.65625,-1.046875
1231,1224,5.0078125,0.203125,0.59375
1232,1232,4.6328125,1.234375,1.34375
1233,1232,1.7265625,-0.4375,-0.421875
1234,1232,1.46875,-2.234375,-1.96875
1235,1232,1.8046875,-0.75,-0.953125
1236,1232,3.3671875,0.453125,-0.25
1237,1232,1.25,-0.28125,0.140625
1238,1232,3.5234375,-0.234375,0.296875
1239,1232,2.046875,-0.265625,-0.734375
1240,1240,1.1640625,-0.46875,-0.578125
1241,1240,0.2265625,-1.1875,-1.75
1242,1240,0.4296875,-0.65625,-0.15625
1243,1240,5.140625,1.359375,1.265625
1244,1240,0.75,-2.90625,-3.140625
1245,1240,4.015625,1.578125,0.453125
1246,1240,1.109375,-2.265625,-1.75
1247,1240,0.71875,-1.25,-2.375
1248,1248,0.6328125,-1.296875,-1.859375
1249,1248,2.25,0.671875,0.140625
1250,1248,2.2734375,-0.4375,-0.609375
1251,1248,1.6484375,-1.484375,-0.078125
1252,1248,1.4140625,0.1875,0.71875
1253,1248,1.125,-1.6875,-1.640625
1254,1248,3.125,-0.453125,-0.40625
1255,1248,2.2421875,0.359375,0.078125
1256,1256,-1.1015625,-2.25,-2.875
1257,1256,2.796875,-0.453125,-0.078125
1258,1256,2.2421875,-1.28125,0.5625
1259,1256,3.609375,0.390625,0.546875
1260,1256,0.1171875,-2.453125,-3.34375
1261,1256,0.3203125,-2.2109375,-2.796875
1262,1256,0.6953125,-0.953125,0.1875
1263,1256,3.2265625,-0.9375,0.296875
1264,1264,2.8125,-0.375,0.125
1265,1264,0.703125,-2.046875,-3.46875
1266,1264,-0.0390625,-1.953125,-1.84375
1267,1264,1.8046875,0.203125,-1.5625
1268,1264,-0.40625,-2.234375,-2.09375
1269,1264,0.6015625,-2.65625,-4.6875
1270,1264,0.3125,-2.390625,-3.0
1271,1264,1.765625,-1.34375,-0.578125
1272,1272,1.4609375,-0.765625,-1.40625
1273,1272,2.046875,0.1875,0.015625
1274,1272,0.7265625,-0.875,-1.21875
1275,1272,1.421875,-2.5546875,-3.40625
1276,1272,1.375,-1.6640625,-0.375
1277,1272,0.6015625,0.46875,-0.03125
1278,1272,0.4140625,-1.21875,-0.453125
1279,1272,5.484375,0.4375,0.3125
1280,1280,2.8515625,-1.46875,-0.296875
1281,1280,2.265625,0.890625,0.984375
1282,1280,1.546875,-1.40625,1.453125
1283,1280,1.21875,-2.2109375,-2.8125
1284,1280,0.0703125,-1.171875,-0.53125
1285,1280,0.9375,-1.765625,-1.625
1286,1280,3.015625,-0.9375,0.3125
1287,1280,-0.7109375,-0.9375,0.0625
1288,1288,1.640625,-0.03125,-0.5
1289,1288,0.1484375,-1.6015625,-1.875
1290,1288,3.7109375,1.015625,0.96875
1291,1288,3.5,0.609375,0.859375
1292,1288,2.5546875,0.125,-0.1875
1293,1288,1.296875,-1.953125,-2.5625
1294,1288,4.6796875,-0.453125,0.609375
1295,1288,0.515625,-1.296875,-1.921875
1296,1296,0.65625,-1.515625,-2.484375
1297,1296,1.71875,0.265625,0.421875
1298,1296,0.9296875,-1.296875,-0.265625
1299,1296,1.46875,-0.90625,-1.5
1300,1296,0.0390625,-1.484375,-1.9375
1301,1296,0.1484375,-0.765625,-0.3125
1302,1296,4.6875,0.078125,0.71875
1303,1296,2.8046875,-0.125,-0.421875
1304,1304,1.203125,-2.21875,-2.734375
1305,1304,0.2421875,-1.46875,-0.421875
1306,1304,1.25,-1.28125,-0.46875
1307,1304,0.359375,-1.890625,-3.40625
1308,1304,0.7734375,-1.84375,-0.9375
1309,1304,2.96875,0.828125,0.859375
1310,1304,2.5859375,1.015625,0.75
1311,1304,2.2421875,0.28125,0.078125
1312,1312,0.390625,-3.1484375,-4.21875
1313,1312,0.1640625,-2.34375,-2.703125
1314,1312,1.078125,-3.203125,-2.21875
1315,1312,0.4140625,-0.9375,-0.78125
1316,1312,0.328125,-1.625,-2.078125
1317,1312,0.90625,-1.578125,-1.90625
1318,1312,2.921875,0.140625,-0.34375
1319,1312,0.9453125,-2.265625,-2.84375
1320,1320,1.46875,-1.765625,-0.9375
1321,1320,0.8359375,0.09375,-0.1875
1322,1320,0.453125,-1.40625,-1.828125
1323,1320,0.984375,-0.421875,0.359375
1324,1320,8.2109375,1.1875,1.015625
1325,1320,1.828125,-0.8125,-1.71875
1326,1320,3.796875,0.1875,0.734375
1327,1320,1.1484375,-2.453125,-2.515625
1328,1328,0.1484375,-2.234375,-2.5
1329,1328,1.9453125,-1.21875,-1.09375
1330,1328,2.6953125,-1.03125,-0.515625
1331,1328,-0.109375,-1.1875,-1.703125
1332,1328,0.7890625,-1.734375,-2.9375
1333,1328,1.4375,0.078125,-0.203125
1334,1328,0.515625,-2.8203125,-3.328125
1335,1328,1.6015625,-1.5,-0.765625
1336,1336,0.1640625,-1.84375,-2.875
1337,1336,0.3671875,-0.34375,-1.4375
1338,1336,1.65625,-0.203125,-0.890625
1339,1336,3.6328125,0.09375,0.734375
1340,1336,0.7890625,-1.75,-1.78125
1341,1336,2.5078125,-0.390625,-0.125
1342,1336,1.015625,-1.2421875,-1.671875
1343,1336,1.765625,-1.328125,-1.328125
1344,1344,3.515625,0.359375,0.359375
1345,1344,1.046875,-0.765625,-1.125
1346,1344,2.5390625,0.5,0.0625
1347,1344,-1.75,-2.2421875,-3.890625
1348,1344,0.625,-2.5625,-1.984375
1349,1344,1.578125,-0.8125,-0.25
1350,1344,2.1484375,-1.15625,-2.171875
1351,1344,1.9140625,0.8359375,0.8125
1352,1352,2.0703125,0.671875,0.46875
1353,1352,0.4140625,-1.375,-2.609375
1354,1352,1.6875,0.140625,-0.359375
1355,1352,4.7265625,-0.328125,0.953125
1356,1352,2.796875,0.359375,0.359375
1357,1352,0.3203125,-0.625,-1.453125
1358,1352,3.546875,-0.40625,0.859375
1359,1352,0.3828125,-2.34375,-0.75
1360,1360,4.8515625,-0.078125,0.34375
1361,1360,0.421875,-2.15625,-1.234375
1362,1360,6.5078125,0.8125,0.046875
1363,1360,0.2734375,-2.0,-1.171875
1364,1360,-0.09375,-3.3515625,-3.8125
1365,1360,1.4296875,-1.40625,-2.203125
1366,1360,4.140625,0.515625,1.09375
1367,1360,-0.2109375,-1.515625,-2.609375
1368,1368,1.3359375,-0.453125,-0.34375
1369,1368,2.59375,-1.515625,-0.53125
1370,1368,3.921875,0.03125,0.640625
1371,1368,1.265625,-0.65625,-0.03125
1372,1368,0.328125,-2.6484375,-1.796875
1373,1368,3.015625,0.234375,0.0
1374,1368,0.7109375,-0.875,-0.984375
1375,1368,2.859375,0.484375,0.25
1376,1376,-0.359375,-1.515625,-1.484375
1377,1376,0.21875,-1.375,-1.984375
1378,1376,0.0078125,-2.9140625,-1.671875
1379,1376,1.71875,-0.078125,0.109375
1380,1376,1.3046875,-3.3203125,-2.09375
1381,1376,3.1015625,0.640625,1.0
1382,1376,0.609375,-0.921875,-0.234375
1383,1376,1.890625,-1.03125,-0.25
1384,1384,3.1796875,0.71875,0.34375
1385,1384,1.2890625,-0.75,-1.84375
1386,1384,2.5546875,-0.46875,-0.265625
1387,1384,0.21875,-1.484375,-1.375
1388,1384,1.5703125,-0.140625,-0.125
1389,1384,2.28125,-1.21875,0.609375
1390,1384,5.34375,1.9296875,1.125
1391,1384,5.6640625,1.875,3.328125
1392,1392,-0.2578125,-2.1328125,-1.875
1393,1392,1.234375,-2.3828125,-0.40625
1394,1392,1.3125,-1.171875,-1.046875
1395,1392,0.703125,-1.7890625,-1.5
1396,1392,4.1640625,0.75,0.34375
1397,1392,1.4296875,-0.15625,0.515625
1398,1392,1.359375,-1.90625,-1.828125
1399,1392,0.8046875,-1.15625,-0.5625
1400,1400,2.421875,-0.171875,0.71875
1401,1400,0.078125,-1.3203125,-1.53125
1402,1400,1.9296875,-1.3828125,-2.0625
1403,1400,0.296875,-2.3046875,-1.828125
1404,1400,4.6171875,0.875,1.046875
1405,1400,4.03125,0.390625,0.640625
1406,1400,1.0546875,-1.109375,-1.359375
1407,1400,0.546875,-0.671875,-0.4375
1408,1408,2.5859375,0.015625,0.0
1409,1408,0.71875,-0.890625,-1.953125
1410,1408,2.1171875,-0.8046875,-1.4375
1411,1408,3.4296875,0.03125,1.34375
1412,1408,1.4921875,-0.890625,-0.140625
1413,1408,-0.15625,-1.625,-1.90625
1414,1408,0.53125,-1.84375,-1.3125
1415,1408,2.296875,-1.375,-0.28125
1416,1416,2.453125,-0.796875,0.0625
1417,1416,0.75,-2.234375,-2.765625
1418,1416,0.375,-1.59375,-1.640625
1419,1416,2.984375,0.453125,0.125
1420,1416,1.734375,-1.09375,0.15625
1421,1416,1.21875,-0.265625,-1.1875
1422,1416,0.5859375,-3.125,-2.109375
1423,1416,1.140625,-0.796875,-0.296875
1424,1424,2.4453125,0.515625,0.265625
1425,1424,2.2890625,-1.125,-0.1875
1426,1424,2.3125,-1.28125,-1.53125
1427,1424,3.1796875,0.59375,0.640625
1428,1424,2.6484375,-0.765625,-0.859375
1429,1424,3.765625,1.078125,1.125
1430,1424,1.0078125,-0.828125,-0.6875
1431,1424,2.265625,0.0,-0.015625
1432,1432,3.125,-0.453125,0.578125
1433,1432,0.3828125,-0.34375,-0.015625
1434,1432,1.90625,-0.625,-1.875
1435,1432,4.1015625,-0.765625,-1.21875
1436,1432,2.109375,-0.4375,-0.03125
1437,1432,0.8515625,-0.765625,-0.640625
1438,1432,1.7890625,-0.828125,-0.296875
1439,1432,1.015625,-2.53125,-2.984375
1440,1440,2.015625,-0.65625,0.515625
1441,1440,5.8125,1.28125,1.3125
1442,1440,3.078125,1.828125,1.25
1443,1440,2.828125,1.40625,0.734375
1444,1440,3.0078125,0.46875,-0.609375
1445,1440,3.453125,0.015625,-0.390625
1446,1440,3.265625,1.515625,0.25
1447,1440,11.21875,3.453125,4.578125
1448,1448,12.4921875,1.8984375,2.28125
1449,1448,7.0625,0.0625,1.71875
1450,1448,0.515625,-2.640625,-2.984375
1451,1448,1.375,1.125,0.96875
1452,1448,2.40625,-0.390625,-0.03125
1453,1448,1.3203125,-2.0625,-3.5
1454,1448,0.3515625,-2.421875,-2.828125
1455,1448,1.6015625,-0.328125,-0.328125
1456,1456,2.875,-1.21875,-0.828125
1457,1456,2.390625,-0.40625,-1.359375
1458,1456,4.7421875,1.0,0.125
1459,1456,3.578125,0.921875,0.796875
1460,1456,4.109375,0.078125,1.03125
1461,1456,8.1015625,2.0859375,1.1875
1462,1456,4.8515625,1.609375,1.203125
1463,1456,8.34375,1.171875,1.75
1464,1464,5.5234375,1.84375,2.171875
1465,1464,2.515625,0.875,0.890625
1466,1464,2.96875,-0.390625,-0.375
1467,1464,3.7890625,0.109375,0.296875
1468,1464,2.859375,0.453125,0.375
1469,1464,2.109375,0.828125,0.765625
1470,1464,5.0625,1.34375,0.5
1471,1464,1.2734375,1.125,-0.921875
1472,1472,3.9140625,0.296875,0.828125
1473,1472,4.859375,1.5078125,1.375
1474,1472,5.234375,1.796875,1.0
1475,1472,4.140625,1.640625,0.96875
1476,1472,2.53125,-0.125,0.15625
1477,1472,1.9453125,1.015625,0.03125
1478,1472,4.15625,0.90625,-0.3125
1479,1472,2.9296875,1.203125,0.84375
1480,1480,2.2265625,-1.0625,-1.6875
1481,1480,4.6953125,1.671875,0.53125
1482,1480,5.3125,1.0625,1.046875
1483,1480,0.8046875,0.265625,0.296875
1484,1480,3.5078125,0.671875,-0.34375
1485,1480,2.859375,0.625,0.46875
1486,1480,2.6640625,-0.359375,0.375
1487,1480,3.75,0.671875,0.875
1488,1488,9.3359375,1.9921875,5.53125
1489,1488,3.6171875,-0.21875,-1.109375
1490,1488,2.1484375,-0.0625,-1.265625
1491,1488,2.265625,0.15625,1.078125
1492,1488,3.2890625,1.46875,-0.546875
1493,1488,4.828125,0.5625,1.53125
1494,1488,1.5625,-1.203125,-2.34375
1495,1488,6.046875,1.140625,1.96875
1496,1496,2.8203125,1.109375,1.6875
1497,1496,2.3984375,1.484375,1.109375
1498,1496,1.6171875,-0.265625,-0.796875
1499,1496,4.484375,1.875,2.875
1500,1496,7.5234375,1.203125,0.375
1501,1496,7.578125,1.203125,1.875
1502,1496,0.203125,-2.234375,-3.28125
1503,1496,4.6953125,1.34375,4.15625
1504,1504,8.3671875,2.1171875,2.078125
1505,1504,2.5,0.390625,0.328125
1506,1504,3.25,1.484375,1.6875
1507,1504,2.078125,-0.28125,-1.015625
1508,1504,4.8359375,1.234375,1.375
1509,1504,2.1640625,0.921875,1.046875
1510,1504,6.2421875,0.703125,1.28125
1511,1504,2.53125,0.828125,1.359375
1512,1512,2.234375,0.046875,-0.0625
1513,1512,0.59375,-1.75,-2.578125
1514,1512,4.1484375,1.734375,0.640625
1515,1512,3.75,1.09375,1.84375
1516,1512,6.953125,-0.703125,1.453125
1517,1512,7.1953125,1.3984375,1.703125
1518,1512,2.5859375,0.921875,0.578125
1519,1512,1.4296875,-0.703125,0.109375
1520,1520,8.8515625,2.6484375,2.484375
1521,1520,2.7734375,0.953125,-0.0625
1522,1520,6.5078125,1.75,2.625
1523,1520,5.0,0.765625,1.171875
1524,1520,2.3046875,0.953125,-0.109375
1525,1520,0.9140625,-0.484375,-0.75
1526,1520,5.21875,0.8125,1.828125
1527,1520,0.625,0.015625,0.390625
1528,1528,0.2890625,0.046875,-1.015625
1529,1528,10.125,1.203125,0.34375
1530,1528,2.2734375,0.453125,-0.078125
1531,1528,4.1953125,0.609375,1.0625
1532,1528,1.3828125,-0.21875,0.265625
1533,1528,0.9765625,0.09375,0.921875
1534,1528,6.2421875,0.875,0.578125
1535,1528,1.2578125,-0.84375,-0.734375
1536,1536,3.921875,1.0,0.6875
1537,1536,4.6328125,0.328125,1.515625
1538,1536,5.53125,0.703125,1.15625
1539,1536,10.0859375,2.609375,1.453125
1540,1536,6.171875,1.96875,2.25
1541,1536,2.453125,0.546875,0.375
1542,1536,5.1953125,-0.109375,0.765625
1543,1536,6.5078125,1.28125,0.765625
1544,1544,2.9296875,0.4375,0.671875
1545,1544,1.2734375,-0.171875,-0.171875
1546,1544,5.484375,1.515625,1.625
1547,1544,2.0859375,0.828125,0.84375
1548,1544,0.1484375,-1.921875,-1.453125
1549,1544,8.265625,0.609375,0.703125
1550,1544,3.8671875,0.65625,0.984375
1551,1544,4.8515625,1.078125,2.25
1552,1552,1.640625,-0.0625,0.03125
1553,1552,5.0234375,0.3125,0.234375
1554,1552,8.0390625,0.15625,0.46875
1555,1552,1.328125,-0.25,0.625
1556,1552,6.484375,2.40625,1.703125
1557,1552,3.140625,-0.484375,-1.1875
1558,1552,2.625,-0.671875,-1.09375
1559,1552,2.9453125,0.015625,-0.703125
1560,1560,1.6640625,-0.46875,0.671875
1561,1560,3.3828125,0.328125,1.15625
1562,1560,4.234375,0.671875,0.328125
1563,1560,4.1171875,1.578125,0.953125
1564,1560,9.3125,1.203125,4.75
1565,1560,1.3515625,-1.171875,0.46875
1566,1560,6.2578125,0.9375,1.515625
1567,1560,5.53125,1.03125,0.78125
1568,1568,4.015625,0.421875,-0.1875
1569,1568,3.1484375,-0.125,-0.359375
1570,1568,2.6640625,0.171875,-0.28125
1571,1568,6.0546875,1.421875,1.34375
1572,1568,3.1171875,0.5625,-0.296875
1573,1568,0.9140625,-0.625,-0.609375
1574,1568,2.4609375,-0.6875,-0.1875
1575,1568,0.5625,-1.5625,-0.703125
1576,1576,2.4609375,-0.15625,-0.109375
1577,1576,0.046875,-1.296875,-0.21875
1578,1576,1.765625,1.65625,1.296875
1579,1576,3.2421875,0.53125,0.6875
1580,1576,1.3984375,0.015625,-0.59375
1581,1576,4.6171875,2.21875,2.265625
1582,1576,2.546875,0.203125,0.109375
1583,1576,0.9609375,-1.453125,-0.875
1584,1584,8.0078125,1.453125,2.234375
1585,1584,9.4765625,1.125,2.78125
1586,1584,2.8515625,1.046875,0.703125
1587,1584,3.8828125,0.28125,-0.015625
1588,1584,2.203125,0.671875,0.34375
1589,1584,9.6875,1.6328125,2.578125
1590,1584,5.3203125,-0.515625,-0.109375
1591,1584,3.09375,0.59375,0.359375
1592,1592,2.6953125,1.25,-0.09375
1593,1592,0.578125,-1.34375,-2.171875
1594,1592,2.2734375,0.1875,-0.75
1595,1592,1.875,0.40625,2.109375
1596,1592,2.390625,0.234375,-0.015625
1597,1592,3.390625,1.65625,1.15625
1598,1592,8.1015625,1.6640625,2.765625
1599,1592,1.1875,-0.078125,-0.453125
1600,1600,0.4609375,-1.46875,-2.609375
1601,1600,10.15625,1.765625,1.671875
1602,1600,2.5234375,0.75,-0.46875
1603,1600,11.0859375,2.765625,4.046875
1604,1600,3.171875,0.828125,0.140625
1605,1600,1.71875,0.203125,0.25
1606,1600,7.7265625,1.484375,1.171875
1607,1600,6.3125,0.84375,0.625
1608,1608,1.3671875,-0.5625,-0.6875
1609,1608,3.078125,0.765625,0.125
1610,1608,6.0703125,2.6875,1.0625
1611,1608,2.1328125,1.703125,0.75
1612,1608,6.703125,1.296875,1.125
1613,1608,3.71875,1.59375,1.53125
1614,1608,3.5625,1.15625,0.6875
1615,1608,10.03125,2.0625,2.4375
1616,1616,1.65625,-0.125,-0.78125
1617,1616,4.1953125,1.484375,2.578125
1618,1616,4.1171875,0.609375,-0.71875
1619,1616,1.3984375,0.078125,0.34375
1620,1616,4.5390625,0.25,0.484375
1621,1616,1.3203125,-0.40625,-1.625
1622,1616,5.1796875,1.390625,1.28125
1623,1616,1.703125,-0.359375,-1.09375
1624,1624,0.4921875,-1.46875,-0.640625
1625,1624,1.6015625,-0.640625,-0.34375
1626,1624,6.65625,1.203125,0.90625
1627,1624,2.890625,-0.15625,-1.703125
1628,1624,4.5078125,1.03125,0.75
1629,1624,8.171875,1.1875,1.0
1630,1624,6.265625,0.890625,1.421875
1631,1624,1.90625,2.1484375,2.0
1632,1632,0.25,-0.921875,-0.40625
1633,1632,2.5390625,0.515625,0.0
1634,1632,3.984375,0.96875,0.859375
1635,1632,11.0625,1.296875,1.015625
1636,1632,4.7265625,1.5,1.96875
1637,1632,8.0390625,1.265625,2.25
1638,1632,5.3125,2.703125,1.6875
1639,1632,1.921875,0.921875,-0.15625
1640,1640,8.75,1.703125,1.4375
1641,1640,4.6171875,1.1875,0.6875
1642,1640,4.6328125,1.03125,0.875
1643,1640,1.5,-0.484375,0.234375
1644,1640,5.203125,0.078125,1.96875
1645,1640,8.40625,1.4140625,2.203125
1646,1640,5.390625,1.90625,0.21875
1647,1640,2.859375,0.203125,0.421875
1648,1648,5.921875,2.125,2.03125
1649,1648,2.21875,-0.25,-0.390625
1650,1648,0.8828125,0.59375,0.40625
1651,1648,8.953125,1.0,1.65625
1652,1648,5.90625,0.84375,2.984375
1653,1648,3.015625,1.2421875,1.0625
1654,1648,5.609375,0.484375,1.375
1655,1648,4.1875,1.0625,-0.296875
1656,1656,3.7890625,-0.25,0.421875
1657,1656,2.3515625,-0.765625,-0.734375
1658,1656,4.34375,0.125,0.828125
1659,1656,9.1875,1.6875,3.34375
1660,1656,2.9453125,-0.03125,-0.125
1661,1656,1.984375,0.484375,0.34375
1662,1656,4.375,1.765625,0.796875
1663,1656,6.140625,0.03125,-0.09375
1664,1664,2.84375,-1.15625,0.21875
1665,1664,3.9296875,-0.15625,0.046875
1666,1664,3.578125,1.96875,1.140625
1667,1664,2.9921875,0.65625,0.578125
1668,1664,1.015625,-1.203125,-1.34375
1669,1664,2.3359375,0.734375,-0.015625
1670,1664,-0.1953125,-1.7734375,-2.765625
1671,1664,1.1640625,0.265625,0.09375
1672,1672,1.9140625,0.203125,0.171875
1673,1672,2.7890625,-0.515625,-0.078125
1674,1672,4.1171875,-0.1875,0.390625
1675,1672,2.0859375,0.84375,0.6875
1676,1672,7.640625,1.28125,0.546875
1677,1672,3.15625,-0.3125,0.6875
1678,1672,4.609375,1.6328125,1.109375
1679,1672,3.578125,0.453125,0.90625
1680,1680,5.046875,0.96875,0.546875
1681,1680,2.890625,0.4375,0.765625
1682,1680,2.9609375,1.6875,1.578125
1683,1680,4.3359375,0.703125,-0.1875
1684,1680,2.7578125,0.765625,0.296875
1685,1680,7.3828125,1.03125,1.015625
1686,1680,7.34375,2.46875,6.484375
1687,1680,1.4765625,0.765625,0.6875
1688,1688,5.5625,1.546875,0.703125
1689,1688,2.5390625,0.84375,1.03125
1690,1688,6.0546875,1.21875,1.4375
1691,1688,3.609375,2.40625,0.984375
1692,1688,4.6796875,0.109375,1.59375
1693,1688,1.6328125,-0.90625,-1.28125
1694,1688,1.859375,0.140625,-0.03125
1695,1688,3.828125,-0.359375,-0.390625
1696,1696,3.3359375,0.171875,0.625
1697,1696,2.0234375,0.84375,0.125
1698,1696,2.46875,0.40625,0.4375
1699,1696,3.859375,0.171875,0.0
1700,1696,2.7265625,0.578125,-0.15625
1701,1696,4.546875,1.296875,4.921875
1702,1696,3.8828125,0.796875,1.890625
1703,1696,2.1015625,1.5,0.375
1704,1704,3.765625,-0.859375,-0.328125
1705,1704,1.9375,-0.34375,0.0
1706,1704,6.5,1.625,1.28125
1707,1704,2.09375,0.609375,0.59375
1708,1704,5.1796875,0.296875,0.046875
1709,1704,6.90625,2.1796875,2.125
1710,1704,2.4453125,-0.375,-0.328125
1711,1704,1.90625,-0.046875,-0.46875
1712,1712,5.40625,1.265625,1.03125
1713,1712,1.984375,0.796875,0.890625
1714,1712,-0.2890625,-1.8125,-1.90625
1715,1712,5.796875,1.609375,1.421875
1716,1712,6.8828125,2.625,1.984375
1717,1712,8.03125,1.46875,1.421875
1718,1712,2.421875,1.25,0.875
1719,1712,5.96875,1.34375,0.625
1720,1720,1.6484375,-0.375,-0.546875
1721,1720,4.8203125,0.703125,0.890625
1722,1720,0.90625,-0.015625,0.375
1723,1720,2.7421875,-1.515625,-1.84375
1724,1720,2.890625,-1.09375,-0.234375
1725,1720,5.1640625,1.890625,1.5
1726,1720,3.6484375,0.125,0.5625
1727,1720,6.15625,1.125,1.59375
1728,1728,9.5703125,1.0625,1.140625
1729,1728,0.4609375,-1.25,-1.453125
1730,1728,9.9921875,1.3984375,2.03125
1731,1728,2.203125,1.859375,2.046875
1732,1728,6.09375,0.90625,1.828125
1733,1728,5.0,1.453125,0.65625
1734,1728,1.7578125,1.25,1.203125
1735,1728,0.515625,0.140625,-0.25
1736,1736,2.75,-0.15625,0.234375
1737,1736,10.34375,1.25,1.25
1738,1736,3.6015625,-0.640625,-0.625
1739,1736,0.59375,1.03125,-1.625
1740,1736,-3.078125,-0.0234375,-0.234375
1741,1736,0.890625,-0.125,-0.640625
1742,1736,1.0546875,0.0546875,1.234375
1743,1736,3.609375,-1.0546875,-5.28125
1744,1744,0.8828125,0.1015625,-2.109375
1745,1744,3.3359375,0.1875,0.125
1746,1744,-1.15625,-0.328125,-1.53125
1747,1744,-6.1640625,-0.421875,-1.453125
1748,1744,1.46875,2.296875,-3.96875
1749,1744,-0.4453125,-0.984375,1.71875
1750,1744,1.28125,0.5859375,4.9140625
1751,1744,1.9765625,0.8671875,-1.015625
1752,1752,2.375,0.828125,1.859375
1753,1752,0.953125,0.21875,1.609375
1754,1752,-1.359375,0.703125,0.1875
1755,1752,0.1875,0.0,-4.234375
1756,1752,-0.25,-0.203125,-3.171875
1757,1752,4.0703125,0.78125,0.125
1758,1752,-3.765625,2.359375,2.375
1759,1752,1.796875,-0.171875,-0.84375
1760,1760,2.8671875,0.0390625,-2.0625
1761,1760,1.8046875,-0.484375,-2.0
1762,1760,-6.90625,-1.2734375,0.171875
1763,1760,1.1640625,-0.1484375,-0.203125
1764,1760,-1.015625,1.75,-4.0625
1765,1760,1.328125,-0.4609375,-6.296875
1766,1760,2.015625,1.6484375,-2.375
1767,1760,5.65625,0.453125,-0.453125
1768,1768,4.515625,0.375,-0.296875
1769,1768,4.3359375,2.265625,3.203125
1770,1768,2.15625,0.4296875,-0.484375
1771,1768,4.5078125,1.3046875,-1.0625
1772,1768,4.1875,0.4765625,1.953125
1773,1768,2.03125,2.109375,0.703125
1774,1768,2.4921875,1.21875,1.578125
1775,1768,6.890625,1.4375,-2.640625
1776,1776,2.0546875,2.171875,1.671875
1777,1776,3.21875,2.0234375,-1.234375
1778,1776,2.4921875,0.46875,-1.890625
1779,1776,0.90625,1.015625,0.78125
1780,1776,3.46875,1.03125,0.0625
1781,1776,4.53125,1.59375,-1.40625
1782,1776,1.46875,0.65625,0.375
1783,1776,2.15625,0.5234375,-2.609375
1784,1784,0.921875,1.171875,0.03125
1785,1784,0.6171875,1.5234375,0.90625
1786,1784,4.4765625,3.21875,1.71875
1787,1784,0.921875,0.890625,-3.34375
1788,1784,1.5859375,1.9609375,-0.390625
1789,1784,-0.421875,1.0625,-0.5625
1790,1784,0.921875,-0.1484375,-3.2265625
1791,1784,-1.3828125,-0.4375,-1.609375
1792,1792,-3.28125,-2.09375,-3.8203125
1793,1792,0.7890625,-0.6953125,-3.90625
1794,1792,-6.6171875,-0.375,1.8046875
1795,1792,1.7109375,0.25,-0.015625
1796,1792,-2.171875,1.4296875,-3.390625
1797,1792,1.703125,1.796875,3.515625
1798,1792,-0.3671875,1.0078125,-3.984375
1799,1792,0.0859375,0.6484375,2.375
1800,1800,5.6484375,0.265625,-0.390625
1801,1800,2.6953125,1.796875,1.21875
1802,1800,4.3515625,0.5234375,-3.46875
1803,1800,5.3984375,0.2578125,1.984375
1804,1800,6.7421875,0.0625,-0.703125
1805,1800,5.265625,3.2109375,0.90625
1806,1800,5.21875,1.3125,1.703125
1807,1800,2.21875,2.3203125,1.953125
1808,1808,7.9453125,4.296875,2.640625
1809,1808,5.8828125,4.1015625,1.625
1810,1808,3.25,2.1875,1.375
1811,1808,6.1484375,0.890625,1.125
1812,1808,4.0,0.96875,2.046875
1813,1808,3.9921875,1.75,2.015625
1814,1808,7.328125,4.0,3.046875
1815,1808,7.0625,5.2734375,2.421875
1816,1816,7.6015625,4.03125,2.78125
1817,1816,3.0078125,1.703125,0.875
1818,1816,8.171875,1.75,1.1875
1819,1816,5.671875,2.75,2.78125
1820,1816,7.796875,5.0390625,2.984375
1821,1816,7.109375,5.484375,3.4375
1822,1816,9.125,3.9140625,1.625
1823,1816,5.1796875,2.15625,1.5625
1824,1824,4.8828125,2.1796875,1.34375
1825,1824,5.78125,2.1640625,1.703125
1826,1824,8.546875,4.6484375,3.109375
1827,1824,2.75,0.3359375,1.71875
1828,1824,9.2578125,4.328125,2.203125
1829,1824,3.40625,2.015625,0.953125
1830,1824,1.234375,1.671875,1.046875
1831,1824,9.96875,2.3515625,2.359375
1832,1832,6.2421875,4.59375,2.078125
1833,1832,2.7265625,1.40625,2.328125
1834,1832,4.7421875,2.84375,2.140625
1835,1832,9.296875,3.90625,2.8125
1836,1832,6.171875,0.203125,0.71875
1837,1832,8.625,3.2734375,1.640625
1838,1832,6.875,3.3828125,3.078125
1839,1832,1.8203125,2.4609375,0.484375
1840,1840,5.859375,1.21875,1.640625
1841,1840,4.7421875,3.7890625,2.546875
1842,1840,7.515625,4.28125,2.859375
1843,1840,1.3203125,-0.109375,0.6875
1844,1840,2.3671875,-0.78125,1.265625
1845,1840,0.625,0.703125,2.171875
1846,1840,7.1015625,1.84375,2.484375
1847,1840,3.6484375,2.0859375,1.109375
1848,1848,7.046875,4.6328125,5.2578125
1849,1848,2.7421875,1.09375,1.546875
1850,1848,8.1171875,4.4921875,3.5625
1851,1848,4.0,1.890625,1.359375
1852,1848,7.8515625,2.140625,1.78125
1853,1848,5.9375,2.359375,3.046875
1854,1848,5.0,3.0703125,1.75
1855,1848,3.6171875,3.6171875,1.796875
1856,1856,7.6171875,0.5625,2.859375
1857,1856,7.3203125,1.21875,1.40625
1858,1856,11.015625,3.5390625,5.40625
1859,1856,7.5,5.53125,4.671875
1860,1856,3.0234375,4.4453125,1.921875
1861,1856,5.015625,2.59375,2.015625
1862,1856,5.875,-0.859375,2.140625
1863,1856,6.9609375,3.296875,1.5625
1864,1864,4.7421875,1.046875,2.21875
1865,1864,7.078125,1.8671875,1.625
1866,1864,7.4453125,1.9296875,1.578125
1867,1864,6.8203125,0.0625,1.4375
1868,1864,4.375,1.109375,1.28125
1869,1864,8.1171875,0.03125,2.453125
1870,1864,6.8984375,3.015625,0.984375
1871,1864,5.578125,0.859375,1.1875
1872,1872,2.90625,3.4375,1.578125
1873,1872,3.3125,2.5390625,1.546875
1874,1872,4.265625,3.9921875,1.921875
1875,1872,4.8515625,-1.90625,0.46875
1876,1872,6.6953125,2.4375,2.015625
1877,1872,10.7890625,3.90625,2.28125
1878,1872,3.6875,1.078125,1.4375
1879,1872,5.390625,2.2578125,2.140625
1880,1880,1.953125,1.5,0.984375
1881,1880,2.125,0.328125,1.4375
1882,1880,2.3515625,2.125,0.65625
1883,1880,1.3984375,3.140625,1.796875
1884,1880,4.609375,1.7890625,1.296875
1885,1880,3.6796875,0.09375,1.609375
1886,1880,3.5078125,1.9609375,2.328125
1887,1880,5.7734375,1.75,1.859375
1888,1888,9.40625,3.0546875,2.21875
1889,1888,6.15625,2.46875,2.0625
1890,1888,10.3984375,5.859375,3.28125
1891,1888,2.0390625,-2.0625,0.546875
1892,1888,9.65625,4.578125,3.234375
1893,1888,2.625,0.015625,0.421875
1894,1888,2.6953125,0.140625,0.78125
1895,1888,7.296875,5.359375,3.28125
1896,1896,3.71875,1.84375,1.734375
1897,1896,5.078125,2.515625,1.140625
1898,1896,4.2109375,1.09375,1.625
1899,1896,7.515625,3.1953125,1.703125
1900,1896,4.703125,4.0,2.515625
1901,1896,4.0390625,2.7734375,2.546875
1902,1896,0.4140625,2.453125,1.5625
1903,1896,6.125,3.5234375,2.0625
1904,1904,5.5625,3.9765625,2.28125
1905,1904,5.859375,4.9296875,2.578125
1906,1904,7.25,0.234375,0.78125
1907,1904,5.7109375,6.0234375,3.5
1908,1904,4.0546875,3.4921875,1.1875
1909,1904,6.84375,3.328125,2.0
1910,1904,4.125,1.5390625,0.578125
1911,1904,1.484375,0.8125,0.546875
1912,1912,3.2421875,-2.015625,1.21875
1913,1912,5.265625,3.1015625,1.71875
1914,1912,3.8125,2.046875,1.265625
1915,1912,5.4140625,2.15625,1.671875
1916,1912,5.3515625,-1.9375,1.953125
1917,1912,4.09375,2.546875,1.59375
1918,1912,4.046875,0.640625,1.578125
1919,1912,8.03125,4.7421875,3.5625
1920,1920,4.4453125,1.28125,1.40625
1921,1920,2.5234375,0.484375,1.078125
1922,1920,4.078125,-0.6875,1.03125
1923,1920,-0.7890625,0.203125,0.359375
1924,1920,6.9296875,3.984375,1.609375
1925,1920,2.8515625,0.265625,1.34375
1926,1920,2.1171875,4.25,2.328125
1927,1920,-0.734375,0.5625,1.34375
1928,1928,5.1015625,2.4765625,2.75
1929,1928,-1.296875,0.4140625,0.40625
1930,1928,5.703125,0.296875,0.5
1931,1928,6.6015625,4.140625,1.859375
1932,1928,4.6484375,1.203125,1.3125
1933,1928,8.453125,4.765625,1.546875
1934,1928,5.484375,2.25,1.921875
1935,1928,1.125,-2.828125,0.984375
1936,1936,3.46875,3.109375,1.28125
1937,1936,1.765625,0.8046875,1.0
1938,1936,3.015625,2.84375,1.390625
1939,1936,6.5859375,1.921875,1.765625
1940,1936,5.34375,1.8125,1.734375
1941,1936,6.1796875,3.2578125,1.375
1942,1936,2.734375,1.828125,2.359375
1943,1936,7.890625,1.46875,1.328125
1944,1944,1.1796875,2.265625,0.8125
1945,1944,4.7421875,2.4453125,1.3125
1946,1944,8.3984375,3.921875,2.859375
1947,1944,4.6796875,2.5859375,1.765625
1948,1944,5.6328125,2.09375,2.328125
1949,1944,5.28125,2.84375,1.96875
1950,1944,6.8203125,2.53125,2.4375
1951,1944,3.234375,2.2890625,1.265625
1952,1952,7.7109375,5.0,3.65625
1953,1952,7.078125,-1.8125,1.296875
1954,1952,3.7890625,3.1484375,0.734375
1955,1952,5.9140625,2.34375,1.28125
1956,1952,6.65625,3.8671875,2.0625
1957,1952,4.421875,3.4921875,1.5625
1958,1952,9.140625,3.5390625,1.84375
1959,1952,1.2734375,1.109375,1.4375
1960,1960,6.2578125,1.703125,1.921875
1961,1960,5.7265625,1.515625,1.34375
1962,1960,3.3203125,1.5234375,1.859375
1963,1960,7.015625,2.53125,2.140625
1964,1960,8.578125,5.2421875,3.640625
1965,1960,2.640625,0.578125,1.625
1966,1960,7.390625,2.28125,0.90625
1967,1960,8.1796875,1.1484375,1.953125
1968,1968,3.359375,1.7890625,1.28125
1969,1968,1.234375,4.796875,3.359375
1970,1968,1.5546875,0.96875,0.84375
1971,1968,4.875,1.5,1.90625
1972,1968,3.8203125,2.078125,1.953125
1973,1968,5.0078125,-0.5,0.640625
1974,1968,3.2890625,2.421875,0.984375
1975,1968,1.8203125,1.5234375,1.375
1976,1976,6.421875,3.125,2.078125
1977,1976,3.5625,3.4140625,3.40625
1978,1976,4.484375,1.796875,1.234375
1979,1976,2.875,0.515625,1.328125
1980,1976,3.140625,1.203125,1.34375
1981,1976,7.046875,1.6484375,1.609375
1982,1976,6.3671875,-0.90625,1.234375
1983,1976,4.1015625,-1.671875,0.421875
1984,1984,8.359375,3.28125,1.6875
1985,1984,5.890625,1.59375,1.859375
1986,1984,5.875,-2.40625,-0.390625
1987,1984,5.4453125,1.890625,0.953125
1988,1984,3.6875,3.8671875,1.859375
1989,1984,2.6484375,0.171875,1.0
1990,1984,3.4375,-0.703125,0.28125
1991,1984,1.4453125,1.328125,2.203125
1992,1992,3.3515625,-1.796875,0.578125
1993,1992,4.921875,4.234375,2.46875
1994,1992,6.140625,1.09375,1.734375
1995,1992,5.5078125,1.03125,1.421875
1996,1992,3.34375,1.0,0.328125
1997,1992,3.2578125,-0.28125,1.09375
1998,1992,5.828125,-0.125,0.515625
1999,1992,4.0546875,-0.125,0.96875
2000,2000,5.0546875,2.96875,2.65625
2001,2000,5.3515625,0.15625,2.234375
2002,2000,1.875,0.796875,1.140625
2003,2000,3.8828125,-1.59375,-0.21875
2004,2000,8.828125,2.453125,2.015625
2005,2000,0.5546875,-0.65625,1.734375
2006,2000,-0.90625,-0.3125,-0.34375
2007,2000,3.734375,0.984375,1.484375
2008,2008,3.0625,0.640625,0.984375
2009,2008,4.28125,-0.53125,1.40625
2010,2008,1.53125,-2.265625,0.546875
2011,2008,5.8125,4.3515625,2.734375
2012,2008,3.203125,-2.546875,1.359375
2013,2008,2.734375,2.0078125,1.625
2014,2008,4.328125,3.96875,3.421875
2015,2008,5.09375,1.359375,1.5
2016,2016,8.5859375,-2.3125,0.078125
2017,2016,4.859375,0.203125,2.234375
2018,2016,0.203125,0.078125,1.984375
2019,2016,5.0390625,0.921875,1.0
2020,2016,4.453125,2.8359375,2.328125
2021,2016,5.0546875,-0.046875,1.15625
2022,2016,5.1171875,0.546875,1.078125
2023,2016,8.828125,2.484375,1.953125
2024,2024,4.0078125,1.609375,2.265625
2025,2024,8.0,-1.203125,0.1875
2026,2024,5.65625,-0.2421875,0.5625
2027,2024,1.8203125,-1.046875,1.03125
2028,2024,1.8046875,-0.6640625,0.546875
2029,2024,-0.0625,1.59375,0.328125
2030,2024,4.5234375,1.578125,1.9375
2031,2024,3.015625,1.375,1.28125
2032,2032,4.546875,2.78125,1.453125
2033,2032,3.0,2.2890625,1.546875
2034,2032,7.671875,3.515625,2.71875
2035,2032,3.9921875,3.3125,2.9375
2036,2032,5.6796875,2.234375,2.78125
2037,2032,5.7734375,-0.109375,1.484375
2038,2032,4.6640625,-3.171875,1.53125
2039,2032,1.9140625,-1.640625,0.28125
2040,2040,8.1328125,3.296875,2.390625
2041,2040,5.2265625,1.953125,1.796875
2042,2040,6.28125,-0.671875,1.140625
2043,2040,6.7109375,1.828125,0.84375
2044,2040,3.4453125,-4.3125,0.765625
2045,2040,7.140625,0.828125,0.96875
2046,2040,3.7421875,0.984375,1.71875
2047,2040,4.7890625,-0.34375,1.171875
2048,2048,2.5234375,3.1015625,1.34375
2049,2048,5.484375,-2.40625,0.484375
2050,2048,-0.703125,0.859375,1.125
2051,2048,4.9921875,0.859375,1.1875
2052,2048,6.0,-1.3125,2.125
2053,2048,0.234375,4.03125,2.5625
2054,2048,4.84375,-2.0,1.5
2055,2048,0.84375,1.09375,0.75
2056,2056,7.53125,1.9140625,1.671875
2057,2056,3.5703125,3.1171875,1.78125
2058,2056,0.4609375,-0.328125,-0.0625
2059,2056,0.046875,2.6328125,1.828125
2060,2056,7.78125,2.75,1.40625
2061,2056,3.9296875,2.71875,1.28125
2062,2056,4.203125,1.9375,1.84375
2063,2056,7.671875,1.6953125,1.9375
2064,2064,5.2421875,3.4453125,2.46875
2065,2064,6.3046875,4.375,3.3125
2066,2064,6.21875,0.34375,1.234375
2067,2064,4.25,3.75,2.21875
2068,2064,5.875,1.015625,1.703125
2069,2064,1.125,-3.4140625,0.640625
2070,2064,5.3046875,1.765625,1.953125
2071,2064,5.140625,1.734375,1.96875
2072,2072,6.59375,3.8046875,1.546875
2073,2072,4.9609375,0.671875,2.859375
2074,2072,8.078125,2.9609375,2.75
2075,2072,4.1640625,-1.421875,0.859375
2076,2072,3.609375,0.4375,0.71875
2077,2072,6.125,0.796875,1.8125
2078,2072,5.953125,0.203125,1.0625
2079,2072,4.2109375,-3.984375,1.015625
2080,2080,6.6953125,-0.265625,2.265625
2081,2080,2.6171875,1.6640625,0.53125
2082,2080,7.25,1.9296875,1.34375
2083,2080,8.625,-0.296875,1.171875
2084,2080,7.2734375,0.9609375,1.109375
2085,2080,4.6875,0.28125,1.3125
2086,2080,6.421875,1.015625,1.3125
2087,2080,4.8125,1.328125,1.1875
2088,2088,6.6875,1.0625,1.390625
2089,2088,4.3046875,1.9921875,1.390625
2090,2088,6.84375,1.65625,1.484375
2091,2088,5.4609375,-1.453125,0.296875
2092,2088,5.953125,3.0390625,2.625
2093,2088,4.8984375,-0.109375,1.21875
2094,2088,6.609375,3.5,1.921875
2095,2088,3.484375,1.3125,1.671875
2096,2096,5.484375,2.703125,1.40625
2097,2096,5.734375,0.109375,1.34375
2098,2096,3.6015625,3.5078125,2.109375
2099,2096,0.828125,-0.3203125,1.140625
2100,2096,2.6796875,-1.453125,0.890625
2101,2096,5.671875,0.9375,1.84375
2102,2096,7.859375,1.78125,1.640625
2103,2096,7.421875,3.421875,1.828125
2104,2104,6.46875,0.734375,1.1875
2105,2104,6.7890625,2.125,1.59375
2106,2104,4.84375,0.875,1.125
2107,2104,7.9765625,3.6484375,3.40625
2108,2104,4.046875,1.671875,1.34375
2109,2104,3.3984375,0.4765625,0.96875
2110,2104,5.609375,3.0703125,2.140625
2111,2104,7.625,3.96875,2.3125
2112,2112,1.9609375,3.953125,2.875
2113,2112,3.59375,2.015625,2.34375
2114,2112,6.2109375,3.265625,2.296875
2115,2112,6.4296875,3.078125,2.84375
2116,2112,9.5234375,4.359375,2.5
2117,2112,8.9296875,0.984375,1.921875
2118,2112,6.09375,0.34375,1.625
2119,2112,6.4375,1.84375,1.984375
2120,2120,2.65625,0.015625,0.84375
2121,2120,4.296875,2.203125,2.40625
2122,2120,6.34375,2.9375,2.5
2123,2120,5.5703125,-1.234375,1.21875
2124,2120,2.484375,0.3125,0.875
2125,2120,4.7734375,3.6171875,1.375
2126,2120,2.9140625,-3.125,0.296875
2127,2120,5.0859375,-1.015625,1.40625
2128,2128,5.2890625,-0.125,0.828125
2129,2128,6.5859375,-0.75,1.234375
2130,2128,5.0703125,0.46875,1.109375
2131,2128,5.78125,2.265625,1.453125
2132,2128,0.0859375,-1.9375,0.765625
2133,2128,4.984375,-1.375,0.625
2134,2128,4.90625,1.015625,1.21875
2135,2128,5.6796875,1.40625,1.75
2136,2136,6.2890625,-0.21875,1.171875
2137,2136,8.625,-2.09375,0.546875
2138,2136,8.6015625,0.90625,0.765625
2139,2136,2.1484375,0.4375,2.0625
2140,2136,-0.0078125,-2.125,1.359375
2141,2136,3.9765625,-0.15625,2.203125
2142,2136,1.875,1.953125,1.3125
2143,2136,5.3515625,-2.25,0.421875
2144,2144,3.9609375,1.9609375,2.046875
2145,2144,-0.078125,-3.3359375,0.328125
2146,2144,5.7265625,-0.171875,1.671875
2147,2144,7.65625,0.734375,2.25
2148,2144,1.8515625,0.0,1.578125
2149,2144,0.5,0.984375,0.84375
2150,2144,4.625,0.484375,1.46875
2151,2144,-0.6171875,0.25,0.203125
2152,2152,4.0078125,-0.28125,1.328125
2153,2152,5.7109375,-1.59375,0.625
2154,2152,7.0078125,2.4921875,1.4375
2155,2152,7.2109375,1.328125,0.78125
2156,2152,5.1796875,3.3125,2.421875
2157,2152,4.0,-0.953125,0.65625
2158,2152,3.21875,0.703125,1.359375
2159,2152,5.2265625,0.4375,1.109375
2160,2160,2.8828125,1.3125,1.90625
2161,2160,1.0546875,0.96875,2.4375
2162,2160,3.75,0.0,1.234375
2163,2160,4.3203125,-0.78125,1.609375
2164,2160,5.0078125,-0.546875,1.328125
2165,2160,3.3359375,-2.578125,1.4375
2166,2160,2.5546875,-0.59375,0.921875
2167,2160,7.3984375,1.578125,2.203125
2168,2168,4.7578125,0.96875,1.484375
2169,2168,8.328125,1.3125,1.96875
2170,2168,5.25,-2.9921875,0.671875
2171,2168,5.1953125,-1.75,0.71875
2172,2168,2.6328125,3.625,1.640625
2173,2168,7.5625,-0.8125,0.734375
2174,2168,3.6953125,0.890625,0.8125
2175,2168,4.5546875,1.09375,1.125
2176,2176,4.0,-0.015625,1.5
2177,2176,3.265625,-0.8125,1.09375
2178,2176,5.0078125,-1.546875,1.203125
2179,2176,2.421875,0.515625,1.546875
2180,2176,5.3046875,-0.890625,1.234375
2181,2176,5.6953125,0.453125,0.125
2182,2176,4.0234375,0.53125,0.875
2183,2176,2.671875,0.46875,1.71875
2184,2184,5.1328125,0.375,1.6875
2185,2184,5.8984375,-1.015625,0.390625
2186,2184,2.59375,-2.0390625,1.578125
2187,2184,-1.734375,-0.0625,0.46875
2188,2184,0.390625,0.71875,0.796875
2189,2184,2.8828125,1.109375,1.78125
2190,2184,7.84375,1.265625,1.515625
2191,2184,2.0234375,-1.125,0.078125
2192,2192,5.2890625,0.203125,1.59375
2193,2192,5.171875,0.765625,1.6875
2194,2192,3.890625,0.1875,1.6875
2195,2192,1.1328125,3.4375,1.796875
2196,2192,3.9921875,2.234375,2.625
2197,2192,5.4296875,4.2265625,3.34375
2198,2192,7.59375,2.203125,0.9375
2199,2192,5.734375,2.8671875,1.03125
2200,2200,3.234375,0.46875,1.140625
2201,2200,1.8515625,1.265625,0.75
2202,2200,1.7890625,1.4453125,0.796875
2203,2200,3.90625,3.953125,1.875
2204,2200,4.828125,3.0390625,2.0
2205,2200,0.890625,0.953125,1.15625
2206,2200,1.578125,-1.0625,1.171875
2207,2200,4.1171875,3.5,2.71875
2208,2208,4.796875,1.65625,2.09375
2209,2208,3.328125,2.2890625,1.046875
2210,2208,7.25,-0.859375,1.4375
2211,2208,0.9921875,-0.765625,0.875
2212,2208,5.390625,-0.890625,0.359375
2213,2208,4.1015625,-1.40625,-0.1875
2214,2208,4.625,3.15625,2.0625
2215,2208,5.0390625,3.4921875,3.328125
2216,2216,4.8203125,-1.7265625,0.03125
2217,2216,2.8515625,0.8984375,1.140625
2218,2216,6.8984375,3.390625,3.625
2219,2216,4.078125,-0.234375,1.75
2220,2216,8.625,2.8125,1.46875
2221,2216,6.875,2.359375,0.96875
2222,2216,5.9921875,1.0625,1.015625
2223,2216,0.15625,0.1328125,1.359375
2224,2224,7.015625,3.328125,1.390625
2225,2224,6.171875,4.25,2.6875
2226,2224,8.3515625,5.171875,4.59375
2227,2224,5.6796875,3.7734375,1.609375
2228,2224,6.3046875,0.0625,1.0625
2229,2224,0.6328125,-0.25,0.03125
2230,2224,2.1953125,-3.2109375,-0.3125
2231,2224,4.953125,2.609375,1.5625
2232,2232,6.140625,-0.28125,1.046875
2233,2232,0.53125,2.2265625,-0.25
2234,2232,5.09375,2.703125,1.09375
2235,2232,6.671875,4.6875,4.828125
2236,2232,6.0390625,3.3046875,1.6875
2237,2232,3.8359375,-0.984375,0.46875
2238,2232,6.40625,5.4296875,5.828125
2239,2232,7.171875,3.328125,2.71875
2240,2240,8.109375,4.7265625,1.5625
2241,2240,7.0703125,3.921875,2.0625
2242,2240,2.5546875,0.8125,1.46875
2243,2240,1.046875,3.2890625,1.3125
2244,2240,4.078125,4.2890625,2.625
2245,2240,3.328125,0.515625,0.953125
2246,2240,4.046875,-2.75,0.53125
2247,2240,7.8515625,1.421875,1.609375
2248,2248,3.0703125,0.984375,0.84375
2249,2248,3.125,-2.5390625,-0.015625
2250,2248,6.2578125,5.4375,3.5
2251,2248,2.46875,2.15625,1.546875
2252,2248,3.0234375,3.7421875,1.78125
2253,2248,1.875,3.6796875,2.46875
2254,2248,-0.2421875,-0.03125,1.09375
2255,2248,3.3125,1.921875,1.375
2256,2256,5.6328125,1.65625,1.640625
2257,2256,4.0703125,4.28125,1.609375
2258,2256,3.75,1.078125,1.25
2259,2256,6.8203125,3.8203125,1.125
2260,2256,4.046875,-1.2265625,0.59375
2261,2256,3.8203125,0.890625,3.9375
2262,2256,7.3125,1.9375,1.625
2263,2256,4.7265625,1.15625,-0.15625
2264,2264,9.4140625,1.609375,3.59375
2265,2264,6.1796875,2.828125,1.296875
2266,2264,-0.0625,-1.640625,0.21875
2267,2264,3.4609375,1.484375,1.359375
2268,2264,6.1015625,-1.640625,0.328125
2269,2264,4.0078125,2.59375,-0.40625
2270,2264,6.6015625,-3.6640625,0.46875
2271,2264,6.046875,1.828125,1.84375
2272,2272,8.4296875,3.3515625,1.03125
2273,2272,-0.1875,-2.21875,1.125
2274,2272,-0.8828125,-2.34375,0.296875
2275,2272,5.2734375,0.5,0.78125
2276,2272,1.4140625,-0.03125,0.703125
2277,2272,3.8046875,2.09375,3.21875
2278,2272,5.296875,3.21875,1.65625
2279,2272,4.515625,3.0546875,1.484375
2280,2280,8.2578125,5.0625,2.671875
2281,2280,3.0703125,5.03125,3.203125
2282,2280,4.0859375,0.71875,0.234375
2283,2280,1.140625,1.046875,0.703125
2284,2280,6.0078125,-0.015625,0.578125
2285,2280,7.7109375,4.7578125,2.234375
2286,2280,4.3984375,-0.515625,1.296875
2287,2280,5.96875,0.421875,2.21875
2288,2288,7.7578125,4.84375,3.21875
2289,2288,0.8671875,0.609375,1.140625
2290,2288,5.0625,0.71875,1.8125
2291,2288,6.9765625,2.546875,1.6875
2292,2288,5.3828125,0.28125,1.65625
2293,2288,8.6171875,4.125,1.671875
2294,2288,6.0625,2.78125,1.75
2295,2288,2.8671875,0.296875,0.96875
2296,2296,4.34375,0.9375,1.40625
2297,2296,6.765625,3.3359375,1.859375
2298,2296,6.171875,-1.0,0.734375
2299,2296,6.765625,3.078125,1.71875
2300,2296,1.8828125,3.546875,1.59375
2301,2296,1.984375,0.21875,1.15625
2302,2296,5.75,1.0,1.375
2303,2296,3.53125,2.765625,1.453125
2304,2304,7.203125,5.2421875,3.75
2305,2304,4.671875,2.578125,1.578125
2306,2304,2.6796875,1.859375,1.59375
2307,2304,1.59375,-0.671875,0.5625
2308,2304,3.546875,2.015625,1.3125
2309,2304,7.2734375,3.4921875,2.53125
2310,2304,7.109375,2.109375,1.15625
2311,2304,5.171875,1.0625,1.25
2312,2312,7.21875,-0.296875,1.25
2313,2312,8.9296875,5.0078125,4.296875
2314,2312,1.8125,-1.140625,-0.328125
2315,2312,2.890625,2.625,1.953125
2316,2312,0.984375,-0.046875,1.03125
2317,2312,5.9140625,1.5078125,0.765625
2318,2312,3.3515625,-3.1875,-0.609375
2319,2312,-0.6796875,-3.0703125,1.015625
2320,2320,3.9453125,1.15625,0.75
2321,2320,6.65625,3.875,2.828125
2322,2320,1.6875,-0.28125,1.3125
2323,2320,8.234375,4.90625,1.921875
2324,2320,7.5546875,0.9375,0.984375
2325,2320,-0.046875,2.4140625,0.6875
2326,2320,2.7734375,-0.203125,1.125
2327,2320,1.2265625,2.1171875,1.859375
2328,2328,8.515625,5.3203125,4.625
2329,2328,4.625,0.59375,0.90625
2330,2328,3.109375,2.46875,2.109375
2331,2328,5.53125,0.03125,0.84375
2332,2328,2.3359375,-2.21875,0.75
2333,2328,8.078125,1.484375,1.8125
2334,2328,5.34375,-1.25,0.734375
2335,2328,7.546875,2.328125,1.59375
2336,2336,2.2265625,0.296875,1.625
2337,2336,3.9140625,0.375,0.953125
2338,2336,2.40625,-1.359375,0.46875
2339,2336,7.359375,2.546875,1.578125
2340,2336,4.1328125,0.859375,1.046875
2341,2336,5.203125,-0.65625,1.21875
2342,2336,1.6875,-1.90625,0.765625
2343,2336,-1.7578125,-0.515625,-2.203125
2344,2344,4.953125,4.3046875,1.15625
2345,2344,7.3984375,-0.65625,0.484375
2346,2344,4.8359375,0.234375,0.171875
2347,2344,0.40625,0.4453125,0.375
2348,2344,5.0234375,4.8046875,4.0
2349,2344,2.7421875,0.296875,0.8125
2350,2344,5.453125,2.9296875,1.53125
2351,2344,6.328125,-0.96875,0.6875
2352,2352,5.453125,-2.140625,1.25
2353,2352,2.96875,-1.296875,1.140625
2354,2352,7.0625,2.09375,1.921875
2355,2352,-0.03125,0.9609375,0.625
2356,2352,3.328125,2.1484375,1.078125
2357,2352,6.859375,3.71875,3.109375
2358,2352,5.0078125,1.8046875,0.546875
2359,2352,4.6640625,-1.671875,0.5
2360,2360,5.546875,-1.75,1.09375
2361,2360,3.3671875,3.03125,0.90625
2362,2360,8.1484375,-1.296875,0.578125
2363,2360,6.390625,2.4375,1.53125
2364,2360,3.0078125,-0.71875,0.625
2365,2360,-0.265625,1.546875,1.109375
2366,2360,6.671875,0.84375,0.59375
2367,2360,0.75,-0.140625,0.59375
2368,2368,8.140625,1.625,1.234375
2369,2368,7.3046875,3.6875,2.875
2370,2368,2.6796875,0.71875,1.5625
2371,2368,7.3203125,2.09375,1.703125
2372,2368,6.8984375,2.6875,1.828125
2373,2368,6.1484375,0.71875,1.703125
2374,2368,3.34375,2.03125,1.0625
2375,2368,7.859375,2.734375,1.421875
2376,2376,5.796875,0.3125,1.0
2377,2376,2.3515625,1.828125,1.21875
2378,2376,5.9921875,2.375,3.84375
2379,2376,8.21875,3.2734375,2.1875
2380,2376,6.90625,-2.65625,0.703125
2381,2376,5.0625,2.15625,0.765625
2382,2376,6.296875,1.625,1.109375
2383,2376,8.359375,0.5625,1.03125
2384,2384,2.546875,3.5859375,2.90625
2385,2384,5.984375,-2.53125,0.828125
2386,2384,1.1171875,2.171875,1.703125
2387,2384,3.765625,3.3515625,2.203125
2388,2384,7.90625,-2.890625,0.5625
2389,2384,1.3125,-0.3515625,1.109375
2390,2384,7.0625,4.6015625,1.40625
2391,2384,7.71875,2.375,2.5
2392,2392,6.375,0.421875,1.3125
2393,2392,3.75,-1.625,0.796875
2394,2392,8.1015625,2.328125,1.1875
2395,2392,1.1796875,0.296875,0.703125
2396,2392,7.1640625,3.5234375,2.484375
2397,2392,8.203125,3.9375,2.0
2398,2392,2.484375,1.75,0.875
2399,2392,4.84375,2.0,1.6875
2400,2400,7.7734375,0.0,0.40625
2401,2400,5.546875,0.21875,0.78125
2402,2400,1.8984375,0.234375,0.5
2403,2400,2.09375,-1.5,-0.0625
2404,2400,7.8828125,-5.453125,0.328125
2405,2400,1.8515625,-1.890625,1.15625
2406,2400,5.5390625,-2.921875,0.484375
2407,2400,6.78125,-2.8359375,0.46875
2408,2408,2.75,-1.0,0.09375
2409,2408,5.8359375,2.0390625,1.234375
2410,2408,3.125,2.65625,0.890625
2411,2408,4.3203125,-0.0625,0.53125
2412,2408,6.4375,-1.109375,0.46875
2413,2408,8.1875,-5.96875,0.640625
2414,2408,7.3984375,-1.46875,0.890625
2415,2408,5.21875,-2.203125,0.3125
2416,2416,3.828125,-2.703125,0.8125
2417,2416,5.34375,-0.59375,1.25
2418,2416,6.7578125,-2.640625,0.859375
2419,2416,5.828125,1.359375,1.546875
2420,2416,6.2421875,-0.5625,0.703125
2421,2416,-0.078125,-3.828125,0.75
2422,2416,-1.9140625,-0.46875,0.765625
2423,2416,6.359375,-1.46875,0.46875
2424,2424,-0.859375,-1.8828125,0.0
2425,2424,5.4453125,-4.59375,0.21875
2426,2424,-2.7578125,1.140625,0.03125
2427,2424,3.484375,-1.625,0.734375
2428,2424,6.7578125,-1.734375,0.953125
2429,2424,4.65625,-1.546875,0.859375
2430,2424,4.8125,-0.375,0.875
2431,2424,-0.8203125,-1.734375,-0.6875
2432,2432,1.2421875,-0.0625,0.40625
2433,2432,7.0625,2.9375,1.53125
2434,2432,-1.0625,0.65625,0.953125
2435,2432,4.4296875,0.9375,0.625
2436,2432,4.5625,-1.6875,0.828125
2437,2432,3.609375,-2.3125,0.609375
2438,2432,4.8828125,-1.875,0.65625
2439,2432,7.9921875,-5.890625,0.484375
2440,2440,6.28125,-3.8125,0.328125
2441,2440,3.1796875,3.0390625,1.59375
2442,2440,1.1796875,-1.375,0.875
2443,2440,4.3203125,2.4921875,1.65625
2444,2440,6.2578125,-3.578125,-0.0625
2445,2440,3.8671875,2.9921875,1.46875
2446,2440,-0.8046875,-1.671875,0.71875
2447,2440,4.8046875,-4.5390625,-0.09375
2448,2448,0.984375,1.6953125,0.734375
2449,2448,5.015625,-1.59375,0.5625
2450,2448,8.0234375,1.140625,0.875
2451,2448,0.46875,1.0859375,1.25
2452,2448,-1.515625,2.90625,2.234375
2453,2448,9.0078125,-0.171875,1.484375
2454,2448,3.5390625,-1.96875,0.578125
2455,2448,5.8125,1.6875,0.78125
2456,2456,3.6640625,-4.59375,-1.71875
2457,2456,0.34375,-5.359375,0.6875
2458,2456,4.953125,-5.1484375,1.109375
2459,2456,1.96875,-1.484375,0.21875
2460,2456,2.03125,-0.546875,0.171875
2461,2456,5.9765625,2.484375,1.609375
2462,2456,5.6875,2.2265625,0.703125
2463,2456,-1.2734375,-0.1171875,-0.1875
2464,2464,3.2265625,-2.890625,0.828125
2465,2464,1.125,0.25,0.8125
2466,2464,5.15625,-1.453125,-0.328125
2467,2464,3.734375,-4.2578125,-0.03125
2468,2464,4.078125,-0.328125,0.890625
2469,2464,7.28125,-0.25,1.234375
2470,2464,3.5859375,-1.734375,0.734375
2471,2464,6.90625,3.3125,1.984375
2472,2472,5.2265625,-1.5390625,0.34375
2473,2472,4.6328125,3.5859375,0.75
2474,2472,6.53125,1.578125,0.796875
2475,2472,1.4140625,-4.6328125,0.328125
2476,2472,1.3046875,1.0625,1.453125
2477,2472,1.7890625,-1.09375,0.359375
2478,2472,-0.8984375,-1.65625,0.515625
2479,2472,4.9921875,1.4609375,1.625
2480,2480,5.3125,0.640625,0.328125
2481,2480,3.1015625,-0.921875,1.25
2482,2480,5.5703125,3.3203125,1.578125
2483,2480,6.3828125,-0.203125,1.234375
2484,2480,4.5234375,0.53125,1.296875
2485,2480,5.2109375,0.6875,-0.515625
2486,2480,6.234375,4.2265625,2.546875
2487,2480,3.6484375,0.625,0.96875
2488,2488,1.3125,0.71875,1.3125
2489,2488,2.6640625,-2.625,1.1875
2490,2488,5.5625,-2.328125,0.265625
2491,2488,7.453125,2.5546875,2.984375
2492,2488,4.3671875,-4.59375,0.21875
2493,2488,3.921875,-1.59375,1.328125
2494,2488,1.796875,2.7734375,1.703125
2495,2488,2.8203125,0.21875,1.21875
2496,2496,4.4296875,1.8125,2.0625
2497,2496,7.6015625,-3.109375,0.234375
2498,2496,1.265625,-2.2734375,1.015625
2499,2496,4.1875,-1.71875,0.53125
2500,2496,5.6171875,-6.015625,0.03125
2501,2496,4.890625,1.3828125,1.234375
2502,2496,4.0390625,1.953125,1.4375
2503,2496,3.6796875,-1.328125,0.5625
2504,2504,6.8828125,3.0,1.546875
2505,2504,4.109375,0.296875,1.59375
2506,2504,2.6796875,5.25,1.96875
2507,2504,1.1953125,3.3671875,2.3125
2508,2504,4.8203125,-0.453125,1.359375
2509,2504,1.4609375,-1.0625,0.390625
2510,2504,5.8515625,1.609375,1.75
2511,2504,4.8828125,-1.265625,1.328125
2512,2512,3.6015625,1.109375,0.765625
2513,2512,0.0234375,0.46875,0.359375
2514,2512,5.5703125,-0.796875,0.125
2515,2512,6.6953125,1.234375,1.3125
2516,2512,7.1171875,4.390625,4.859375
2517,2512,2.7578125,1.59375,1.390625
2518,2512,3.796875,-1.171875,0.609375
2519,2512,2.2734375,-0.109375,0.453125
2520,2520,3.9921875,4.2890625,1.828125
2521,2520,5.40625,0.71875,1.0625
2522,2520,5.2890625,2.828125,0.90625
2523,2520,2.875,-0.09375,0.71875
2524,2520,5.1015625,4.3984375,2.390625
2525,2520,4.2421875,1.484375,1.015625
2526,2520,-0.0546875,-0.25,1.34375
2527,2520,1.8671875,0.65625,0.453125
2528,2528,3.09375,-0.046875,1.140625
2529,2528,0.3828125,-1.3984375,0.984375
2530,2528,6.9453125,1.359375,1.3125
2531,2528,0.7578125,2.234375,0.90625
2532,2528,5.875,-2.109375,0.984375
2533,2528,3.65625,-1.8515625,-0.03125
2534,2528,6.40625,1.25,0.484375
2535,2528,-0.5703125,-4.5,0.28125
2536,2536,-1.0390625,-2.90625,0.671875
2537,2536,3.1953125,-3.640625,-0.765625
2538,2536,2.890625,-0.96875,0.75
2539,2536,2.828125,0.859375,0.3125
2540,2536,0.2890625,-1.4375,-0.28125
2541,2536,0.796875,-3.7265625,0.046875
2542,2536,1.125,-1.8125,-0.078125
2543,2536,5.2578125,-1.765625,0.90625
2544,2544,2.21875,1.25,0.8125
2545,2544,0.9375,-0.984375,-0.125
2546,2544,1.2578125,1.2109375,1.296875
2547,2544,-0.421875,-0.296875,0.953125
2548,2544,5.5,1.03125,0.5625
2549,2544,5.140625,-1.46875,0.796875
2550,2544,1.4296875,0.828125,1.28125
2551,2544,5.234375,-0.796875,0.734375
2552,2552,3.7421875,-3.9765625,0.703125
2553,2552,7.06640625,-1.15625,0.4375
2554,2552,2.359375,2.71875,1.609375
2555,2552,-2.328125,-0.5625,-2.125
2556,2552,5.1953125,1.203125,1.234375
2557,2552,0.4296875,-0.8125,0.59375
2558,2552,7.1875,1.0625,1.53125
2559,2552,6.71875,2.65625,1.546875
2560,2560,6.953125,-1.40625,0.828125
2561,2560,3.59375,-1.171875,-0.1875
2562,2560,3.3046875,2.15625,1.515625
2563,2560,4.828125,1.125,0.71875
2564,2560,2.0234375,-0.328125,0.25
2565,2560,3.5,1.7734375,1.078125
2566,2560,2.296875,-0.828125,-0.25
2567,2560,0.3125,-0.515625,0.515625
2568,2568,1.3671875,-0.890625,1.21875
2569,2568,4.015625,-2.140625,0.765625
2570,2568,4.125,-2.046875,-0.375
2571,2568,2.875,-3.5703125,0.25
2572,2568,3.9453125,-3.21875,0.546875
2573,2568,5.109375,1.34375,0.90625
2574,2568,3.6015625,0.03125,0.453125
2575,2568,-0.8203125,-2.859375,0.4375
2576,2576,-0.2890625,0.21875,1.03125
2577,2576,2.7890625,-0.921875,0.46875
2578,2576,2.6953125,-1.203125,0.671875
2579,2576,5.0,-0.84375,1.46875
2580,2576,0.1015625,1.796875,1.296875
2581,2576,0.5,0.234375,0.28125
2582,2576,2.5703125,0.5625,0.1875
2583,2576,-1.015625,1.9375,1.09375
2584,2584,4.171875,1.09375,2.09375
2585,2584,1.8046875,-5.6171875,0.046875
2586,2584,1.203125,-4.0078125,-0.5
2587,2584,4.8203125,-0.828125,-0.140625
2588,2584,-0.015625,-0.640625,-0.328125
2589,2584,1.609375,0.8359375,1.140625
2590,2584,-1.8046875,-5.3359375,-1.265625
2591,2584,2.1640625,-0.640625,0.75
2592,2592,4.9140625,-0.984375,-0.15625
2593,2592,4.59375,2.4140625,0.796875
2594,2592,6.0390625,1.90625,1.09375
2595,2592,6.1796875,0.515625,0.875
2596,2592,4.15625,-1.484375,-0.265625
2597,2592,3.2578125,-1.171875,0.875
2598,2592,1.3046875,0.03125,0.703125
2599,2592,-1.5,0.171875,0.390625
2600,2600,6.0859375,-1.546875,1.59375
2601,2600,4.7109375,-2.546875,-0.5
2602,2600,6.296875,2.859375,0.828125
2603,2600,1.28125,1.75,0.765625
2604,2600,5.3046875,2.1875,1.40625
2605,2600,5.5,-1.953125,0.859375
2606,2600,2.625,3.359375,1.65625
2607,2600,6.4296875,0.3125,0.171875
2608,2608,8.265625,4.5703125,1.9375
2609,2608,8.3828125,3.34375,2.203125
2610,2608,6.4453125,2.265625,1.671875
2611,2608,7.4609375,1.796875,1.859375
2612,2608,7.0703125,5.1640625,3.140625
2613,2608,4.8203125,1.375,1.96875
2614,2608,2.953125,2.0,1.34375
2615,2608,4.6640625,-4.59375,0.671875
2616,2616,6.4375,-2.03125,0.03125
2617,2616,-0.40625,-1.046875,0.265625
2618,2616,5.4765625,1.984375,1.84375
2619,2616,6.6171875,2.0703125,1.625
2620,2616,5.3828125,2.265625,0.5
2621,2616,7.296875,2.78125,1.984375
2622,2616,4.7578125,3.1328125,1.078125
2623,2616,5.578125,2.3671875,2.28125
2624,2624,3.3515625,1.765625,1.421875
2625,2624,7.3515625,4.328125,3.03125
2626,2624,4.7421875,2.5703125,1.9375
2627,2624,2.09375,0.1328125,1.015625
2628,2624,7.4296875,2.390625,1.390625
2629,2624,4.765625,2.9921875,1.203125
2630,2624,4.5,2.828125,2.671875
2631,2624,3.2109375,0.3203125,0.171875
2632,2632,5.2578125,-1.140625,0.96875
2633,2632,5.8515625,-0.1875,0.71875
2634,2632,3.5,-5.3671875,0.359375
2635,2632,8.546875,5.2578125,3.703125
2636,2632,6.46875,2.6640625,0.859375
2637,2632,0.6328125,2.03125,1.328125
2638,2632,4.3359375,3.4140625,0.796875
2639,2632,3.2421875,-0.140625,1.328125
2640,2640,5.4140625,1.9609375,1.703125
2641,2640,1.453125,0.3828125,1.234375
2642,2640,7.6796875,3.15625,2.703125
2643,2640,0.828125,0.34375,1.0625
2644,2640,-1.8828125,3.3828125,1.0
2645,2640,6.9453125,2.3125,1.3125
2646,2640,6.5625,0.640625,1.234375
2647,2640,7.53125,-0.078125,0.6875
2648,2648,4.109375,-2.78125,0.828125
2649,2648,3.96875,1.15625,0.75
2650,2648,1.0625,0.171875,1.296875
2651,2648,6.4140625,0.921875,1.921875
2652,2648,4.9296875,1.203125,0.953125
2653,2648,7.0703125,2.8359375,0.78125
2654,2648,3.2578125,3.2734375,2.625
2655,2648,2.71875,0.4375,0.875
2656,2656,2.046875,4.640625,3.234375
2657,2656,4.796875,1.8984375,1.109375
2658,2656,3.234375,2.484375,1.46875
2659,2656,2.0625,1.859375,1.890625
2660,2656,6.1796875,4.1796875,2.4375
2661,2656,2.8984375,0.171875,0.25
2662,2656,4.34375,-0.2734375,0.578125
2663,2656,2.3125,2.078125,1.359375
2664,2664,9.34375,4.0,2.265625
2665,2664,3.0078125,0.734375,0.953125
2666,2664,7.265625,4.6171875,3.453125
2667,2664,5.3984375,0.171875,0.921875
2668,2664,3.5625,-2.203125,-0.0625
2669,2664,3.0625,0.59375,1.09375
2670,2664,5.890625,1.46875,0.875
2671,2664,7.90625,-0.28125,1.015625
2672,2672,7.4765625,1.09375,2.109375
2673,2672,3.1484375,0.2265625,0.6875
2674,2672,5.03125,0.015625,0.40625
2675,2672,3.15625,-5.03125,0.015625
2676,2672,5.5703125,-2.09375,0.453125
2677,2672,6.3046875,0.5625,0.609375
2678,2672,6.7890625,3.453125,3.34375
2679,2672,4.0859375,-0.828125,0.8125
2680,2680,7.125,-0.75,1.078125
2681,2680,6.4609375,1.203125,1.25
2682,2680,4.15625,1.4375,1.078125
2683,2680,3.7734375,-1.9453125,0.515625
2684,2680,4.796875,-0.625,1.34375
2685,2680,7.265625,-0.25,1.0
2686,2680,4.2421875,-2.71875,0.765625
2687,2680,7.3046875,-0.828125,0.640625
2688,2688,3.953125,1.1953125,0.96875
2689,2688,5.703125,0.25,0.78125
2690,2688,4.859375,1.6484375,1.59375
2691,2688,5.8828125,4.34375,1.828125
2692,2688,-0.203125,2.0,0.328125
2693,2688,6.75,-0.4375,1.53125
2694,2688,2.015625,-0.4921875,0.625
2695,2688,6.3359375,1.9375,1.265625
2696,2696,7.4140625,1.609375,2.109375
2697,2696,4.84375,-0.078125,0.75
2698,2696,8.328125,2.53125,1.53125
2699,2696,9.15625,-1.359375,0.625
2700,2696,8.5234375,-2.015625,0.46875
2701,2696,4.4609375,0.671875,1.046875
2702,2696,2.546875,3.5,2.84375
2703,2696,6.7578125,-3.0078125,0.59375
2704,2704,1.9296875,1.234375,1.0
2705,2704,6.2890625,-3.7109375,1.15625
2706,2704,4.890625,2.2578125,1.3125
2707,2704,4.328125,1.265625,1.59375
2708,2704,1.5546875,0.359375,0.578125
2709,2704,2.9140625,-3.4765625,0.890625
2710,2704,3.0703125,1.3125,1.375
2711,2704,6.4453125,1.609375,1.265625
2712,2712,6.546875,2.09375,1.453125
2713,2712,7.4609375,1.6875,2.109375
2714,2712,8.1015625,3.1484375,1.28125
2715,2712,3.4140625,-2.921875,0.21875
2716,2712,0.9296875,0.015625,1.3125
2717,2712,3.2265625,-1.25,0.0625
2718,2712,3.734375,0.25,0.359375
2719,2712,3.0,-3.21875,-0.0625
2720,2720,3.6171875,0.953125,0.859375
2721,2720,5.75,-0.234375,0.671875
2722,2720,3.9765625,2.2109375,1.734375
2723,2720,-0.375,0.921875,-0.703125
2724,2720,1.9296875,3.2265625,1.515625
2725,2720,3.265625,-0.3125,0.65625
2726,2720,3.0546875,0.109375,1.0
2727,2720,1.4453125,1.2890625,1.53125
2728,2728,6.6171875,-1.125,0.53125
2729,2728,4.0703125,-0.359375,0.125
2730,2728,7.03125,-0.84375,0.28125
2731,2728,4.2265625,1.984375,0.234375
2732,2728,2.6328125,0.21875,0.25
2733,2728,0.7109375,-0.40625,0.515625
2734,2728,5.3046875,0.203125,2.09375
2735,2728,3.296875,1.921875,1.515625
2736,2736,1.734375,0.9296875,0.53125
2737,2736,2.609375,0.359375,1.09375
2738,2736,3.9375,-2.8046875,0.25
2739,2736,6.046875,5.125,3.578125
2740,2736,3.046875,0.109375,0.46875
2741,2736,-0.65625,1.8125,1.59375
2742,2736,4.2734375,0.5,1.453125
2743,2736,5.28125,2.078125,0.84375
2744,2744,9.4609375,-1.953125,0.9375
2745,2744,1.28125,0.5078125,0.75
2746,2744,5.6171875,4.0703125,3.28125
2747,2744,0.109375,-1.046875,0.6875
2748,2744,0.234375,3.4765625,3.0625
2749,2744,3.81640625,4.15625,3.21875
2750,2744,9.546875,4.7265625,2.84375
2751,2744,10.859375,3.5078125,4.0
2752,2752,7.1171875,3.0546875,1.875
2753,2752,7.8125,4.1484375,4.4375
2754,2752,10.296875,4.3515625,2.609375
2755,2752,7.8515625,3.65625,2.5625
2756,2752,2.140625,3.578125,3.125
2757,2752,5.859375,4.5,4.46875
2758,2752,5.0234375,1.765625,1.671875
2759,2752,9.4921875,2.828125,3.296875
2760,2760,10.0625,3.9453125,3.46875
2761,2760,7.734375,4.7109375,3.25
2762,2760,7.4453125,2.203125,2.953125
2763,2760,9.078125,4.578125,4.265625
2764,2760,6.1484375,4.078125,4.15625
2765,2760,8.6640625,4.671875,4.0625
2766,2760,10.8046875,3.5625,4.453125
2767,2760,6.5390625,2.8671875,1.84375
2768,2768,8.4140625,3.546875,2.546875
2769,2768,7.0234375,4.71875,3.953125
2770,2768,6.7734375,1.8515625,1.859375
2771,2768,6.8359375,4.4375,2.90625
2772,2768,7.4140625,3.640625,3.96875
2773,2768,8.296875,4.234375,3.515625
2774,2768,9.0859375,2.6328125,2.453125
2775,2768,7.46875,3.078125,3.5
2776,2776,6.234375,4.8984375,5.390625
2777,2776,6.4453125,3.9609375,3.953125
2778,2776,10.734375,4.328125,2.6875
2779,2776,5.765625,-0.375,1.40625
2780,2776,9.6484375,3.1484375,2.5
2781,2776,5.9140625,4.2421875,2.921875
2782,2776,8.7265625,4.765625,4.0625
2783,2776,6.40625,-1.828125,0.65625
2784,2784,8.09375,4.703125,4.453125
2785,2784,9.375,2.46875,2.96875
2786,2784,7.5625,5.203125,5.546875
2787,2784,8.7265625,3.875,3.21875
2788,2784,6.4296875,2.921875,2.65625
2789,2784,4.4765625,1.671875,1.859375
2790,2784,8.046875,4.578125,4.421875
2791,2784,10.0546875,3.3671875,3.65625
2792,2792,5.09375,0.28125,1.453125
2793,2792,9.5,3.5859375,3.65625
2794,2792,8.484375,4.8203125,5.1875
2795,2792,5.8671875,2.390625,1.140625
2796,2792,7.5703125,4.5234375,4.375
2797,2792,9.65625,4.859375,3.84375
2798,2792,10.40625,4.234375,3.40625
2799,2792,10.171875,2.3125,2.5
2800,2800,7.4296875,4.453125,4.453125
2801,2800,6.015625,1.15625,1.296875
2802,2800,10.4375,4.140625,4.890625
2803,2800,5.6328125,-2.453125,1.65625
2804,2800,11.5,4.4921875,3.15625
2805,2800,3.578125,3.453125,3.09375
2806,2800,8.1328125,2.109375,2.34375
2807,2800,7.7890625,4.765625,4.90625
2808,2808,6.9140625,4.3515625,4.03125
2809,2808,8.4765625,2.9453125,2.296875
2810,2808,9.6796875,3.5390625,3.546875
2811,2808,9.765625,3.484375,2.796875
2812,2808,7.2578125,1.46875,1.5
2813,2808,6.578125,4.046875,3.96875
2814,2808,5.9921875,3.140625,3.390625
2815,2808,8.28125,4.59375,3.5
2816,2816,7.8359375,4.1796875,3.65625
2817,2816,9.6171875,4.203125,3.890625
2818,2816,7.796875,3.640625,2.3125
2819,2816,8.484375,4.3046875,2.671875
2820,2816,5.59375,1.8125,2.4375
2821,2816,8.484375,4.03125,4.078125
2822,2816,8.2578125,2.578125,3.21875
2823,2816,9.6171875,4.4765625,4.203125
2824,2824,6.2265625,2.40625,2.765625
2825,2824,8.34375,4.8671875,4.734375
2826,2824,10.125,3.5703125,3.109375
2827,2824,7.7421875,4.8828125,3.796875
2828,2824,9.1796875,4.9921875,4.515625
2829,2824,6.8125,3.3828125,3.375
2830,2824,6.96875,3.765625,2.3125
2831,2824,2.1875,1.6875,1.0
2832,2832,8.8125,4.2890625,4.421875
2833,2832,10.1796875,3.890625,4.234375
2834,2832,7.4140625,4.0859375,4.734375
2835,2832,9.53125,4.4609375,4.953125
2836,2832,6.8125,2.2265625,1.53125
2837,2832,7.078125,2.0,1.78125
2838,2832,8.734375,4.4453125,4.90625
2839,2832,8.09375,4.59375,4.25
2840,2840,7.0234375,3.2109375,3.203125
2841,2840,7.828125,4.8359375,5.328125
2842,2840,10.6171875,4.3984375,2.90625
2843,2840,8.234375,3.9296875,3.546875
2844,2840,7.0390625,3.9140625,4.484375
2845,2840,9.109375,4.203125,2.65625
2846,2840,3.7578125,1.515625,1.984375
2847,2840,3.4765625,0.90625,2.328125
2848,2848,6.421875,1.953125,1.625
2849,2848,7.546875,1.96875,1.609375
2850,2848,4.296875,-2.0625,0.90625
2851,2848,5.890625,2.921875,2.46875
2852,2848,9.046875,2.78125,2.59375
2853,2848,6.1953125,2.046875,2.703125
2854,2848,2.9140625,0.953125,-1.140625
2855,2848,1.09375,-0.5,0.578125
2856,2856,7.0703125,2.703125,2.25
2857,2856,5.1640625,2.40625,2.140625
2858,2856,5.4453125,1.859375,1.71875
2859,2856,5.6796875,-1.3125,1.40625
2860,2856,4.5625,1.1953125,1.4375
2861,2856,4.71875,2.640625,2.65625
2862,2856,7.0859375,3.3828125,2.5625
2863,2856,1.8828125,0.359375,1.53125
2864,2864,2.796875,0.8125,2.59375
2865,2864,3.75,0.484375,2.0625
2866,2864,4.5859375,2.15625,2.078125
2867,2864,8.4296875,2.1875,2.421875
2868,2864,9.5703125,1.359375,0.765625
2869,2864,10.9453125,4.875,5.5625
2870,2864,3.921875,2.2421875,1.359375
2871,2864,1.3359375,1.984375,1.75
2872,2872,6.1640625,-1.6796875,2.109375
2873,2872,1.15625,0.421875,1.140625
2874,2872,6.6015625,4.0078125,2.8125
2875,2872,1.0,2.03125,3.09375
2876,2872,5.328125,1.625,2.1875
2877,2872,4.5625,2.5,2.65625
2878,2872,5.703125,4.0,2.671875
2879,2872,4.90625,0.46875,0.9375
2880,2880,5.7265625,1.171875,1.34375
2881,2880,4.5703125,0.890625,2.34375
2882,2880,2.7578125,1.015625,1.484375
2883,2880,6.9609375,1.359375,2.734375
2884,2880,8.2109375,4.328125,3.578125
2885,2880,2.5859375,2.8359375,2.703125
2886,2880,9.0625,3.890625,2.96875
2887,2880,5.6171875,0.90625,1.875
2888,2888,9.5703125,4.2265625,3.359375
2889,2888,4.9765625,2.1875,1.0
2890,2888,2.2421875,1.5,1.984375
2891,2888,8.9609375,2.53125,2.0
2892,2888,2.90625,3.328125,2.0
2893,2888,5.4140625,2.125,2.171875
2894,2888,4.78125,1.8125,2.546875
2895,2888,1.65625,1.5625,2.5625
2896,2896,2.5234375,2.734375,2.21875
2897,2896,3.609375,0.984375,1.984375
2898,2896,8.515625,1.3203125,3.21875
2899,2896,4.9453125,2.125,2.5625
2900,2896,9.421875,4.3515625,4.0
2901,2896,5.078125,0.15625,2.234375
2902,2896,7.65625,1.21875,1.234375
2903,2896,3.65625,1.171875,2.015625
2904,2904,8.421875,3.4765625,2.875
2905,2904,1.71875,0.59375,0.890625
2906,2904,6.09375,1.46875,1.96875
2907,2904,5.9296875,3.3125,2.875
2908,2904,4.21875,0.890625,1.65625
2909,2904,5.28125,2.8203125,2.640625
2910,2904,6.2734375,1.875,1.53125
2911,2904,5.984375,0.34375,1.0625
2912,2912,3.5,-0.5625,1.703125
2913,2912,6.8515625,3.1171875,2.890625
2914,2912,9.6015625,2.25,2.90625
2915,2912,8.4921875,3.03125,2.28125
2916,2912,2.6015625,0.171875,1.5625
2917,2912,5.8359375,2.484375,1.484375
2918,2912,5.23828125,4.2421875,4.625
2919,2912,1.328125,0.984375,1.0
2920,2920,7.578125,-0.59375,1.40625
2921,2920,3.7890625,0.78125,1.859375
2922,2920,7.7890625,3.78125,3.09375
2923,2920,4.578125,2.734375,2.03125
2924,2920,9.5859375,4.5625,3.03125
2925,2920,4.921875,0.25,2.109375
2926,2920,8.03125,3.8046875,3.625
2927,2920,5.7578125,3.171875,2.640625
2928,2928,0.46875,0.59375,1.640625
2929,2928,1.609375,1.421875,1.78125
2930,2928,8.203125,4.3671875,4.28125
2931,2928,5.171875,3.03125,2.515625
2932,2928,6.71875,-2.1875,1.875
2933,2928,8.40625,4.5,4.171875
2934,2928,7.109375,2.53125,1.484375
2935,2928,6.28125,2.390625,2.515625
2936,2936,-2.015625,0.953125,1.609375
2937,2936,5.1875,0.484375,1.125
2938,2936,4.671875,2.484375,3.3125
2939,2936,7.890625,3.953125,4.625
2940,2936,5.2421875,-0.984375,1.0625
2941,2936,7.0390625,2.390625,2.125
2942,2936,6.0703125,3.3046875,2.734375
2943,2936,7.8515625,3.8125,3.515625
2944,2944,10.1875,3.09375,3.28125
2945,2944,5.7734375,2.7890625,1.78125
2946,2944,7.8671875,3.8359375,2.96875
2947,2944,6.9609375,1.765625,2.25
2948,2944,6.3125,3.90625,3.6875
2949,2944,9.765625,2.21875,2.46875
2950,2944,7.1484375,4.03125,3.375
2951,2944,4.5625,1.1328125,2.125
2952,2952,6.828125,4.3984375,4.140625
2953,2952,6.6953125,4.6640625,4.234375
2954,2952,6.484375,4.5390625,5.265625
2955,2952,7.640625,3.8671875,2.78125
2956,2952,9.2421875,4.25,2.96875
2957,2952,10.8125,3.2421875,3.640625
2958,2952,6.5546875,3.859375,2.5625
2959,2952,7.3203125,4.6875,4.375
2960,2960,6.171875,3.7734375,3.890625
2961,2960,8.1015625,2.5625,2.03125
2962,2960,7.6015625,4.2890625,4.1875
2963,2960,1.8828125,0.71875,1.65625
2964,2960,6.125,4.28125,4.484375
2965,2960,7.703125,3.8203125,3.453125
2966,2960,6.9140625,1.875,2.546875
2967,2960,6.65625,2.125,2.234375
2968,2968,3.609375,3.578125,3.0
2969,2968,8.890625,2.546875,3.140625
2970,2968,5.140625,3.375,2.15625
2971,2968,5.0859375,3.3828125,3.234375
2972,2968,6.1171875,0.0,1.421875
2973,2968,6.609375,2.484375,2.703125
2974,2968,7.484375,3.828125,3.359375
2975,2968,5.59375,4.5078125,4.46875
2976,2976,6.4765625,2.921875,3.703125
2977,2976,6.328125,3.171875,3.296875
2978,2976,8.265625,3.7578125,3.3125
2979,2976,7.828125,4.390625,3.671875
2980,2976,7.140625,4.5234375,5.5
2981,2976,8.1171875,3.3984375,3.359375
2982,2976,6.7109375,4.3125,3.6875
2983,2976,5.671875,3.0625,3.90625
2984,2984,8.921875,3.515625,2.640625
2985,2984,8.015625,4.3671875,3.765625
2986,2984,3.78125,4.5703125,5.375
2987,2984,8.125,3.390625,2.6875
2988,2984,6.203125,3.5859375,3.484375
2989,2984,5.5703125,3.5546875,2.21875
2990,2984,6.453125,4.640625,4.8125
2991,2984,6.9375,3.40625,3.421875
2992,2992,8.3359375,3.140625,3.296875
2993,2992,9.1171875,4.8125,4.265625
2994,2992,7.25,0.796875,0.703125
2995,2992,7.765625,1.859375,2.96875
2996,2992,9.59375,3.7734375,3.375
2997,2992,4.5078125,4.4375,2.921875
2998,2992,10.0859375,4.5,4.453125
2999,2992,8.140625,4.6328125,3.09375
3000,3000,6.28125,4.1796875,3.078125
3001,3000,1.171875,1.03125,1.984375
3002,3000,9.265625,4.6328125,4.890625
3003,3000,7.546875,4.2734375,4.703125
3004,3000,6.78125,2.6015625,3.015625
3005,3000,8.09375,3.859375,3.625
3006,3000,5.75,0.828125,1.53125
3007,3000,5.0625,2.375,2.984375
3008,3008,4.4375,3.59375,4.0625
3009,3008,6.8984375,2.9140625,2.09375
3010,3008,9.7578125,1.4375,2.15625
3011,3008,4.76171875,4.0703125,5.109375
3012,3008,7.5625,3.515625,3.03125
3013,3008,10.2890625,4.59375,4.8125
3014,3008,4.53125,2.96875,3.203125
3015,3008,8.34375,3.90625,3.015625
3016,3016,7.1640625,3.046875,2.96875
3017,3016,7.0546875,4.7734375,4.9375
3018,3016,6.4765625,5.078125,5.640625
3019,3016,8.6171875,3.5546875,3.1875
3020,3016,4.8515625,0.8125,2.09375
3021,3016,4.859375,2.625,2.265625
3022,3016,7.34375,2.734375,2.1875
3023,3016,8.8984375,3.984375,3.3125
3024,3024,2.0703125,1.921875,1.953125
3025,3024,3.1640625,2.15625,1.4375
3026,3024,7.734375,4.046875,3.234375
3027,3024,2.53125,1.5390625,1.9375
3028,3024,7.4921875,4.7578125,4.265625
3029,3024,5.1953125,1.59375,1.4375
3030,3024,7.3359375,4.3359375,4.09375
3031,3024,1.6328125,1.171875,1.578125
3032,3032,9.34375,3.7890625,3.984375
3033,3032,5.4296875,2.703125,3.15625
3034,3032,6.4765625,4.140625,3.5
3035,3032,6.2421875,1.34375,2.59375
3036,3032,7.421875,0.921875,1.4375
3037,3032,2.546875,-0.4375,1.90625
3038,3032,6.1640625,0.0,1.5
3039,3032,6.5703125,1.875,2.0
3040,3040,2.5703125,0.0,1.28125
3041,3040,7.1484375,2.9140625,2.875
3042,3040,6.03125,0.15625,1.953125
3043,3040,3.4609375,-3.7578125,0.546875
3044,3040,7.9921875,2.8046875,2.515625
3045,3040,6.9375,2.484375,2.515625
3046,3040,6.265625,-0.375,1.984375
3047,3040,6.140625,3.078125,2.515625
3048,3048,4.8515625,0.953125,1.5625
3049,3048,4.828125,0.109375,1.359375
3050,3048,3.265625,0.265625,0.9375
3051,3048,7.8671875,3.59375,3.53125
3052,3048,5.6484375,2.40625,2.59375
3053,3048,3.46875,-0.25,1.484375
3054,3048,4.203125,1.578125,2.296875
3055,3048,6.3359375,3.3359375,1.921875
3056,3056,2.1484375,2.921875,5.203125
3057,3056,5.90625,3.9140625,4.359375
3058,3056,4.8203125,1.046875,1.421875
3059,3056,6.7265625,2.875,2.953125
3060,3056,4.890625,-0.1953125,0.90625
3061,3056,8.15625,4.0859375,3.484375
3062,3056,3.9765625,1.34375,2.265625
3063,3056,7.953125,1.890625,1.65625
3064,3064,8.4375,3.78125,2.6875
3065,3064,6.4140625,3.1640625,2.4375
3066,3064,6.84375,2.9453125,2.671875
3067,3064,4.21875,0.421875,1.46875
3068,3064,4.1640625,-2.5,0.390625
3069,3064,5.75,2.953125,2.734375
3070,3064,6.28125,-0.109375,1.546875
3071,3064,8.9140625,4.546875,3.890625
3072,3072,8.25,4.5546875,3.15625
3073,3072,9.4609375,2.40625,3.125
3074,3072,4.1875,-0.890625,0.921875
3075,3072,2.6171875,-1.015625,1.5625
3076,3072,3.7890625,-3.71875,1.390625
3077,3072,7.0703125,3.6171875,3.921875
3078,3072,2.4609375,-1.59375,0.71875
3079,3072,6.9453125,3.5625,2.953125
3080,3080,5.0,0.65625,1.890625
3081,3080,6.1484375,2.171875,2.453125
3082,3080,6.59765625,2.75,2.546875
3083,3080,2.9453125,0.53125,1.328125
3084,3080,5.4296875,3.59375,2.296875
3085,3080,5.9453125,2.796875,2.640625
3086,3080,7.8359375,3.9140625,3.0625
3087,3080,5.953125,5.46875,3.5625
3088,3088,1.984375,1.75,0.96875
3089,3088,9.2265625,3.7421875,3.125
3090,3088,5.796875,1.140625,2.0625
3091,3088,5.59375,3.765625,2.546875
3092,3088,4.46875,-0.71875,1.4375
3093,3088,8.234375,3.734375,3.03125
3094,3088,8.6796875,3.0625,3.546875
3095,3088,6.8984375,3.421875,3.1875
3096,3096,6.6171875,0.078125,1.109375
3097,3096,4.21875,-1.90625,1.234375
3098,3096,6.5078125,2.7890625,2.484375
3099,3096,5.828125,1.65625,1.890625
3100,3096,5.6640625,2.0625,2.375
3101,3096,4.75,0.484375,1.71875
3102,3096,5.7265625,1.59375,1.9375
3103,3096,4.484375,2.8515625,2.65625
3104,3104,4.0078125,0.703125,1.734375
3105,3104,7.28125,2.71875,2.0
3106,3104,6.4453125,2.2734375,2.984375
3107,3104,4.7265625,1.296875,2.4375
3108,3104,5.625,1.9296875,3.03125
3109,3104,5.5625,3.2890625,2.46875
3110,3104,6.0,2.5,2.3125
3111,3104,6.3125,4.3125,5.96875
3112,3112,5.421875,2.5,2.515625
3113,3112,3.5546875,0.453125,1.5625
3114,3112,5.5078125,1.625,1.0625
3115,3112,6.3828125,1.4375,2.703125
3116,3112,5.3125,2.3671875,2.6875
3117,3112,6.015625,2.125,2.390625
3118,3112,6.3359375,3.7109375,2.953125
3119,3112,3.1875,1.7421875,2.578125
3120,3120,7.078125,2.203125,2.125
3121,3120,6.7109375,2.734375,2.6875
3122,3120,9.328125,4.0,3.390625
3123,3120,6.1328125,4.1328125,3.890625
3124,3120,8.578125,4.703125,4.234375
3125,3120,5.4453125,1.65625,1.78125
3126,3120,5.5078125,2.984375,1.203125
3127,3120,3.359375,0.046875,0.921875
3128,3128,3.21875,-0.0625,-0.1875
3129,3128,4.6484375,2.234375,2.015625
3130,3128,8.9453125,3.9140625,3.0
3131,3128,5.8671875,4.265625,3.140625
3132,3128,3.40625,-1.25,0.953125
3133,3128,7.765625,1.984375,2.015625
3134,3128,9.015625,2.515625,2.640625
3135,3128,7.60546875,4.546875,4.28125
3136,3136,6.2421875,-0.71875,2.09375
3137,3136,4.640625,3.125,2.53125
3138,3136,9.6640625,3.484375,2.6875
3139,3136,4.0625,3.3828125,2.609375
3140,3136,5.234375,-0.0859375,1.625
3141,3136,8.3828125,3.4453125,2.5625
3142,3136,5.984375,2.0390625,2.546875
3143,3136,6.71875,2.78125,2.234375
3144,3144,8.890625,3.234375,2.875
3145,3144,4.08203125,4.3828125,3.40625
3146,3144,8.7578125,4.6953125,3.984375
3147,3144,6.3359375,3.875,3.109375
3148,3144,5.4609375,3.3125,3.921875
3149,3144,6.0625,3.3671875,3.296875
3150,3144,4.0703125,1.25,0.765625
3151,3144,6.875,2.21875,2.5
3152,3152,7.5,4.015625,3.375
3153,3152,8.3515625,2.53125,2.578125
3154,3152,6.390625,-0.046875,1.875
3155,3152,5.4296875,3.578125,3.015625
3156,3152,5.765625,4.65625,4.25
3157,3152,8.03125,3.9453125,3.34375
3158,3152,8.4140625,3.265625,3.0
3159,3152,4.265625,0.90625,2.0
3160,3160,8.2421875,2.8359375,3.359375
3161,3160,6.5859375,3.65625,2.625
3162,3160,4.65625,1.515625,1.890625
3163,3160,8.6875,4.96875,4.5
3164,3160,5.09375,1.9375,2.421875
3165,3160,4.34375,4.0859375,3.703125
3166,3160,7.2421875,4.484375,4.5
3167,3160,7.234375,2.28125,1.96875
3168,3168,11.1484375,4.3359375,4.859375
3169,3168,8.0234375,1.7265625,1.484375
3170,3168,8.765625,4.4609375,4.296875
3171,3168,8.1015625,3.4765625,2.640625
3172,3168,6.3828125,2.15625,2.75
3173,3168,6.625,2.4296875,1.484375
3174,3168,1.6953125,0.265625,0.828125
3175,3168,7.8515625,4.09375,3.96875
3176,3176,6.625,3.34375,2.765625
3177,3176,1.765625,1.96875,3.109375
3178,3176,6.640625,3.078125,2.84375
3179,3176,6.140625,0.96875,1.703125
3180,3176,8.203125,4.3515625,3.5
3181,3176,9.6328125,4.34375,4.5
3182,3176,6.7578125,3.4765625,2.75
3183,3176,4.828125,3.984375,3.28125
3184,3184,4.0078125,1.84375,2.203125
3185,3184,7.15625,3.9453125,4.4375
3186,3184,6.515625,3.03125,2.9375
3187,3184,6.51171875,3.7890625,4.859375
3188,3184,8.9296875,3.7890625,3.875
3189,3184,7.5234375,3.390625,3.1875
3190,3184,8.078125,3.5,3.375
3191,3184,7.6953125,3.2421875,3.609375
3192,3192,6.25,2.09375,2.1875
3193,3192,4.3359375,2.453125,2.234375
3194,3192,8.546875,4.125,3.421875
3195,3192,3.078125,4.5,4.34375
3196,3192,6.3359375,3.75,4.9375
3197,3192,3.84375,3.875,2.71875
3198,3192,5.171875,2.65625,2.34375
3199,3192,5.640625,1.6875,2.25
3200,3200,6.109375,3.0546875,2.703125
3201,3200,6.1484375,0.703125,1.859375
3202,3200,7.4765625,4.3671875,3.84375
3203,3200,9.84375,3.0078125,2.984375
3204,3200,5.0703125,3.3046875,2.6875
3205,3200,7.125,4.7421875,4.9375
3206,3200,7.2890625,0.125,1.296875
3207,3200,4.859375,-0.03125,0.796875
3208,3208,8.6171875,3.8203125,4.3125
3209,3208,7.4921875,3.890625,3.671875
3210,3208,7.078125,4.109375,3.09375
3211,3208,9.5625,4.0234375,3.5
3212,3208,5.0703125,1.125,2.46875
3213,3208,8.28125,3.71875,2.296875
3214,3208,8.75,2.921875,2.96875
3215,3208,6.078125,3.4140625,3.734375
3216,3216,7.359375,4.2578125,3.125
3217,3216,6.796875,3.6875,2.84375
3218,3216,8.953125,4.5703125,3.03125
3219,3216,7.015625,3.734375,3.328125
3220,3216,3.5703125,-0.109375,1.453125
3221,3216,6.921875,2.5625,2.421875
3222,3216,5.6953125,-0.09375,2.03125
3223,3216,4.8203125,3.1796875,2.734375
3224,3224,3.8203125,1.390625,2.453125
3225,3224,3.2890625,-0.421875,1.4375
3226,3224,3.84375,0.53125,1.515625
3227,3224,2.6484375,0.640625,1.484375
3228,3224,2.8125,-2.8359375,-0.140625
3229,3224,5.1953125,-2.4375,0.671875
3230,3224,6.7109375,3.5390625,3.640625
3231,3224,5.484375,0.34375,0.40625
3232,3232,5.328125,1.859375,1.875
3233,3232,6.125,3.78125,4.21875
3234,3232,6.4609375,1.65625,1.890625
3235,3232,7.9765625,1.421875,1.640625
3236,3232,6.4765625,1.609375,2.375
3237,3232,4.984375,2.8203125,2.3125
3238,3232,7.3046875,3.09375,3.96875
3239,3232,7.125,1.203125,1.4375
3240,3240,4.8359375,-0.234375,0.921875
3241,3240,3.3203125,0.4375,0.984375
3242,3240,6.734375,2.4375,1.890625
3243,3240,2.09375,1.84375,3.0625
3244,3240,5.9453125,-0.40625,0.671875
3245,3240,7.0234375,3.015625,2.28125
3246,3240,8.5859375,2.359375,2.328125
3247,3240,4.6953125,0.65625,1.828125
3248,3248,6.078125,0.828125,1.53125
3249,3248,4.140625,1.890625,1.65625
3250,3248,-0.1796875,1.0859375,2.515625
3251,3248,4.8984375,3.625,3.96875
3252,3248,6.421875,3.0546875,2.265625
3253,3248,4.9609375,1.859375,2.625
3254,3248,9.34375,1.71875,1.28125
3255,3248,4.8984375,0.078125,1.65625
3256,3256,5.265625,1.1875,2.15625
3257,3256,7.75,3.109375,2.625
3258,3256,6.9453125,0.65625,1.9375
3259,3256,4.546875,1.625,1.609375
3260,3256,6.671875,4.09375,2.765625
3261,3256,4.78125,0.109375,1.015625
3262,3256,7.375,1.046875,1.03125
3263,3256,4.4921875,0.34375,1.0
3264,3264,6.125,0.875,1.75
3265,3264,5.453125,2.203125,1.96875
3266,3264,5.9375,2.8125,2.140625
3267,3264,0.7890625,1.546875,1.96875
3268,3264,4.6640625,-3.828125,-0.078125
3269,3264,5.5625,-0.140625,0.734375
3270,3264,4.109375,0.046875,0.875
3271,3264,3.5546875,1.53125,1.203125
3272,3272,4.9453125,0.484375,1.21875
3273,3272,4.421875,-0.171875,1.78125
3274,3272,3.125,0.75,1.75
3275,3272,3.8671875,-2.5625,0.03125
3276,3272,5.8359375,3.3046875,1.6875
3277,3272,5.4453125,2.9609375,2.296875
3278,3272,-1.3671875,-0.828125,1.140625
3279,3272,4.609375,-0.5,0.8125
3280,3280,5.1640625,-1.40625,0.171875
3281,3280,6.7890625,0.625,2.0
3282,3280,2.8046875,-0.703125,0.75
3283,3280,5.5859375,3.3203125,3.3125
3284,3280,4.1484375,-0.265625,0.921875
3285,3280,5.03125,1.921875,2.734375
3286,3280,4.5078125,0.140625,1.609375
3287,3280,2.109375,0.484375,1.859375
3288,3288,5.84375,1.75,2.09375
3289,3288,6.5703125,2.078125,1.40625
3290,3288,4.7734375,1.7734375,2.1875
3291,3288,4.2734375,2.3203125,4.015625
3292,3288,6.2265625,0.0,1.984375
3293,3288,4.671875,2.484375,1.984375
3294,3288,4.46875,1.5625,1.71875
3295,3288,4.9140625,1.1875,1.84375
3296,3296,5.5859375,0.5625,2.4375
3297,3296,0.0078125,-0.328125,0.59375
3298,3296,2.2109375,0.9375,2.0625
3299,3296,0.9296875,1.203125,1.8125
3300,3296,2.4609375,-0.515625,0.421875
3301,3296,6.75,-0.25,0.953125
3302,3296,3.9140625,2.8125,1.75
3303,3296,5.234375,2.140625,1.8125
3304,3304,2.5078125,-0.453125,1.359375
3305,3304,6.359375,2.34375,1.5625
3306,3304,3.5546875,1.625,1.84375
3307,3304,5.6640625,4.609375,3.015625
3308,3304,5.8046875,0.359375,1.515625
3309,3304,5.9375,1.8125,1.3125
3310,3304,8.0625,2.4765625,2.5
3311,3304,8.0859375,3.9375,2.8125
3312,3312,7.265625,1.515625,1.5625
3313,3312,5.21875,4.4140625,4.625
3314,3312,7.1796875,3.765625,2.734375
3315,3312,6.8984375,2.890625,2.84375
3316,3312,6.4609375,1.40625,2.359375
3317,3312,7.703125,-0.828125,1.0625
3318,3312,3.2109375,0.296875,0.765625
3319,3312,5.46875,2.5234375,2.21875
3320,3320,8.609375,0.734375,1.4375
3321,3320,9.0,4.5234375,4.28125
3322,3320,10.2265625,4.4140625,2.71875
3323,3320,6.6953125,4.6171875,2.96875
3324,3320,6.265625,2.640625,2.6875
3325,3320,8.328125,4.6171875,3.984375
3326,3320,6.2578125,1.296875,1.09375
3327,3320,8.046875,3.8828125,3.78125
3328,3328,7.7265625,3.140625,3.15625
3329,3328,5.453125,2.21875,2.890625
3330,3328,8.4765625,3.0234375,2.859375
3331,3328,5.34375,3.1796875,1.703125
3332,3328,4.8671875,4.21875,2.6875
3333,3328,7.7265625,2.7109375,2.328125
3334,3328,8.890625,1.828125,1.765625
3335,3328,7.2578125,4.46875,4.234375
3336,3336,6.796875,3.546875,3.65625
3337,3336,11.1171875,3.3671875,3.359375
3338,3336,8.0546875,3.78125,3.859375
3339,3336,7.51953125,4.4609375,4.640625
3340,3336,7.578125,3.4375,3.109375
3341,3336,7.3984375,-0.1875,1.75
3342,3336,7.09375,-1.375,1.421875
3343,3336,6.421875,-0.34375,0.90625
3344,3344,9.7421875,4.1015625,3.03125
3345,3344,7.2421875,3.390625,2.40625
3346,3344,4.9375,4.78125,4.796875
3347,3344,6.7734375,1.6875,1.984375
3348,3344,8.6640625,3.421875,2.421875
3349,3344,6.1015625,1.640625,1.265625
3350,3344,9.140625,3.7890625,4.078125
3351,3344,4.8984375,1.453125,2.0
3352,3352,7.421875,3.9609375,3.265625
3353,3352,6.44921875,3.4453125,2.640625
3354,3352,6.0234375,2.703125,2.546875
3355,3352,7.671875,3.171875,3.453125
3356,3352,7.56640625,3.9140625,3.453125
3357,3352,8.2109375,4.625,3.953125
3358,3352,8.390625,3.765625,2.890625
3359,3352,7.3828125,4.328125,3.90625
3360,3360,5.7890625,1.8125,1.265625
3361,3360,6.3359375,4.2265625,3.71875
3362,3360,6.01953125,4.578125,4.0625
3363,3360,8.4765625,4.671875,4.125
3364,3360,6.828125,3.1171875,1.984375
3365,3360,8.515625,4.4609375,4.4375
3366,3360,9.4921875,1.828125,1.578125
3367,3360,6.6640625,1.03125,1.515625
3368,3368,7.0,1.375,1.953125
3369,3368,8.8984375,4.765625,4.0625
3370,3368,6.515625,2.9296875,1.984375
3371,3368,6.78125,2.1875,2.25
3372,3368,7.375,3.96875,3.265625
3373,3368,7.0546875,1.78125,2.1875
3374,3368,4.4140625,2.171875,2.234375
3375,3368,5.93359375,4.515625,3.390625
3376,3376,9.171875,3.4296875,2.71875
3377,3376,6.4140625,4.0546875,2.640625
3378,3376,6.1328125,3.1328125,2.734375
3379,3376,6.7265625,3.953125,3.9375
3380,3376,9.7265625,1.421875,2.046875
3381,3376,3.046875,-0.859375,1.8125
3382,3376,3.875,1.59375,1.921875
3383,3376,7.671875,3.7734375,2.875
3384,3384,7.2109375,4.125,3.296875
3385,3384,9.4921875,4.34375,3.53125
3386,3384,6.359375,1.96875,2.265625
3387,3384,6.046875,2.84375,1.796875
3388,3384,6.8046875,4.1875,3.265625
3389,3384,6.7109375,4.390625,3.84375
3390,3384,5.7265625,4.078125,3.15625
3391,3384,4.8046875,3.453125,2.53125
3392,3392,9.140625,1.53125,1.96875
3393,3392,5.6484375,3.4375,3.140625
3394,3392,6.328125,3.7421875,3.078125
3395,3392,7.3046875,3.2578125,3.515625
3396,3392,7.34375,2.8359375,1.609375
3397,3392,8.5390625,1.828125,2.34375
3398,3392,9.28125,4.140625,2.78125
3399,3392,8.8828125,3.0625,2.4375
3400,3400,8.484375,4.4296875,3.15625
3401,3400,11.03125,2.546875,2.96875
3402,3400,6.84375,4.40625,3.46875
3403,3400,5.78125,4.5,3.828125
3404,3400,9.3984375,4.5546875,3.828125
3405,3400,3.2109375,2.15625,2.234375
3406,3400,7.7890625,1.125,2.234375
3407,3400,5.4296875,3.9921875,2.5
3408,3408,6.7734375,1.046875,1.359375
3409,3408,6.71875,2.4375,2.078125
3410,3408,4.0390625,0.046875,1.609375
3411,3408,5.9609375,0.6875,1.71875
3412,3408,7.3046875,2.75,2.5625
3413,3408,9.5703125,4.078125,2.921875
3414,3408,2.9765625,-3.453125,-0.53125
3415,3408,4.88671875,4.03125,3.109375
3416,3416,4.234375,2.859375,3.171875
3417,3416,5.7734375,-1.203125,1.1875
3418,3416,2.8359375,0.328125,1.03125
3419,3416,2.2109375,3.8828125,2.40625
3420,3416,3.234375,-0.15625,1.4375
3421,3416,5.515625,-2.265625,1.6875
3422,3416,2.90625,3.0625,3.171875
3423,3416,3.2109375,0.171875,1.28125
3424,3424,3.875,3.6171875,2.125
3425,3424,6.53125,-2.625,0.59375
3426,3424,3.765625,-0.4375,2.921875
3427,3424,5.9375,3.3125,3.40625
3428,3424,8.6640625,0.375,1.859375
3429,3424,7.5,3.984375,3.703125
3430,3424,6.75,2.46875,2.390625
3431,3424,1.8671875,-2.171875,1.046875
3432,3432,5.8515625,2.234375,3.125
3433,3432,7.578125,1.703125,2.28125
3434,3432,3.984375,-0.34375,1.828125
3435,3432,5.046875,-2.265625,0.015625
3436,3432,7.3203125,2.796875,3.875
3437,3432,4.9375,0.359375,1.703125
3438,3432,0.9453125,-0.625,2.0
3439,3432,3.5625,-0.640625,1.65625
3440,3440,6.1796875,2.65625,1.953125
3441,3440,2.0390625,-2.203125,-0.375
3442,3440,4.7109375,1.5390625,3.046875
3443,3440,6.625,1.4375,3.53125
3444,3440,2.03125,0.140625,2.03125
3445,3440,5.203125,1.9453125,2.46875
3446,3440,4.2109375,1.171875,1.625
3447,3440,7.2421875,1.15625,1.390625
3448,3448,3.6171875,-2.765625,-0.125
3449,3448,7.4609375,1.71875,2.265625
3450,3448,11.734375,4.0625,2.90625
3451,3448,6.9296875,1.7890625,1.21875
3452,3448,6.9296875,0.984375,1.328125
3453,3448,6.6328125,2.125,2.515625
3454,3448,5.875,0.578125,1.609375
3455,3448,4.8125,0.15625,1.25
3456,3456,4.015625,0.8046875,1.640625
3457,3456,3.1640625,-1.640625,1.328125
3458,3456,7.515625,0.9375,1.625
3459,3456,4.421875,-0.234375,0.84375
3460,3456,2.2734375,1.015625,1.90625
3461,3456,4.4765625,2.015625,3.390625
3462,3456,8.8515625,2.34375,1.59375
3463,3456,4.3515625,0.15625,1.78125
3464,3464,4.8359375,-0.34375,1.921875
3465,3464,3.15625,-0.265625,1.375
3466,3464,6.7109375,1.96875,1.9375
3467,3464,6.3046875,1.078125,1.125
3468,3464,6.2734375,-0.125,1.671875
3469,3464,5.4296875,0.75,1.09375
3470,3464,5.8984375,3.7265625,2.828125
3471,3464,5.6484375,-2.734375,1.421875
3472,3472,6.7109375,3.4296875,2.21875
3473,3472,3.7109375,-0.265625,1.109375
3474,3472,6.3515625,0.28125,1.578125
3475,3472,3.15625,0.46875,1.421875
3476,3472,6.8203125,2.6875,2.046875
3477,3472,3.6953125,-2.9765625,-0.1875
3478,3472,5.484375,-2.375,0.640625
3479,3472,4.109375,-0.859375,1.28125
3480,3480,8.7265625,3.5390625,3.59375
3481,3480,8.4765625,3.6171875,3.0
3482,3480,5.984375,0.625,1.125
3483,3480,6.9609375,2.09375,3.09375
3484,3480,5.578125,1.28125,2.359375
3485,3480,5.1171875,-2.234375,0.25
3486,3480,5.25,1.59375,1.71875
3487,3480,3.515625,2.5859375,1.90625
3488,3488,6.96875,0.109375,3.171875
3489,3488,7.3046875,3.5703125,2.5
3490,3488,-2.078125,0.390625,1.890625
3491,3488,4.859375,1.203125,0.9375
3492,3488,2.84375,0.140625,0.84375
3493,3488,0.46875,0.8125,1.640625
3494,3488,5.0625,4.8359375,4.09375
3495,3488,4.2734375,2.5078125,2.09375
3496,3496,4.7421875,-2.84375,0.40625
3497,3496,8.03125,-3.0703125,1.203125
3498,3496,6.953125,0.296875,1.875
3499,3496,9.2890625,4.453125,1.828125
3500,3496,6.375,0.34375,1.109375
3501,3496,5.3203125,1.9609375,1.359375
3502,3496,5.3828125,-1.671875,0.640625
3503,3496,5.7734375,-5.1328125,-0.203125
3504,3504,7.2265625,-0.25,1.109375
3505,3504,6.7109375,-4.109375,0.4375
3506,3504,4.828125,-1.671875,0.71875
3507,3504,4.9609375,-0.640625,0.296875
3508,3504,7.421875,-5.6328125,-0.921875
3509,3504,3.296875,-3.515625,-1.1875
3510,3504,6.390625,-0.84375,1.375
3511,3504,5.4609375,-0.875,1.140625
3512,3512,9.90625,-3.8203125,-0.265625
3513,3512,8.1875,0.421875,1.1875
3514,3512,2.765625,2.5390625,2.1875
3515,3512,3.578125,-3.0,0.59375
3516,3512,7.0078125,2.578125,1.921875
3517,3512,4.90625,-1.1875,1.21875
3518,3512,5.875,-2.375,-0.75
3519,3512,4.828125,1.046875,1.1875
3520,3520,6.0625,-1.296875,0.59375
3521,3520,6.609375,0.734375,1.546875
3522,3520,6.078125,0.859375,0.75
3523,3520,4.7265625,3.484375,2.609375
3524,3520,5.5234375,-5.15625,-1.171875
3525,3520,2.640625,0.0625,0.40625
3526,3520,5.9453125,-3.015625,0.625
3527,3520,5.90625,-2.78125,0.734375
3528,3528,6.3515625,-2.453125,0.765625
3529,3528,7.0234375,-0.328125,0.875
3530,3528,7.59375,-0.46875,1.359375
3531,3528,7.6171875,-1.296875,0.875
3532,3528,5.21875,-1.828125,0.359375
3533,3528,2.4765625,-3.078125,-0.046875
3534,3528,6.1171875,-1.328125,2.34375
3535,3528,7.3828125,-2.203125,-0.5625
3536,3536,6.2109375,0.8125,2.3125
3537,3536,3.546875,-2.7109375,0.953125
3538,3536,7.0078125,-3.7734375,0.328125
3539,3536,8.6484375,4.546875,3.25
3540,3536,5.28125,0.65625,1.0625
3541,3536,2.2421875,-0.3125,1.578125
3542,3536,6.328125,-4.6875,-0.34375
3543,3536,7.140625,-2.953125,0.28125
3544,3544,5.421875,-1.765625,0.765625
3545,3544,4.28125,-2.140625,0.734375
3546,3544,6.0546875,-2.484375,1.296875
3547,3544,4.390625,-3.4921875,-1.390625
3548,3544,1.6796875,-2.296875,0.859375
3549,3544,5.8125,-0.71875,1.390625
3550,3544,4.0625,-3.78125,0.890625
3551,3544,4.1796875,-3.4140625,1.625
3552,3552,4.2890625,-0.359375,0.796875
3553,3552,6.171875,-2.015625,1.0
3554,3552,6.3671875,1.1875,1.328125
3555,3552,7.7421875,2.6328125,2.078125
3556,3552,6.46875,-4.0546875,1.0
3557,3552,6.75,-2.421875,0.515625
3558,3552,5.265625,1.515625,0.28125
3559,3552,5.625,-0.59375,0.046875
3560,3560,5.484375,-4.546875,0.25
3561,3560,2.96875,-2.21875,0.546875
3562,3560,3.9921875,2.7421875,1.890625
3563,3560,2.6796875,-1.234375,0.390625
3564,3560,4.953125,-0.484375,1.484375
3565,3560,4.21875,-2.046875,0.5
3566,3560,8.0234375,-4.6015625,0.5625
3567,3560,5.2265625,-5.0703125,-0.328125
3568,3568,6.609375,-1.625,0.984375
3569,3568,6.2734375,1.453125,0.484375
3570,3568,6.5,-4.5625,0.390625
3571,3568,6.7109375,-2.140625,1.078125
3572,3568,4.7578125,0.796875,1.234375
3573,3568,3.6953125,-5.078125,-1.15625
3574,3568,9.65625,-5.3515625,1.28125
3575,3568,5.953125,-1.296875,0.75
3576,3576,4.9453125,2.421875,2.453125
3577,3576,3.8203125,-3.140625,0.296875
3578,3576,6.28125,3.09375,2.359375
3579,3576,6.6875,1.25,1.734375
3580,3576,7.1015625,-4.1484375,-0.9375
3581,3576,8.0859375,-4.2890625,0.953125
3582,3576,11.046875,3.875,2.84375
3583,3576,4.25,-3.6015625,0.640625
3584,3584,7.08203125,0.671875,1.234375
3585,3584,2.109375,-2.28125,-0.234375
3586,3584,5.8203125,1.015625,1.015625
3587,3584,6.7890625,-2.71875,0.640625
3588,3584,5.6484375,-1.390625,1.40625
3589,3584,1.1875,-0.171875,0.359375
3590,3584,7.9296875,1.0625,1.0
3591,3584,4.4375,-0.5,1.125
3592,3592,6.1015625,-1.09375,0.03125
3593,3592,7.0234375,1.3125,0.640625
3594,3592,4.6875,-1.296875,0.859375
3595,3592,7.7421875,3.296875,3.421875
3596,3592,6.015625,0.125,0.3125
3597,3592,0.96875,-4.3515625,1.046875
3598,3592,7.03125,2.765625,2.1875
3599,3592,6.265625,0.171875,1.96875
3600,3600,8.921875,0.890625,1.875
3601,3600,7.0234375,0.515625,0.828125
3602,3600,5.75,0.640625,1.9375
3603,3600,2.6640625,-3.078125,0.234375
3604,3600,7.53125,2.484375,2.71875
3605,3600,7.453125,0.46875,2.859375
3606,3600,5.1796875,-1.734375,-0.609375
3607,3600,5.03125,0.5,1.328125
3608,3608,6.3203125,-2.375,-0.234375
3609,3608,5.875,2.5625,2.828125
3610,3608,4.109375,-0.609375,1.453125
3611,3608,6.3984375,-2.484375,0.859375
3612,3608,5.0390625,2.453125,2.21875
3613,3608,5.921875,-2.1484375,1.25
3614,3608,5.3828125,2.8515625,3.015625
3615,3608,6.59375,2.9453125,2.328125
3616,3616,6.96875,2.5546875,2.5625
3617,3616,6.0625,0.4375,1.234375
3618,3616,5.5390625,-0.46875,1.09375
3619,3616,4.1484375,-0.9375,0.296875
3620,3616,5.890625,1.140625,2.03125
3621,3616,6.3125,1.765625,1.515625
3622,3616,4.8203125,0.734375,1.9375
3623,3616,6.1796875,-4.3984375,0.21875
3624,3624,9.4453125,-0.359375,3.265625
3625,3624,4.984375,-2.171875,0.734375
3626,3624,5.1171875,-2.375,1.0625
3627,3624,6.5859375,0.21875,1.421875
3628,3624,5.0,1.578125,2.59375
3629,3624,3.6640625,-1.734375,0.890625
3630,3624,3.7890625,-0.21875,1.125
3631,3624,2.3984375,-0.703125,0.984375
3632,3632,7.109375,-0.9375,1.078125
3633,3632,5.34375,-1.5625,0.78125
3634,3632,4.703125,-2.328125,0.671875
3635,3632,5.5234375,1.78125,1.640625
3636,3632,6.90625,0.8125,1.15625
3637,3632,5.9140625,-2.375,1.8125
3638,3632,3.8046875,-2.28125,0.546875
3639,3632,4.9921875,1.203125,1.5
3640,3640,5.8671875,-1.4375,1.734375
3641,3640,8.25,-1.296875,0.640625
3642,3640,5.515625,0.859375,0.8125
3643,3640,6.453125,1.734375,1.6875
3644,3640,5.96875,-2.625,0.09375
3645,3640,4.3515625,-0.3671875,1.09375
3646,3640,4.2890625,-0.859375,1.0
3647,3640,6.3828125,-4.765625,0.640625
3648,3648,5.3359375,-3.140625,0.96875
3649,3648,7.78125,1.25,1.390625
3650,3648,5.6640625,-5.0,-0.65625
3651,3648,5.078125,2.28125,2.234375
3652,3648,5.6015625,1.40625,1.890625
3653,3648,5.8984375,2.46875,1.84375
3654,3648,3.234375,-1.0234375,0.984375
3655,3648,4.125,-0.671875,0.96875
3656,3656,4.8984375,-1.4375,1.03125
3657,3656,6.25,-5.171875,0.96875
3658,3656,5.0390625,-0.125,1.4375
3659,3656,4.515625,2.125,1.75
3660,3656,7.59375,-0.90625,0.578125
3661,3656,8.3359375,0.828125,1.5625
3662,3656,6.34375,-3.3125,0.671875
3663,3656,4.1484375,-0.328125,1.96875
3664,3664,4.4453125,0.09375,1.203125
3665,3664,6.8515625,2.953125,1.921875
3666,3664,7.359375,2.0625,1.640625
3667,3664,9.0078125,2.296875,1.96875
3668,3664,4.3828125,-3.203125,0.3125
3669,3664,7.765625,-0.859375,1.40625
3670,3664,7.828125,0.953125,1.03125
3671,3664,5.5078125,-1.671875,-0.9375
3672,3672,8.015625,1.96875,1.171875
3673,3672,5.265625,-3.0703125,0.375
3674,3672,2.7890625,-1.328125,0.25
3675,3672,4.1015625,0.140625,1.125
3676,3672,3.75,-0.140625,1.28125
3677,3672,9.0703125,-5.0546875,0.484375
3678,3672,5.8359375,-2.15625,0.65625
3679,3672,8.078125,-4.46875,0.65625
3680,3680,7.4765625,-3.6171875,0.5625
3681,3680,5.0625,-4.1875,0.625
3682,3680,6.8515625,-3.46875,0.609375
3683,3680,5.84375,-1.375,0.765625
3684,3680,5.96875,-0.734375,0.859375
3685,3680,6.078125,-3.3359375,-1.171875
3686,3680,-1.6328125,-1.265625,-2.1875
3687,3680,-0.4140625,0.828125,-2.0
3688,3688,3.234375,-0.171875,-3.578125
3689,3688,3.359375,-1.8828125,-1.828125
3690,3688,1.78125,0.75,-2.9375
3691,3688,-6.5,0.0703125,0.609375
3692,3688,-1.0625,-0.6796875,-2.625
3693,3688,1.9609375,1.625,-2.75
3694,3688,-2.8828125,-1.515625,-2.34375
3695,3688,0.375,1.5546875,-0.59375
3696,3696,6.3046875,-2.21875,-2.859375
3697,3696,-6.3359375,-1.296875,-0.984375
3698,3696,0.703125,-0.3359375,-3.28125
3699,3696,3.5234375,0.875,0.40625
3700,3696,3.3046875,-1.1015625,-4.9375
3701,3696,-0.859375,-0.03125,-3.5703125
3702,3696,-5.5703125,0.90625,0.484375
3703,3696,2.5078125,-0.953125,-1.796875
3704,3704,2.6875,0.3046875,-2.171875
3705,3704,8.375,-0.4921875,-4.21875
3706,3704,2.2734375,0.90625,-4.640625
3707,3704,-0.5390625,0.21875,-1.296875
3708,3704,2.2578125,0.140625,0.8125
3709,3704,4.0546875,2.2265625,-1.140625
3710,3704,4.171875,0.109375,2.8125
3711,3704,5.7421875,0.5859375,-0.09375
3712,3712,0.8046875,-0.578125,0.640625
3713,3712,3.0546875,1.4375,-2.046875
3714,3712,0.2109375,0.40625,1.546875
3715,3712,2.09375,0.7109375,-2.875
3716,3712,-0.90625,-0.1796875,0.53125
3717,3712,6.546875,1.875,0.203125
3718,3712,-1.390625,1.2578125,1.390625
3719,3712,2.03125,0.625,-3.0625
3720,3720,-0.8046875,-1.21875,-0.3125
3721,3720,6.1953125,2.6875,-0.5
3722,3720,1.75,-0.4140625,0.0
3723,3720,4.9609375,-0.546875,-3.375
3724,3720,0.59375,-0.8671875,0.203125
3725,3720,4.3125,1.828125,-0.484375
3726,3720,-0.4296875,0.4765625,1.28125
3727,3720,4.8203125,0.4375,-1.203125
3728,3728,1.078125,-0.578125,0.265625
3729,3728,5.5625,2.28125,-1.3125
3730,3728,3.796875,0.78125,0.71875
3731,3728,5.4765625,0.984375,-2.71875
3732,3728,0.1015625,-0.640625,0.859375
3733,3728,5.828125,1.2890625,-1.0
3734,3728,-0.4296875,-0.421875,0.328125
3735,3728,3.9765625,0.7578125,-0.84375
3736,3736,0.5546875,0.078125,1.34375
3737,3736,4.3515625,-0.3359375,-3.140625
3738,3736,0.390625,-0.671875,0.015625
3739,3736,3.0859375,1.7578125,-1.03125
3740,3736,-2.875,0.1328125,0.859375
3741,3736,4.03125,1.5625,-3.765625
3742,3736,1.8046875,0.1875,-1.84375
3743,3736,4.53125,1.9375,-2.078125
3744,3744,2.2734375,-0.296875,1.21875
3745,3744,5.390625,1.8203125,0.65625
3746,3744,-0.03125,-0.3125,0.65625
3747,3744,5.6953125,2.109375,-0.875
3748,3744,0.6171875,0.109375,0.421875
3749,3744,5.4375,2.734375,-2.609375
3750,3744,1.953125,-0.5390625,-0.15625
3751,3744,2.8828125,1.4375,0.375
3752,3752,0.703125,-0.3984375,0.484375
3753,3752,2.4296875,0.859375,0.078125
3754,3752,-0.8203125,0.34375,1.921875
3755,3752,8.171875,1.6640625,-1.46875
3756,3752,2.1640625,-0.703125,1.25
3757,3752,7.0703125,1.609375,0.140625
3758,3752,5.59375,0.0703125,0.828125
3759,3752,5.3359375,1.6796875,-1.15625
3760,3760,2.8515625,1.375,-0.5
3761,3760,5.4609375,1.9140625,-0.171875
3762,3760,-0.3203125,0.8359375,0.984375
3763,3760,4.0625,1.9140625,0.3125
3764,3760,0.0546875,0.5625,0.5
3765,3760,8.3671875,1.1484375,1.0625
3766,3760,0.9296875,-1.390625,1.625
3767,3760,5.4140625,0.25,-1.375
3768,3768,-0.9375,-0.578125,0.1875
3769,3768,4.8984375,0.546875,-0.703125
3770,3768,0.5078125,-1.5859375,0.90625
3771,3768,3.9765625,2.359375,0.078125
3772,3768,1.59375,-0.9453125,-0.1875
3773,3768,5.5703125,2.671875,0.3125
3774,3768,4.5390625,-0.703125,0.640625
3775,3768,5.265625,-0.1171875,-0.546875
3776,3776,2.8046875,-1.5078125,0.1875
3777,3776,5.71875,1.671875,0.421875
3778,3776,0.953125,0.109375,-0.140625
3779,3776,7.25,-1.6796875,-2.015625
3780,3776,2.859375,-0.2890625,1.78125
3781,3776,2.1796875,1.3515625,-2.609375
3782,3776,-0.5,-0.1796875,-0.375
3783,3776,7.0625,2.9921875,-3.5
3784,3784,1.6328125,0.7890625,-4.109375
3785,3784,1.65625,3.40625,-0.671875
3786,3784,-2.046875,0.140625,0.203125
3787,3784,6.765625,3.3984375,1.125
3788,3784,-0.3046875,-0.6171875,-0.328125
3789,3784,6.4140625,2.171875,-1.171875
3790,3784,0.90625,0.1796875,0.21875
3791,3784,5.109375,1.5625,-1.0
3792,3792,1.0625,-0.484375,0.5
3793,3792,4.0078125,3.1328125,-0.734375
3794,3792,1.1796875,0.875,0.15625
3795,3792,4.5859375,1.0625,-1.859375
3796,3792,0.3359375,-0.84375,0.0
3797,3792,5.6875,0.8984375,-0.34375
3798,3792,0.359375,-0.46875,-0.015625
3799,3792,6.9375,0.078125,-1.546875
3800,3800,1.3125,0.40625,0.78125
3801,3800,2.984375,2.125,-0.03125
3802,3800,-1.15625,0.109375,0.921875
3803,3800,4.2265625,0.1171875,-3.0625
3804,3800,-0.703125,-0.1953125,0.640625
3805,3800,7.2109375,0.59375,-0.515625
3806,3800,4.7890625,0.6015625,0.515625
3807,3800,0.1171875,0.4140625,-2.71875
3808,3808,1.84375,0.0546875,-0.390625
3809,3808,7.6171875,-0.390625,-2.96875
3810,3808,1.375,-0.2265625,-0.15625
3811,3808,2.4609375,0.859375,-3.421875
3812,3808,0.66015625,0.53125,1.109375
3813,3808,5.046875,0.984375,-3.53125
3814,3808,2.6953125,-0.1953125,-0.375
3815,3808,3.3828125,-0.53125,-2.765625
3816,3816,-1.1953125,0.2109375,-0.03125
3817,3816,5.3671875,2.359375,-0.234375
3818,3816,-1.4765625,-0.4765625,0.0
3819,3816,3.4296875,-0.84375,-1.609375
3820,3816,-0.0859375,-0.7109375,-0.25
3821,3816,5.6328125,0.8125,-0.125
3822,3816,2.234375,0.0703125,0.40625
3823,3816,4.6015625,0.34375,-1.5625
3824,3824,3.1796875,-0.46875,0.390625
3825,3824,3.453125,0.796875,-1.9375
3826,3824,-1.890625,0.2890625,-0.296875
3827,3824,6.21875,-0.3125,-1.59375
3828,3824,2.890625,-0.5390625,0.390625
3829,3824,4.375,1.4140625,-1.015625
3830,3824,-0.140625,-0.578125,0.75
3831,3824,3.765625,1.6640625,-4.34375
3832,3832,-0.25,-0.1953125,0.46875
3833,3832,2.984375,-0.6328125,-1.34375
3834,3832,0.53125,0.5234375,0.734375
3835,3832,3.2421875,1.78125,2.375
3836,3832,0.2890625,-1.71875,-1.28125
3837,3832,2.0234375,2.3359375,-3.921875
3838,3832,0.7109375,1.078125,0.0
3839,3832,3.515625,2.1796875,-0.453125
3840,3840,2.4375,0.6484375,0.125
3841,3840,4.5859375,1.90625,0.96875
3842,3840,0.7578125,0.6953125,0.953125
3843,3840,4.65625,2.203125,0.671875
3844,3840,2.890625,-0.125,1.421875
3845,3840,5.3828125,1.28125,-0.28125
3846,3840,-0.21875,-1.3046875,0.0625
3847,3840,3.34375,0.65625,-2.640625
3848,3848,2.078125,0.171875,1.140625
3849,3848,7.7421875,0.734375,-1.28125
3850,3848,0.7421875,-0.0625,0.5625
3851,3848,2.4375,-0.4609375,-2.796875
3852,3848,2.6015625,0.09375,0.078125
3853,3848,5.84375,1.515625,-1.59375
3854,3848,-2.03125,0.0859375,0.5625
3855,3848,4.3515625,0.515625,-1.609375
3856,3856,4.0234375,0.21875,0.15625
3857,3856,4.15625,3.359375,-1.390625
3858,3856,0.875,0.8046875,0.671875
3859,3856,6.296875,1.5859375,-2.859375
3860,3856,4.453125,1.359375,2.625
3861,3856,4.0,0.9765625,-2.578125
3862,3856,-1.765625,0.046875,0.546875
3863,3856,5.734375,4.1953125,-2.609375
3864,3864,1.359375,0.3046875,-1.171875
3865,3864,9.1640625,-0.328125,-0.453125
3866,3864,5.7734375,-0.6953125,0.875
3867,3864,6.0390625,1.7890625,0.359375
3868,3864,-0.2421875,-0.1875,-0.140625
3869,3864,5.9296875,3.2109375,2.453125
3870,3864,-0.609375,-0.1875,0.3125
3871,3864,7.3046875,3.21875,0.0625
3872,3872,0.5625,0.6796875,0.28125
3873,3872,6.96875,1.5078125,-1.734375
3874,3872,4.09375,0.359375,0.09375
3875,3872,3.5234375,0.7578125,-2.125
3876,3872,0.5546875,-0.234375,0.296875
3877,3872,4.8828125,0.9453125,-3.46875
3878,3872,2.6875,-0.8203125,0.140625
3879,3872,6.421875,2.7890625,-3.046875
3880,3880,-0.0859375,0.28125,-0.4375
3881,3880,4.0390625,1.953125,-0.0625
3882,3880,-0.9140625,0.5234375,1.078125
3883,3880,2.9921875,-1.4921875,-3.171875
3884,3880,1.4609375,-0.515625,-0.015625
3885,3880,4.4296875,0.5390625,-1.6875
3886,3880,2.7578125,-0.296875,0.328125
3887,3880,4.0078125,0.34375,-3.5
3888,3888,2.203125,1.0,0.03125
3889,3888,5.3984375,-0.453125,-1.21875
3890,3888,3.4609375,-1.359375,0.65625
3891,3888,2.7890625,1.6953125,-2.34375
3892,3888,-4.2109375,-0.2578125,0.578125
3893,3888,4.1484375,1.546875,-3.453125
3894,3888,1.3828125,0.203125,0.15625
3895,3888,6.390625,0.953125,-1.328125
3896,3896,0.3125,-0.265625,-2.015625
3897,3896,1.3046875,1.8515625,1.96875
3898,3896,0.875,-0.265625,1.109375
3899,3896,2.6875,2.46875,-2.34375
3900,3896,2.375,0.1015625,-0.046875
3901,3896,5.4140625,2.765625,-2.28125
3902,3896,4.640625,0.6015625,-0.40625
3903,3896,4.921875,1.40625,-1.640625
3904,3904,1.2265625,-0.0078125,0.875
3905,3904,7.4921875,3.21875,-2.21875
3906,3904,-1.1640625,0.0859375,0.203125
3907,3904,3.8671875,1.109375,-1.671875
3908,3904,0.78125,-0.625,1.203125
3909,3904,4.28125,2.515625,-0.3125
3910,3904,3.015625,-0.1875,-0.578125
3911,3904,5.328125,2.6328125,-1.640625
3912,3912,-0.0390625,-0.171875,0.046875
3913,3912,2.390625,0.7421875,1.796875
3914,3912,5.3828125,1.734375,1.5625
3915,3912,2.609375,0.6640625,1.203125
3916,3912,5.1640625,0.2734375,0.140625
3917,3912,4.890625,1.8125,-0.859375
3918,3912,1.25,0.296875,-0.203125
3919,3912,4.3828125,1.3828125,0.328125
3920,3920,1.59375,-0.2578125,-0.5
3921,3920,1.8671875,0.140625,-1.703125
3922,3920,3.1640625,0.671875,-1.3125
3923,3920,-0.6484375,-0.1171875,4.265625
3924,3920,3.9375,0.28125,-3.9375
3925,3920,0.25,-0.3828125,-0.140625
3926,3920,5.3671875,3.7890625,0.921875
3927,3920,1.9765625,-0.1171875,0.703125
3928,3928,3.390625,1.734375,-3.0
3929,3928,-2.15625,0.0390625,-0.3125
3930,3928,3.6015625,2.3203125,0.953125
3931,3928,1.0390625,1.609375,1.484375
3932,3928,5.8515625,-0.4296875,-2.390625
3933,3928,7.109375,-0.2109375,0.828125
3934,3928,5.6953125,1.2578125,0.21875
3935,3928,4.09375,1.953125,5.46875
3936,3936,4.7890625,1.59375,-1.59375
3937,3936,6.359375,0.1875,1.375
3938,3936,4.421875,2.296875,1.296875
3939,3936,0.4453125,-0.046875,0.71875
3940,3936,9.8984375,2.5390625,1.265625
3941,3936,4.4140625,-0.8125,0.484375
3942,3936,8.8046875,0.9296875,1.0
3943,3936,1.328125,-0.34375,3.546875
3944,3944,4.5859375,2.5703125,0.5625
3945,3944,2.1171875,0.09375,0.203125
3946,3944,4.953125,-0.125,-3.09375
3947,3944,-0.0078125,-0.71875,0.0625
3948,3944,6.234375,0.53125,-2.8125
3949,3944,-0.25,0.734375,1.671875
3950,3944,4.640625,1.96875,-0.515625
3951,3944,0.890625,-0.359375,0.15625
3952,3952,6.3671875,-0.2890625,-0.484375
3953,3952,1.25,-1.15625,-0.109375
3954,3952,6.5234375,2.1640625,0.4375
3955,3952,0.71875,-0.484375,0.484375
3956,3952,1.3671875,-0.1015625,-0.71875
3957,3952,2.15625,1.8125,-1.5
3958,3952,-1.0546875,-0.90625,1.484375
3959,3952,4.734375,1.6796875,-0.21875
3960,3960,1.890625,0.1796875,-0.109375
3961,3960,5.8203125,2.546875,-1.5625
3962,3960,2.1875,0.78125,-0.78125
3963,3960,2.390625,0.09375,-0.90625
3964,3960,2.8125,0.421875,0.015625
3965,3960,0.7421875,-2.28125,-2.125
3966,3960,2.09375,-0.4453125,-0.203125
3967,3960,2.4140625,2.0390625,-1.6875
3968,3968,0.90625,0.109375,1.046875
3969,3968,4.5234375,1.7734375,-0.03125
3970,3968,1.28125,0.2109375,1.0
3971,3968,7.7734375,3.375,-1.171875
3972,3968,2.6875,0.734375,-0.0625
3973,3968,-2.7578125,-0.671875,0.125
3974,3968,3.890625,2.25,-1.5625
3975,3968,-0.5703125,0.5078125,0.125
3976,3976,4.8046875,1.4765625,-1.640625
3977,3976,5.546875,1.2109375,0.703125
3978,3976,2.8203125,0.03125,0.21875
3979,3976,4.03125,1.8046875,-0.96875
3980,3976,0.1875,0.8125,1.765625
3981,3976,3.21875,2.3125,-3.03125
3982,3976,0.65625,-0.0078125,-0.953125
3983,3976,5.6796875,-0.375,0.4375
3984,3984,1.4609375,0.890625,1.6875
3985,3984,3.484375,-0.3125,-2.5625
3986,3984,-1.3203125,-0.5546875,-0.046875
3987,3984,6.6640625,2.09375,1.140625
3988,3984,1.2890625,-0.7734375,0.421875
3989,3984,6.1171875,-0.296875,-0.5625
3990,3984,0.2265625,-1.8359375,0.3125
3991,3984,3.484375,0.5,-1.078125
3992,3992,2.453125,0.453125,0.171875
3993,3992,3.625,2.4140625,-0.546875
3994,3992,1.4296875,-0.390625,-1.28125
3995,3992,2.9609375,-0.8984375,-1.453125
3996,3992,1.5,0.28125,1.5625
3997,3992,5.1015625,1.65625,1.140625
3998,3992,0.59375,-0.2734375,0.96875
3999,3992,4.0078125,2.296875,-0.953125
4000,4000,-1.21875,0.5546875,0.5625
4001,4000,0.8515625,-0.0703125,1.40625
4002,4000,5.0546875,0.109375,-1.875
4003,4000,0.6953125,-0.4609375,2.921875
4004,4000,3.796875,0.3984375,-1.421875
4005,4000,-0.6484375,-0.390625,-1.03125
4006,4000,5.703125,2.5546875,-0.75
4007,4000,0.203125,0.9140625,1.84375
4008,4008,4.0234375,-0.203125,-2.609375
4009,4008,-1.0078125,-0.78125,0.59375
4010,4008,3.671875,1.0234375,-1.296875
4011,4008,0.40625,0.4921875,0.28125
4012,4008,6.0859375,1.75,-2.671875
4013,4008,2.984375,0.1171875,0.671875
4014,4008,5.234375,3.4921875,-0.1875
4015,4008,0.640625,1.421875,5.59375
4016,4016,6.25,3.5,-0.6875
4017,4016,2.03125,0.7265625,-0.015625
4018,4016,5.5,2.796875,-3.296875
4019,4016,4.1875,0.2265625,-0.734375
4020,4016,5.8671875,2.7734375,1.125
4021,4016,2.3671875,0.0,0.15625
4022,4016,4.5703125,-0.515625,-1.71875
4023,4016,1.0546875,-0.625,-3.375
4024,4024,2.953125,1.0859375,-0.8125
4025,4024,1.5703125,0.234375,-0.203125
4026,4024,4.578125,0.5078125,-1.8125
4027,4024,2.765625,0.578125,-0.15625
4028,4024,5.7109375,2.5859375,-0.375
4029,4024,1.2421875,-0.515625,0.421875
4030,4024,4.328125,2.2734375,-0.609375
4031,4024,0.515625,-0.390625,0.1875
4032,4032,5.703125,1.5,-1.65625
4033,4032,-0.4296875,1.640625,1.375
4034,4032,3.2109375,2.1171875,-2.609375
4035,4032,-0.9140625,-0.0703125,-0.0625
4036,4032,4.7421875,-0.203125,-0.328125
4037,4032,2.8828125,-0.9921875,-0.09375
4038,4032,3.3515625,1.5625,-1.140625
4039,4032,0.0703125,0.875,-0.21875
4040,4040,2.3125,1.625,-0.5625
4041,4040,-0.5859375,0.5703125,0.40625
4042,4040,5.5078125,3.5546875,-1.109375
4043,4040,-0.1875,1.3515625,0.078125
4044,4040,2.4921875,2.2890625,-1.65625
4045,4040,-0.265625,-0.1015625,-0.21875
4046,4040,6.2890625,1.5546875,0.921875
4047,4040,3.0625,0.3828125,0.96875
4048,4048,5.890625,1.8203125,0.765625
4049,4048,4.4375,1.203125,0.84375
4050,4048,5.359375,0.9296875,-1.0625
4051,4048,4.6640625,1.03125,0.75
4052,4048,6.515625,-1.1328125,-4.375
4053,4048,-2.1015625,-0.6328125,0.265625
4054,4048,3.3828125,1.0234375,0.171875
4055,4048,-1.2578125,-0.90625,0.953125
4056,4056,3.796875,0.6796875,-1.609375
4057,4056,2.0078125,-0.9296875,0.796875
4058,4056,6.828125,0.7734375,0.9375
4059,4056,-0.4140625,-0.515625,0.5
4060,4056,6.1796875,2.9453125,-0.28125
4061,4056,2.5546875,-0.25,0.796875
4062,4056,4.234375,2.1015625,3.25
4063,4056,1.3203125,0.28125,4.640625
4064,4064,5.765625,-0.3125,-2.3125
4065,4064,4.2109375,1.296875,0.328125
4066,4064,7.125,1.5234375,1.171875
4067,4064,2.3046875,-0.9453125,0.90625
4068,4064,5.1015625,1.6796875,-1.265625
4069,4064,-0.03125,-0.75,0.875
4070,4064,6.4765625,1.0234375,-0.890625
4071,4064,3.8125,-0.140625,1.046875
4072,4072,5.09375,-0.125,-3.9375
4073,4072,1.609375,0.5078125,-0.71875
4074,4072,5.78125,-0.03125,-3.6875
4075,4072,0.03125,0.453125,1.484375
4076,4072,7.8359375,2.6953125,-0.359375
4077,4072,-0.203125,0.90625,-0.109375
4078,4072,4.2734375,0.5703125,-2.0625
4079,4072,0.5,-0.6796875,0.328125
4080,4080,6.3203125,1.046875,-1.296875
4081,4080,5.21875,1.1875,0.890625
4082,4080,5.96875,3.1484375,-1.484375
4083,4080,-0.6015625,-0.078125,0.140625
4084,4080,6.015625,1.6328125,-0.578125
4085,4080,5.875,1.28125,5.3125
4086,4080,2.234375,1.6484375,-3.828125
4087,4080,-0.1484375,0.453125,2.21875
4088,4088,3.03125,0.03125,-2.390625
4089,4088,-0.875,-0.296875,0.3125
4090,4088,5.5390625,1.796875,-1.421875
4091,4088,3.1796875,0.140625,1.25
4092,4088,5.4375,1.03125,-2.265625
4093,4088,3.828125,1.5625,1.921875
4094,4088,6.7109375,2.859375,-0.234375
4095,4088,1.84375,0.2734375,3.359375
4096,4096,4.234375,-0.046875,-0.296875
4097,4096,2.296875,-0.21875,1.109375
4098,4096,4.75,1.7265625,-0.21875
4099,4096,-0.59375,-0.390625,-1.59375
4100,4096,5.9453125,2.265625,-0.84375
4101,4096,4.453125,0.640625,0.0625
4102,4096,5.3671875,-0.03125,-2.375
4103,4096,0.2109375,-0.734375,0.25
4104,4104,5.4609375,1.703125,-0.265625
4105,4104,1.484375,-0.3984375,0.890625
4106,4104,3.390625,1.4765625,-2.078125
4107,4104,1.9609375,0.3984375,-0.125
4108,4104,5.3046875,2.265625,1.53125
4109,4104,0.109375,0.6484375,-0.234375
4110,4104,3.640625,1.7578125,-1.8125
4111,4104,0.9453125,-0.75,0.546875
4112,4112,5.8125,1.1171875,-0.46875
4113,4112,2.1953125,0.4296875,0.4375
4114,4112,4.6640625,1.7890625,-1.5
4115,4112,-0.0859375,-0.5546875,0.390625
4116,4112,6.1953125,2.0625,-0.40625
4117,4112,-1.515625,0.234375,0.578125
4118,4112,5.7109375,3.140625,-2.875
4119,4112,2.15625,0.5234375,1.65625
4120,4120,4.0078125,2.703125,0.578125
4121,4120,-0.625,0.671875,0.9375
4122,4120,6.859375,3.296875,-1.46875
4123,4120,4.1875,0.7578125,-0.5625
4124,4120,3.15625,0.0,-0.921875
4125,4120,-1.109375,-0.4375,0.890625
4126,4120,3.1171875,0.71875,-3.265625
4127,4120,-0.9921875,0.671875,0.1875
4128,4128,3.1640625,-0.5625,-1.40625
4129,4128,1.171875,-0.2734375,-0.390625
4130,4128,4.9921875,0.8359375,-2.203125
4131,4128,-0.515625,0.765625,1.40625
4132,4128,7.3515625,2.1796875,1.953125
4133,4128,2.1796875,-0.2421875,0.3125
4134,4128,4.8203125,-0.7421875,-2.125
4135,4128,-1.7265625,0.03125,0.578125
4136,4136,6.8203125,1.4453125,-0.40625
4137,4136,0.21875,-0.59375,0.140625
4138,4136,7.4140625,1.4765625,-0.953125
4139,4136,1.9140625,-0.8515625,1.046875
4140,4136,5.4140625,2.546875,-0.28125
4141,4136,-0.1640625,0.328125,-0.484375
4142,4136,3.625,1.1484375,0.28125
4143,4136,-0.2265625,0.3515625,-0.390625
4144,4144,3.6171875,0.4765625,-0.515625
4145,4144,4.3046875,0.953125,-2.4375
4146,4144,0.421875,-0.8125,-0.453125
4147,4144,3.4375,-0.546875,-0.21875
4148,4144,1.7421875,0.375,0.734375
4149,4144,3.5859375,1.6484375,-1.265625
4150,4144,0.1484375,0.359375,-0.09375
4151,4144,3.5859375,1.8671875,-3.015625
4152,4152,2.28125,-0.0625,1.15625
4153,4152,6.09375,0.828125,0.390625
4154,4152,4.453125,-0.6015625,-0.796875
4155,4152,2.2265625,0.8125,-3.296875
4156,4152,0.5234375,-0.265625,0.515625
4157,4152,5.8125,1.3828125,-0.6875
4158,4152,5.3984375,0.03125,1.25
4159,4152,4.5234375,1.2734375,-2.125
4160,4160,1.78125,0.0625,1.34375
4161,4160,5.9921875,0.5703125,-0.734375
4162,4160,0.1640625,-0.78125,1.21875
4163,4160,3.7265625,1.1875,-1.734375
4164,4160,-0.1484375,1.1328125,1.171875
4165,4160,3.7421875,-0.171875,-1.84375
4166,4160,0.2890625,-0.8125,-0.1875
4167,4160,2.3671875,1.5703125,-0.140625
4168,4168,0.3046875,-0.953125,0.5625
4169,4168,2.21875,1.796875,0.515625
4170,4168,-2.0703125,0.2109375,1.15625
4171,4168,4.2421875,1.2265625,1.65625
4172,4168,-0.6640625,-0.6796875,1.0625
4173,4168,4.46875,2.03125,-2.109375
4174,4168,0.5,0.3046875,0.015625
4175,4168,2.9140625,-0.4296875,-1.265625
4176,4176,1.28125,0.171875,0.625
4177,4176,1.6875,0.7109375,-3.328125
4178,4176,1.296875,1.1171875,-0.0625
4179,4176,5.046875,1.8671875,-1.640625
4180,4176,3.828125,0.796875,1.640625
4181,4176,5.203125,-0.8125,-3.125
4182,4176,0.8984375,-0.6875,1.03125
4183,4176,2.7265625,-1.5703125,-2.59375
4184,4184,1.33203125,-0.328125,0.546875
4185,4184,4.859375,2.28125,-1.78125
4186,4184,1.6171875,-0.578125,1.453125
4187,4184,4.859375,2.2421875,-1.890625
4188,4184,2.4296875,1.9140625,-2.6875
4189,4184,2.390625,0.9609375,-2.875
4190,4184,0.28125,-0.2109375,-0.703125
4191,4184,4.890625,1.890625,0.0
4192,4192,0.34375,-0.2734375,0.734375
4193,4192,4.3359375,2.046875,-2.140625
4194,4192,2.546875,0.90625,3.015625
4195,4192,6.1796875,1.71875,-0.921875
4196,4192,0.0546875,0.5234375,0.25
4197,4192,2.140625,1.5078125,-0.9375
4198,4192,1.1484375,-0.2890625,0.390625
4199,4192,6.046875,1.0625,-3.53125
4200,4200,1.546875,1.171875,-3.296875
4201,4200,5.5625,0.1640625,-1.359375
4202,4200,1.0078125,0.09375,1.15625
4203,4200,6.09375,1.7109375,-0.609375
4204,4200,2.3515625,1.3203125,-0.5
4205,4200,5.8828125,2.828125,-0.46875
4206,4200,2.46875,1.3203125,1.15625
4207,4200,5.4140625,1.671875,-0.453125
4208,4208,-0.8828125,0.59375,0.78125
4209,4208,3.7578125,0.7109375,-2.0625
4210,4208,0.7734375,0.984375,1.40625
4211,4208,4.8515625,0.515625,1.53125
4212,4208,1.703125,-0.140625,2.671875
4213,4208,5.765625,0.7734375,-3.046875
4214,4208,-1.96875,0.546875,0.546875
4215,4208,5.0390625,1.9921875,-1.375
4216,4216,2.96875,0.2734375,0.375
4217,4216,3.8359375,2.4375,-2.65625
4218,4216,-0.5703125,-0.1796875,0.15625
4219,4216,5.7890625,1.546875,-1.546875
4220,4216,-1.4140625,0.25,-0.921875
4221,4216,1.8828125,1.7421875,-3.140625
4222,4216,1.046875,-0.0859375,-0.21875
4223,4216,6.1015625,1.140625,1.359375
4224,4224,6.9140625,1.7421875,4.28125
4225,4224,6.0234375,1.546875,-3.0625
4226,4224,2.109375,-0.015625,-2.359375
4227,4224,2.984375,1.2421875,-0.296875
4228,4224,-1.0,1.28125,3.953125
4229,4224,6.375,1.2890625,-1.296875
4230,4224,0.4765625,0.140625,-0.609375
4231,4224,1.8359375,2.1015625,-4.59375
4232,4232,-0.7421875,0.609375,-0.28125
4233,4232,1.1875,-0.7265625,0.046875
4234,4232,4.6875,0.59375,-2.125
4235,4232,-0.671875,-0.5,-0.71875
4236,4232,5.7890625,-0.0625,-3.296875
4237,4232,-1.3125,-0.015625,0.515625
4238,4232,5.0546875,1.2421875,-3.078125
4239,4232,1.3671875,-0.2890625,-0.109375
4240,4240,3.8203125,2.0390625,0.59375
4241,4240,2.1953125,1.109375,1.28125
4242,4240,4.625,1.609375,-3.421875
4243,4240,4.4921875,0.484375,-1.03125
4244,4240,4.4140625,1.8984375,-1.390625
4245,4240,2.140625,0.6171875,0.390625
4246,4240,5.0,1.0,-2.40625
4247,4240,-1.1953125,-1.21875,0.0625
4248,4248,4.9765625,2.0859375,-0.9375
4249,4248,2.609375,0.21875,1.34375
4250,4248,3.4609375,1.1953125,-1.65625
4251,4248,3.671875,0.5859375,1.90625
4252,4248,5.921875,0.34375,-3.171875
4253,4248,5.046875,0.75,0.625
4254,4248,3.0625,1.125,-1.59375
4255,4248,1.03125,-0.2890625,0.15625
4256,4256,5.15625,-1.2421875,-2.46875
4257,4256,0.6328125,-1.203125,-0.0625
4258,4256,8.5234375,1.2734375,0.234375
4259,4256,1.0546875,-0.8671875,1.0
4260,4256,4.2578125,1.28125,2.359375
4261,4256,2.9296875,-0.2734375,0.8125
4262,4256,2.375,-0.6953125,-2.359375
4263,4256,2.8359375,0.6171875,0.796875
4264,4264,4.765625,0.625,-0.953125
4265,4264,0.8984375,0.375,1.4375
4266,4264,4.8515625,0.984375,-0.515625
4267,4264,1.3671875,0.109375,0.796875
4268,4264,3.234375,0.671875,-1.59375
4269,4264,0.28125,-1.5390625,0.453125
4270,4264,1.1015625,-1.2734375,-3.46875
4271,4264,-0.4921875,0.5703125,0.0625
4272,4272,4.640625,1.78125,-0.796875
4273,4272,0.4453125,-0.046875,-0.328125
4274,4272,3.109375,-0.0078125,-2.15625
4275,4272,0.515625,0.9609375,-1.171875
4276,4272,4.3984375,2.046875,-1.546875
4277,4272,-1.359375,1.375,2.671875
4278,4272,3.8671875,1.3828125,-2.171875
4279,4272,-1.078125,-0.1796875,0.65625
4280,4280,4.8515625,-0.0625,-3.5
4281,4280,1.9296875,-0.5078125,1.34375
4282,4280,2.8203125,-0.84375,-3.796875
4283,4280,-1.6171875,-0.1796875,0.046875
4284,4280,5.3515625,-0.1796875,-1.0625
4285,4280,5.0078125,-0.3671875,0.4375
4286,4280,2.5,1.7421875,-2.109375
4287,4280,1.0859375,0.46875,0.359375
4288,4288,4.1328125,0.921875,-0.421875
4289,4288,5.140625,1.015625,-2.75
4290,4288,-0.2578125,-0.5078125,-0.25
4291,4288,6.453125,2.3984375,-3.53125
4292,4288,-1.453125,-0.5546875,-0.40625
4293,4288,7.6875,1.8828125,1.21875
4294,4288,4.90625,-1.1328125,-0.1875
4295,4288,2.84375,0.015625,-1.140625
4296,4296,0.0546875,-0.8828125,0.40625
4297,4296,2.515625,2.2421875,-2.828125
4298,4296,-0.7265625,0.1953125,0.734375
4299,4296,3.8046875,0.828125,0.796875
4300,4296,3.5234375,-1.390625,0.203125
4301,4296,5.7109375,0.9296875,0.296875
4302,4296,-1.1875,-0.2734375,1.65625
4303,4296,2.4296875,-0.203125,-2.015625
4304,4304,1.5859375,-0.40625,-0.453125
4305,4304,1.3828125,-0.21875,-2.796875
4306,4304,0.4375,-0.203125,0.109375
4307,4304,5.9296875,-0.1953125,-1.53125
4308,4304,0.25,-0.7734375,1.46875
4309,4304,4.375,1.484375,-1.25
4310,4304,-1.6640625,-1.09375,0.421875
4311,4304,3.9765625,1.171875,-0.1875
4312,4312,0.4296875,0.4609375,0.71875
4313,4312,1.4296875,-1.171875,-2.15625
4314,4312,3.9296875,-0.4921875,2.890625
4315,4312,2.4765625,-0.953125,-3.703125
4316,4312,-2.453125,-0.6171875,0.421875
4317,4312,3.3203125,2.2578125,-2.1875
4318,4312,0.4921875,-0.2265625,-0.40625
4319,4312,4.34375,0.6875,-1.28125
4320,4320,1.25,0.4375,2.984375
4321,4320,3.9765625,1.3515625,-2.640625
4322,4320,-1.046875,1.4609375,0.734375
4323,4320,5.6015625,1.078125,-0.6875
4324,4320,1.6171875,1.0234375,0.640625
4325,4320,6.2265625,1.6328125,-0.609375
4326,4320,1.2890625,-1.671875,0.328125
4327,4320,3.8515625,0.34375,-2.4375
4328,4328,-0.94140625,0.1796875,3.28125
4329,4328,5.078125,1.4765625,-2.859375
4330,4328,1.5234375,1.265625,0.5
4331,4328,6.8984375,0.703125,-0.78125
4332,4328,-0.0546875,1.6171875,0.84375
4333,4328,3.5,0.8828125,-2.15625
4334,4328,-0.7890625,-0.4609375,-0.3125
4335,4328,2.5859375,-0.1875,-0.390625
4336,4336,-1.671875,-0.4609375,0.9375
4337,4336,3.5859375,0.6328125,-1.640625
4338,4336,-0.421875,0.640625,2.328125
4339,4336,4.2890625,2.765625,-0.21875
4340,4336,1.2421875,0.5859375,2.109375
4341,4336,2.3828125,1.8828125,-4.546875
4342,4336,-1.9453125,-0.2265625,0.28125
4343,4336,1.8671875,0.5859375,-2.296875
4344,4344,0.3203125,0.546875,0.390625
4345,4344,2.9375,0.890625,-3.46875
4346,4344,-1.6640625,-0.2421875,0.46875
4347,4344,4.8671875,1.5703125,-3.40625
4348,4344,2.2421875,0.453125,-1.5
4349,4344,5.1640625,2.6796875,0.421875
4350,4344,2.078125,0.5,0.6875
4351,4344,3.5,0.9140625,0.0625
4352,4352,-2.1640625,0.2109375,0.53125
4353,4352,2.65625,0.2109375,-1.9375
4354,4352,2.5703125,0.1171875,0.390625
4355,4352,4.5859375,1.53125,0.609375
4356,4352,0.5859375,-1.453125,0.359375
4357,4352,2.390625,1.0546875,-1.40625
4358,4352,-0.046875,0.515625,0.125
4359,4352,3.3046875,-0.578125,-1.734375
4360,4360,0.6484375,-0.3515625,0.25
4361,4360,3.734375,2.609375,-1.984375
4362,4360,4.34375,0.7734375,-0.234375
4363,4360,3.859375,-1.125,-1.890625
4364,4360,-3.5703125,-0.2421875,0.109375
4365,4360,3.1640625,-2.40625,-2.40625
4366,4360,-1.0625,-1.09375,0.515625
4367,4360,7.15625,0.921875,1.453125
4368,4368,-0.34375,-0.09375,2.078125
4369,4368,4.375,0.6796875,0.203125
4370,4368,1.359375,-0.2890625,1.28125
4371,4368,4.8671875,0.375,-3.265625
4372,4368,-0.0390625,-1.203125,-2.1875
4373,4368,3.875,0.5078125,-0.578125
4374,4368,-0.015625,-0.359375,1.046875
4375,4368,4.578125,2.4921875,0.375
4376,4376,0.078125,-0.5625,0.015625
4377,4376,3.4609375,-1.8671875,-3.03125
4378,4376,0.9375,0.1484375,0.421875
4379,4376,4.3671875,2.7109375,1.4375
4380,4376,3.9609375,0.6796875,1.171875
4381,4376,5.90625,1.421875,4.4375
4382,4376,3.4375,0.734375,8.484375
4383,4376,2.578125,-1.734375,-3.078125
4384,4384,1.9453125,-0.015625,-0.0625
4385,4384,4.8359375,1.6953125,1.8125
4386,4384,0.078125,0.9375,1.65625
4387,4384,5.8828125,2.8125,-0.421875
4388,4384,-0.6328125,0.125,0.9375
4389,4384,3.8125,-0.09375,-0.25
4390,4384,-0.5078125,-0.953125,0.53125
4391,4384,4.828125,0.3828125,-3.609375
4392,4392,3.5703125,-0.7421875,-3.046875
4393,4392,3.53125,-0.5625,-1.71875
4394,4392,5.171875,-0.578125,0.3125
4395,4392,4.65625,1.3828125,-2.765625
4396,4392,2.0078125,0.6640625,0.65625
4397,4392,2.8359375,1.828125,-4.640625
4398,4392,0.6015625,0.6640625,-4.015625
4399,4392,5.609375,2.984375,0.640625
4400,4400,-0.328125,0.4921875,0.90625
4401,4400,4.234375,-1.3203125,1.15625
4402,4400,2.984375,2.25,-2.734375
4403,4400,1.21875,-0.1328125,-0.0625
4404,4400,3.34375,0.9921875,-1.640625
4405,4400,1.6796875,0.671875,0.890625
4406,4400,5.71875,1.546875,-0.15625
4407,4400,0.2265625,0.890625,0.765625
4408,4408,4.0859375,0.6484375,0.265625
4409,4408,3.484375,-0.109375,0.09375
4410,4408,7.9140625,1.7421875,-0.96875
4411,4408,1.640625,-0.40625,0.53125
4412,4408,5.484375,0.3984375,1.765625
4413,4408,1.3046875,-0.453125,-3.53125
4414,4408,3.3828125,0.9921875,-1.515625
4415,4408,0.5390625,0.265625,0.3125
4416,4416,7.9609375,2.5078125,0.171875
4417,4416,2.703125,-0.0546875,-0.75
4418,4416,2.6015625,1.4140625,-2.765625
4419,4416,-2.8828125,-0.3828125,0.140625
4420,4416,5.5546875,0.3203125,-0.609375
4421,4416,0.8671875,0.1875,1.59375
4422,4416,5.515625,-0.234375,-3.453125
4423,4416,3.03125,-0.6953125,-1.15625
4424,4424,8.0078125,1.359375,0.765625
4425,4424,3.28125,-1.140625,0.578125
4426,4424,3.8046875,0.4609375,-0.453125
4427,4424,2.6484375,0.828125,0.53125
4428,4424,0.296875,1.7734375,-0.90625
4429,4424,-0.6875,0.40625,0.71875
4430,4424,-0.578125,-0.2109375,0.765625
4431,4424,1.28125,1.375,0.140625
4432,4432,-0.78125,0.5546875,1.828125
4433,4432,-3.8359375,-1.015625,-0.890625
4434,4432,0.6953125,0.765625,-0.328125
4435,4432,0.109375,0.5859375,-3.8671875
4436,4432,-0.3828125,0.3359375,2.328125
4437,4432,-6.734375,0.5,2.7265625
4438,4432,-4.1171875,0.3359375,-0.578125
4439,4432,-1.0078125,0.78125,-0.953125
4440,4440,-1.5234375,-0.4609375,1.984375
4441,4440,1.4765625,2.734375,-0.96875
4442,4440,-6.890625,-1.0234375,-0.1875
4443,4440,3.1640625,0.5859375,0.734375
4444,4440,-0.640625,-1.5234375,-1.515625
4445,4440,-0.2734375,0.859375,-3.5625
4446,4440,0.40625,1.5,-1.9375
4447,4440,-5.171875,-0.03125,-0.46875
4448,4448,-4.4140625,-0.0390625,-0.265625
4449,4448,-2.875,0.2734375,0.109375
4450,4448,0.359375,0.328125,-0.109375
4451,4448,-0.9296875,-0.609375,0.515625
4452,4448,-1.609375,2.640625,-0.734375
4453,4448,-3.7734375,0.109375,-2.3203125
4454,4448,-1.359375,1.5625,-1.53125
4455,4448,1.6015625,0.4765625,-0.21875
4456,4456,1.6171875,-0.40625,-2.890625
4457,4456,-2.1796875,-0.953125,0.34375
4458,4456,-5.3515625,-0.6015625,0.625
4459,4456,-5.7421875,-1.390625,-0.78125
4460,4456,-4.7890625,0.0390625,0.65625
4461,4456,-0.515625,-2.1328125,-0.265625
4462,4456,-8.96875,0.109375,-0.859375
4463,4456,-4.34375,0.375,0.046875
4464,4464,-2.3984375,1.390625,0.75
4465,4464,-2.78125,-1.1484375,0.015625
4466,4464,-4.8984375,-1.09375,1.171875
4467,4464,-1.2890625,-0.4453125,2.078125
4468,4464,-1.6796875,3.453125,0.390625
4469,4464,-3.171875,-1.203125,-1.578125
4470,4464,-7.03125,1.125,1.375
4471,4464,-4.21875,-0.2578125,2.546875
4472,4472,0.7734375,1.6328125,1.015625
4473,4472,-4.2265625,1.4375,2.046875
4474,4472,-1.96875,0.0390625,-2.109375
4475,4472,-6.2421875,1.71875,1.125
4476,4472,-6.1328125,1.3203125,3.5390625
4477,4472,-0.5859375,0.7421875,-2.578125
4478,4472,3.8046875,0.9765625,-5.484375
4479,4472,3.7734375,0.078125,-4.796875
4480,4480,-0.1953125,2.5625,0.421875
4481,4480,-2.6875,-0.3203125,0.53125
4482,4480,-4.328125,0.28125,-1.1875
4483,4480,-5.5390625,-0.6484375,2.515625
4484,4480,2.234375,-0.7109375,1.0625
4485,4480,4.34375,0.71875,0.1875
4486,4480,0.640625,2.859375,2.609375
4487,4480,2.625,0.5546875,-1.140625
4488,4488,-1.546875,-0.4921875,-0.15625
4489,4488,-5.3984375,2.7265625,-0.359375
4490,4488,2.0,-1.0390625,-1.234375
4491,4488,5.9921875,1.265625,-2.515625
4492,4488,-6.5859375,1.109375,2.5625
4493,4488,1.3671875,0.953125,-0.828125
4494,4488,-0.3828125,0.90625,0.578125
4495,4488,-1.578125,-1.1171875,-3.71875
4496,4496,1.4609375,-1.28125,0.1875
4497,4496,1.484375,-2.6015625,2.5625
4498,4496,2.6328125,0.2890625,2.078125
4499,4496,0.265625,-0.65625,-5.140625
4500,4496,-1.203125,-1.8828125,-7.4375
4501,4496,0.640625,0.140625,-5.53125
4502,4496,1.015625,-1.3984375,-2.84375
4503,4496,-0.4453125,-0.5078125,-2.859375
4504,4504,-2.2890625,1.03125,-3.0859375
4505,4504,3.0859375,0.9609375,0.34375
4506,4504,-5.6484375,0.3828125,1.875
4507,4504,-3.0703125,-0.1015625,1.734375
4508,4504,0.609375,1.5703125,0.046875
4509,4504,0.984375,1.296875,-2.046875
4510,4504,-0.9765625,1.53125,0.671875
4511,4504,0.78125,0.15625,1.109375
4512,4512,3.5390625,1.2265625,0.21875
4513,4512,0.0078125,2.5078125,0.8125
4514,4512,5.296875,0.28125,-2.765625
4515,4512,-0.5625,-4.4921875,-4.3828125
4516,4512,1.8046875,0.0078125,3.140625
4517,4512,-5.25,-2.1015625,-3.625
4518,4512,1.4296875,1.09375,0.15625
4519,4512,-2.359375,0.5625,0.625
4520,4520,2.7109375,-2.3515625,-5.0625
4521,4520,1.2890625,1.3359375,-3.234375
4522,4520,-1.7890625,0.7734375,2.65625
4523,4520,1.1328125,-1.375,-1.796875
4524,4520,-5.8671875,-0.28125,1.0625
4525,4520,7.54296875,-0.7578125,-2.921875
4526,4520,1.4453125,-1.03125,-2.2109375
4527,4520,-0.34375,-0.0234375,-2.40625
4528,4528,-3.0234375,1.65625,0.03125
4529,4528,4.0390625,-1.453125,-1.96875
4530,4528,6.375,-2.078125,-4.8671875
4531,4528,3.859375,1.046875,-0.671875
4532,4528,0.40625,-0.4453125,-4.28125
4533,4528,6.4765625,-0.0625,-0.65625
4534,4528,3.203125,0.96875,-1.140625
4535,4528,-3.4765625,-0.5625,0.828125
4536,4536,-4.65625,1.125,1.390625
4537,4536,-2.015625,-0.515625,-1.984375
4538,4536,0.6484375,0.9140625,-0.671875
4539,4536,4.09375,1.8203125,-1.25
4540,4536,0.3671875,1.578125,-0.484375
4541,4536,4.7265625,3.9921875,1.765625
4542,4536,6.4296875,2.1953125,-1.015625
4543,4536,7.453125,1.0234375,-2.515625
4544,4544,0.25,-2.515625,-3.734375
4545,4544,-1.875,2.1640625,-1.921875
4546,4544,0.0390625,-1.4453125,-4.828125
4547,4544,2.671875,-0.859375,-1.625
4548,4544,-1.3359375,-1.1015625,-1.3125
4549,4544,-0.6875,-2.8203125,-2.859375
4550,4544,3.9921875,0.015625,1.046875
4551,4544,-1.1796875,-1.6875,-1.875
4552,4552,-0.9765625,-1.6875,-2.296875
4553,4552,-1.125,-1.3671875,-6.5703125
4554,4552,1.6171875,-2.7734375,-4.6328125
4555,4552,6.7578125,-1.59375,-4.265625
4556,4552,2.6640625,-1.65625,-2.953125
4557,4552,7.703125,-2.421875,-5.3046875
4558,4552,7.703125,-2.421875,-5.3046875
4559,4552,-1.046875,-2.671875,-5.2265625
4560,4560,0.546875,0.71875,-0.78125
4561,4560,-0.5390625,-0.703125,0.0625
4562,4560,-0.7734375,-2.453125,-2.6171875
4563,4560,-1.625,-3.859375,-1.71875
4564,4560,-0.8515625,-4.765625,-5.515625
4565,4560,3.1640625,-0.21875,-3.234375
4566,4560,-0.2421875,2.2578125,0.28125
4567,4560,-0.90625,-0.3359375,-3.421875
4568,4568,1.2578125,2.140625,1.046875
4569,4568,2.921875,1.3046875,0.109375
4570,4568,0.0390625,2.5859375,-1.125
4571,4568,2.640625,2.8359375,0.203125
4572,4568,10.171875,-1.3984375,-3.109375
4573,4568,-2.1015625,-1.3203125,-2.171875
4574,4568,6.25,-0.65625,-1.703125
4575,4568,0.421875,0.359375,-0.6875
4576,4576,-0.6015625,2.140625,-0.140625
4577,4576,7.1875,-2.3125,-4.640625
4578,4576,-0.8203125,-2.65625,-2.609375
4579,4576,0.9375,-3.0703125,-5.1015625
4580,4576,-5.8671875,-0.28125,1.0625
4581,4576,-1.2890625,-2.5859375,-3.484375
4582,4576,0.4453125,-3.5234375,-5.796875
4583,4576,0.5546875,1.1484375,-1.859375
4584,4584,-2.1015625,1.03125,0.625
4585,4584,2.5546875,-0.171875,-3.328125
4586,4584,2.8671875,1.5234375,-0.25
4587,4584,-2.5859375,0.53125,1.890625
4588,4584,-1.0703125,-4.15625,-1.96875
4589,4584,2.3984375,0.84375,1.578125
4590,4584,-3.234375,-0.609375,1.515625
4591,4584,1.6640625,0.4140625,0.78125
4592,4592,-2.6015625,-0.3984375,0.015625
4593,4592,6.609375,0.9765625,0.015625
4594,4592,-0.921875,-0.5078125,-3.171875
4595,4592,4.3984375,0.9453125,1.3125
4596,4592,4.21875,1.2421875,0.1875
4597,4592,2.3203125,-1.2890625,-0.75
4598,4592,-7.234375,-0.8515625,-0.515625
4599,4592,2.390625,-0.109375,-2.6875
4600,4600,0.28125,-0.484375,-2.65625
4601,4600,4.9609375,-0.1640625,-1.3125
4602,4600,1.7265625,0.484375,-1.890625
4603,4600,0.0703125,-0.5078125,-2.625
4604,4600,-2.921875,-0.2890625,0.234375
4605,4600,1.71875,-0.078125,-0.84375
4606,4600,-1.328125,1.8828125,-1.65625
4607,4600,3.2421875,0.59375,-3.140625
4608,4608,0.8828125,0.625,-1.875
4609,4608,1.125,-0.46875,-0.140625
4610,4608,3.9375,0.8125,1.328125
4611,4608,0.5859375,-0.6484375,-2.640625
4612,4608,1.484375,0.3203125,1.25
4613,4608,-1.7265625,-0.7890625,-2.515625
4614,4608,-3.2734375,-0.34375,0.125
4615,4608,2.1953125,1.8984375,1.03125
4616,4616,-2.3125,-0.1328125,-0.484375
4617,4616,-4.8671875,-0.109375,0.671875
4618,4616,0.65625,0.671875,-1.21875
4619,4616,-2.0,-0.5625,-0.53125
4620,4616,1.7109375,-0.125,0.796875
4621,4616,-4.3984375,0.2890625,-1.125
4622,4616,4.296875,0.859375,1.546875
4623,4616,0.203125,0.0703125,-2.734375
4624,4624,-2.09375,-0.8203125,-0.921875
4625,4624,-3.0390625,0.5625,-0.265625
4626,4624,0.328125,1.125,-1.09375
4627,4624,-1.484375,-0.03125,-2.515625
4628,4624,-1.390625,1.96875,-0.765625
4629,4624,-3.3359375,-1.765625,-1.640625
4630,4624,0.65625,-0.53125,1.140625
4631,4624,-1.34375,-0.34375,-0.5625
4632,4632,-2.4453125,-1.078125,-1.5
4633,4632,3.328125,2.0859375,-1.75
4634,4632,5.3515625,3.109375,2.84375
4635,4632,-0.703125,2.1875,0.234375
4636,4632,-0.8828125,2.1484375,2.328125
4637,4632,1.8671875,0.9140625,-0.84375
4638,4632,4.6875,0.421875,-0.578125
4639,4632,-1.4375,0.234375,-2.0703125
4640,4640,0.765625,-0.8125,-0.46875
4641,4640,3.5859375,1.15625,-2.09375
4642,4640,4.1484375,0.546875,-2.4375
4643,4640,1.58203125,-1.4296875,-0.765625
4644,4640,-1.734375,2.3671875,-1.984375
4645,4640,0.6640625,-2.1640625,-1.765625
4646,4640,-1.078125,-0.671875,-2.078125
4647,4640,0.5,-2.1953125,-1.578125
4648,4648,4.984375,2.5,7.0703125
4649,4648,2.8046875,1.984375,0.515625
4650,4648,-1.359375,1.5078125,1.21875
4651,4648,-2.203125,1.34375,-2.875
4652,4648,7.0546875,4.3125,2.9375
4653,4648,-3.6796875,-0.8046875,0.296875
4654,4648,2.890625,1.8359375,0.21875
4655,4648,3.890625,-0.015625,-0.234375
4656,4656,-3.28125,-0.6953125,-0.359375
4657,4656,-0.1953125,0.0625,-1.546875
4658,4656,-1.796875,-0.390625,-0.265625
4659,4656,2.0078125,3.09375,0.078125
4660,4656,-4.8828125,0.7109375,0.625
4661,4656,2.5078125,-0.0078125,-2.5
4662,4656,-2.8671875,-0.6484375,-2.125
4663,4656,2.6640625,1.734375,-2.484375
4664,4664,-2.1328125,-0.3203125,-0.65625
4665,4664,1.9375,2.0390625,2.015625
4666,4664,-3.7109375,-0.4375,2.0625
4667,4664,0.7109375,2.1953125,-0.328125
4668,4664,2.8046875,-0.890625,-2.640625
4669,4664,-3.390625,0.859375,2.96875
4670,4664,-1.5,-2.328125,-2.90625
4671,4664,-1.046875,0.46875,-1.234375
4672,4672,-0.765625,0.40625,-1.125
4673,4672,0.8125,-0.2734375,-0.578125
4674,4672,0.21875,2.34375,-1.875
4675,4672,1.625,-0.2109375,-0.34375
4676,4672,1.53125,1.453125,-0.4375
4677,4672,-3.703125,-0.671875,0.109375
4678,4672,1.6015625,-1.2109375,-0.828125
4679,4672,1.9453125,0.6875,-2.71875
4680,4680,3.625,-1.15625,1.0
4681,4680,4.375,0.3984375,-2.046875
4682,4680,1.78125,1.3125,-1.90625
4683,4680,2.1484375,0.6015625,-1.84375
4684,4680,-0.0234375,0.2734375,-0.59375
4685,4680,-2.203125,-0.359375,-2.1875
4686,4680,3.9921875,3.234375,-2.65625
4687,4680,-2.1015625,-0.40625,-1.734375
4688,4688,0.90625,-1.484375,-3.046875
4689,4688,-4.1875,-1.734375,-2.921875
4690,4688,-0.0390625,1.6953125,-3.6875
4691,4688,4.2109375,1.359375,-1.234375
4692,4688,-2.3046875,0.6640625,0.125
4693,4688,-5.5234375,-0.796875,1.328125
4694,4688,3.1640625,1.4296875,-2.953125
4695,4688,-0.1640625,0.3125,-0.34375
4696,4696,-4.0546875,-2.625,-1.234375
4697,4696,-3.9296875,0.6796875,0.46875
4698,4696,-1.75,0.109375,-0.96875
4699,4696,-3.4375,-0.3359375,-0.6875
4700,4696,2.4609375,1.921875,-2.359375
4701,4696,-3.5546875,-0.6328125,-0.46875
4702,4696,3.671875,-1.7109375,-3.375
4703,4696,-4.2734375,-1.59375,-1.328125
4704,4704,-2.6171875,-0.609375,-0.84375
4705,4704,5.1328125,-0.953125,0.203125
4706,4704,-0.6015625,0.5234375,-0.734375
4707,4704,2.0625,3.4609375,-3.9140625
4708,4704,0.65625,0.59375,-2.8125
4709,4704,-3.7890625,0.328125,-0.4375
4710,4704,0.0390625,1.0703125,-3.5859375
4711,4704,0.796875,1.65625,0.65625
4712,4712,3.9375,0.8125,1.328125
4713,4712,-5.0390625,1.5546875,2.65625
4714,4712,5.0,-0.171875,-1.609375
4715,4712,1.1640625,-1.46875,-3.234375
4716,4712,0.953125,0.328125,-0.859375
4717,4712,-1.5,-2.328125,-2.90625
4718,4712,0.609375,0.34375,-3.171875
4719,4712,2.1015625,1.203125,3.4375
4720,4720,-3.015625,-1.25,-1.25
4721,4720,1.3203125,-0.359375,-3.15625
4722,4720,-4.375,0.6796875,-0.375
4723,4720,5.9453125,1.140625,-0.25
4724,4720,-6.0078125,-0.453125,2.328125
4725,4720,0.59375,-0.1015625,-2.8203125
4726,4720,-2.2109375,0.4140625,-1.546875
4727,4720,0.5859375,0.609375,-1.703125
4728,4728,-6.453125,0.9765625,2.28125
4729,4728,-4.6015625,-0.4609375,-0.40625
4730,4728,-4.4609375,2.625,4.53125
4731,4728,-5.234375,0.9921875,3.875
4732,4728,-0.6796875,0.296875,-0.09375
4733,4728,-2.625,-1.1796875,-1.765625
4734,4728,1.5546875,0.765625,-1.265625
4735,4728,1.7734375,1.0703125,-2.4375
4736,4736,1.03125,2.84375,-0.984375
4737,4736,-2.78125,0.640625,-3.6875
4738,4736,0.0390625,1.0703125,-3.5859375
4739,4736,0.2109375,1.703125,-1.5
4740,4736,-4.7265625,0.0234375,-0.25
4741,4736,-2.421875,0.2890625,-0.859375
4742,4736,1.4453125,-0.046875,-2.5625
4743,4736,-0.515625,-0.3828125,-0.8125
4744,4744,-0.78125,0.8828125,-0.65625
4745,4744,0.2421875,1.28125,-2.09375
4746,4744,-5.28125,-1.3515625,-1.171875
4747,4744,-3.2734375,-0.34375,0.125
4748,4744,-0.9921875,0.734375,-2.265625
4749,4744,5.125,2.0,-3.015625
4750,4744,2.9765625,0.71875,-0.375
4751,4744,1.0859375,0.140625,-0.09375
4752,4752,-0.78125,0.3125,-2.46875
4753,4752,-1.3984375,1.1953125,0.78125
4754,4752,5.609375,1.71875,3.109375
4755,4752,1.546875,2.9453125,1.71875
4756,4752,1.0625,0.3671875,0.734375
4757,4752,0.265625,2.1015625,1.265625
4758,4752,3.0390625,0.6640625,0.109375
4759,4752,5.1875,1.296875,1.609375
4760,4760,1.1953125,-0.4140625,-1.875
4761,4760,-8.53125,-0.1484375,-0.140625
4762,4760,-6.859375,-0.265625,2.953125
4763,4760,0.3515625,-0.4921875,0.234375
4764,4760,4.4921875,1.8046875,5.765625
4765,4760,1.1171875,2.6015625,3.296875
4766,4760,3.796875,1.796875,2.203125
4767,4760,-3.0859375,-0.5703125,0.53125
4768,4768,5.5625,1.3515625,1.421875
4769,4768,2.4296875,-0.03125,-1.609375
4770,4768,1.65625,0.484375,-1.625
4771,4768,2.3515625,-0.7578125,0.9375
4772,4768,1.4375,1.390625,-0.75
4773,4768,5.6328125,1.8515625,-0.921875
4774,4768,0.1015625,-0.28125,-1.734375
4775,4768,-7.39453125,-0.453125,-1.65625
4776,4776,1.765625,-0.6015625,-2.265625
4777,4776,-0.2734375,0.765625,-3.875
4778,4776,-1.9609375,-0.59375,-1.453125
4779,4776,-4.9140625,1.890625,1.609375
4780,4776,-0.6171875,-0.578125,-1.671875
4781,4776,8.171875,2.2109375,1.34375
4782,4776,-1.2890625,0.7734375,-0.09375
4783,4776,2.90625,1.625,0.96875
4784,4784,-3.71875,-0.75,-0.09375
4785,4784,0.890625,1.3125,-4.625
4786,4784,1.609375,-1.046875,-2.8125
4787,4784,3.15625,2.546875,0.90625
4788,4784,-1.1953125,-1.1171875,0.671875
4789,4784,3.9609375,0.140625,0.234375
4790,4784,7.59375,1.28125,-0.125
4791,4784,5.6796875,2.2890625,2.234375
4792,4792,5.5859375,2.53125,2.640625
4793,4792,0.03125,-0.109375,-1.484375
4794,4792,-3.078125,1.109375,0.90625
4795,4792,3.4375,0.890625,-1.1875
4796,4792,1.8046875,2.7890625,-1.171875
4797,4792,0.4140625,0.5,0.78125
4798,4792,1.453125,-0.0625,-1.265625
4799,4792,0.1953125,0.6953125,-0.53125
4800,4800,0.5,2.2890625,-1.34375
4801,4800,-2.2265625,-0.8359375,0.5625
4802,4800,1.4296875,1.84375,-0.609375
4803,4800,-6.59375,1.4140625,0.875
4804,4800,0.953125,2.609375,5.3125
4805,4800,-0.5859375,0.5625,0.734375
4806,4800,4.0078125,3.59375,1.5
4807,4800,0.1484375,0.109375,1.953125
4808,4808,0.953125,0.765625,-4.0703125
4809,4808,-0.765625,1.0703125,2.90625
4810,4808,5.1171875,1.609375,0.640625
4811,4808,1.46875,1.6015625,1.46875
4812,4808,1.21875,1.234375,-0.15625
4813,4808,1.234375,-0.1015625,0.484375
4814,4808,5.859375,2.5078125,2.9375
4815,4808,2.296875,-0.546875,-0.703125
4816,4816,0.375,-1.640625,-2.5625
4817,4816,-4.7578125,0.8984375,-0.203125
4818,4816,-0.5234375,1.8203125,-0.296875
4819,4816,0.4453125,2.2890625,1.15625
4820,4816,-4.4921875,1.2890625,-0.796875
4821,4816,4.3515625,0.328125,-0.296875
4822,4816,5.8203125,2.6953125,0.03125
4823,4816,1.7109375,3.609375,-0.65625
4824,4824,-0.9921875,0.390625,-3.921875
4825,4824,4.4609375,2.6953125,2.796875
4826,4824,4.4765625,0.921875,1.78125
4827,4824,-0.734375,-0.796875,-0.125
4828,4824,-0.796875,-0.5625,-0.5
4829,4824,2.984375,0.28125,-0.703125
4830,4824,3.4453125,0.7578125,-1.015625
4831,4824,1.2890625,-1.140625,-2.734375
4832,4832,0.703125,-0.46875,-0.859375
4833,4832,-1.703125,0.59375,0.03125
4834,4832,-0.15625,0.5078125,0.8125
4835,4832,1.25,0.8828125,1.484375
4836,4832,2.8671875,1.5625,0.578125
4837,4832,2.4453125,-0.3125,-3.890625
4838,4832,2.1171875,1.3984375,-2.1875
4839,4832,0.3203125,-0.2265625,-0.359375
4840,4840,3.5703125,0.296875,-2.984375
4841,4840,1.96875,-1.9140625,-4.9140625
4842,4840,3.7109375,2.8671875,5.734375
4843,4840,3.359375,0.046875,-0.828125
4844,4840,2.6640625,-0.53125,0.0
4845,4840,-4.078125,-0.7734375,-0.640625
4846,4840,-4.46875,-1.578125,-2.8125
4847,4840,3.8203125,1.4921875,-3.640625
4848,4848,4.0,-2.328125,0.046875
4849,4848,-1.40625,-0.2890625,1.546875
4850,4848,1.25,-1.578125,-0.9375
4851,4848,5.828125,1.015625,-0.71875
4852,4848,-0.21875,0.6328125,-0.6875
4853,4848,-0.296875,-0.7578125,-0.734375
4854,4848,1.7109375,0.0546875,-2.890625
4855,4848,1.578125,0.1640625,-3.015625
4856,4856,3.3515625,-2.3984375,-3.125
4857,4856,-0.9921875,-0.140625,-0.125
4858,4856,-3.765625,-2.796875,1.8125
4859,4856,-6.125,0.8046875,1.609375
4860,4856,-7.30078125,-3.359375,0.546875
4861,4856,-5.859375,-0.1484375,2.59375
4862,4856,1.8828125,-3.109375,-0.921875
4863,4856,-6.4765625,0.28125,0.8125
4864,4864,-8.1953125,-0.109375,-0.15625
4865,4864,-8.15625,-0.796875,0.3125
4866,4864,-4.99609375,-2.5234375,-0.71875
4867,4864,-4.82421875,0.3984375,1.203125
4868,4864,-3.0859375,-0.125,2.515625
4869,4864,-5.53125,0.375,0.09375
4870,4864,-5.046875,0.296875,0.75
4871,4864,-5.1953125,-2.234375,-2.078125
4872,4872,-2.140625,0.2421875,0.5625
4873,4872,-4.1796875,1.71875,2.578125
4874,4872,-3.28125,0.1328125,-0.75
4875,4872,-5.28125,0.9140625,1.59375
4876,4872,-3.9765625,0.984375,2.6875
4877,4872,-2.7421875,-2.984375,-0.578125
4878,4872,-4.10546875,1.2578125,1.484375
4879,4872,-4.578125,1.4140625,2.359375
4880,4880,-5.0546875,-1.8359375,-2.9921875
4881,4880,-3.7421875,0.40625,1.90625
4882,4880,-5.6484375,1.453125,-0.890625
4883,4880,-5.1796875,-0.875,1.765625
4884,4880,-7.2734375,-0.203125,1.453125
4885,4880,-5.3515625,-0.3828125,1.1875
4886,4880,-5.1015625,-0.53125,0.40625
4887,4880,-8.203125,-1.25,-0.296875
4888,4888,-8.15625,-0.796875,0.3125
4889,4888,-7.0625,1.796875,2.25
4890,4888,-6.3203125,-2.1484375,-1.359375
4891,4888,-5.21875,1.625,-0.25
4892,4888,-5.109375,1.34375,2.96875
4893,4888,-2.34375,-0.0625,0.671875
4894,4888,-5.5390625,2.3046875,1.265625
4895,4888,-3.953125,1.8828125,3.65625
4896,4896,-7.3359375,0.7890625,0.71875
4897,4896,-7.7421875,-0.3671875,1.171875
4898,4896,-6.3203125,-0.5,0.34375
4899,4896,0.0078125,-0.359375,0.640625
4900,4896,-5.6796875,-0.1015625,-0.0625
4901,4896,-0.375,0.4375,1.4375
4902,4896,-0.265625,1.0625,0.640625
4903,4896,-1.296875,0.9140625,0.46875
4904,4904,-1.4609375,0.2578125,2.0625
4905,4904,-3.3125,0.5625,1.1875
4906,4904,-2.375,1.5859375,0.03125
4907,4904,-2.078125,1.1953125,0.515625
4908,4904,-2.0078125,2.0078125,0.71875
4909,4904,-2.1953125,1.6015625,1.96875
4910,4904,-4.71875,0.9296875,-0.390625
4911,4904,-3.265625,1.4921875,1.421875
4912,4912,-4.5,-2.7421875,-0.140625
4913,4912,-3.375,-3.046875,-2.3125
4914,4912,-4.93359375,-3.09375,0.234375
4915,4912,-4.4609375,1.3984375,2.71875
4916,4912,-5.8203125,1.03125,1.953125
4917,4912,-3.9375,1.3203125,2.609375
4918,4912,-5.5078125,1.3671875,-0.5625
4919,4912,-2.54296875,1.1953125,1.109375
4920,4920,-4.65625,1.140625,1.125
4921,4920,-2.7578125,0.78125,-0.953125
4922,4920,-4.734375,0.5078125,-0.21875
4923,4920,-4.625,0.6796875,2.21875
4924,4920,-4.04296875,0.140625,0.421875
4925,4920,-2.845703125,0.421875,2.265625
4926,4920,-2.921875,1.5703125,2.609375
4927,4920,-3.625,1.0234375,3.109375
4928,4928,-6.9140625,-2.5625,0.4375
4929,4928,0.5078125,-0.890625,0.0625
4930,4928,-0.65625,0.5,0.421875
4931,4928,-3.8203125,1.546875,2.796875
4932,4928,-1.0,1.8984375,1.265625
4933,4928,-1.671875,0.875,3.5625
4934,4928,-5.390625,-3.078125,1.46875
4935,4928,-4.4921875,-2.3203125,-1.046875
4936,4936,-6.7421875,0.40625,0.609375
4937,4936,-2.76171875,-1.1171875,-2.265625
4938,4936,-1.3828125,-0.6953125,-1.828125
4939,4936,-2.1015625,0.75,2.09375
4940,4936,-2.171875,-0.2265625,-4.59375
4941,4936,-3.515625,-1.546875,0.640625
4942,4936,-1.7109375,-1.53125,-1.4375
4943,4936,-1.75,-1.0859375,1.734375
4944,4944,-1.6171875,1.21875,1.703125
4945,4944,-5.3515625,0.09375,1.109375
4946,4944,-2.3046875,-0.15625,-4.140625
4947,4944,1.8828125,0.25,0.109375
4948,4944,-2.890625,1.609375,2.4375
4949,4944,-2.1015625,1.4921875,2.28125
4950,4944,-5.3359375,-2.953125,-1.15625
4951,4944,-4.00390625,1.265625,1.515625
4952,4952,-3.515625,0.65625,2.0
4953,4952,-4.8984375,0.703125,3.03125
4954,4952,-4.6484375,-2.734375,1.625
4955,4952,-0.2421875,0.5703125,-1.34375
4956,4952,-4.296875,1.25,2.3125
4957,4952,-3.9453125,-0.6953125,-0.5625
4958,4952,-5.8046875,-1.2578125,0.03125
4959,4952,-5.1015625,-2.5859375,0.40625
4960,4960,-4.09375,-2.2734375,0.921875
4961,4960,-2.7890625,0.1484375,-0.484375
4962,4960,-2.73046875,0.4375,2.765625
4963,4960,-5.65625,-0.4609375,-2.78125
4964,4960,-2.7265625,-0.03125,0.859375
4965,4960,-0.6953125,-1.046875,0.234375
4966,4960,-1.453125,-0.9375,-0.671875
4967,4960,-0.1171875,0.9453125,-1.3125
4968,4968,-4.56640625,-0.03125,1.65625
4969,4968,-0.078125,0.7578125,0.25
4970,4968,0.9296875,-0.640625,0.546875
4971,4968,-1.5390625,-0.0078125,-1.140625
4972,4968,-3.03515625,0.40625,1.75
4973,4968,1.30078125,-1.921875,-4.03125
4974,4968,-1.421875,0.84375,-2.984375
4975,4968,-0.52734375,-0.015625,-0.65625
4976,4976,-3.3671875,3.515625,0.484375
4977,4976,-4.02734375,1.3125,-1.015625
4978,4976,0.03125,-0.359375,-2.890625
4979,4976,-4.359375,0.1484375,0.5
4980,4976,2.8984375,2.1953125,-0.09375
4981,4976,-2.7578125,0.78125,-0.953125
4982,4976,-2.80859375,1.0,0.6875
4983,4976,-1.54296875,0.6484375,-0.578125
4984,4984,-1.671875,1.390625,0.96875
4985,4984,-1.26953125,4.703125,1.4375
4986,4984,-3.375,-0.140625,1.875
4987,4984,-4.296875,0.4375,-1.65625
4988,4984,-2.8125,-0.734375,-3.5078125
4989,4984,-3.4296875,-3.1328125,-3.3125
4990,4984,-4.25,-0.1328125,-2.859375
4991,4984,-4.4921875,1.9921875,1.828125
4992,4992,-2.91015625,1.390625,0.703125
4993,4992,-3.1953125,0.28125,-0.578125
4994,4992,-3.52734375,0.21875,1.59375
4995,4992,-4.19921875,1.1328125,1.484375
4996,4992,-2.998046875,0.203125,2.21875
4997,4992,-3.38671875,0.046875,0.859375
4998,4992,-1.15625,-0.1640625,-0.71875
4999,4992,-1.921875,-0.1796875,1.421875
5000,5000,-2.6796875,4.671875,-1.234375
5001,5000,-1.71484375,3.8203125,-0.59375
5002,5000,0.234375,1.0390625,-4.0
5003,5000,-3.23828125,-0.8046875,-0.375
5004,5000,-4.4453125,0.3203125,0.8125
5005,5000,-0.97265625,1.4453125,-1.078125
5006,5000,-0.73828125,2.6875,2.0625
5007,5000,-0.5,4.0703125,0.28125
5008,5008,-2.998046875,0.203125,2.21875
5009,5008,-3.1953125,0.765625,0.125
5010,5008,-11.9453125,-0.1328125,0.09375
5011,5008,-1.828125,0.359375,2.609375
5012,5008,-2.62890625,1.5859375,0.296875
5013,5008,-3.140625,2.2109375,1.140625
5014,5008,-3.6796875,-0.3046875,-1.203125
5015,5008,-0.96875,4.1484375,2.265625
5016,5016,-1.34765625,3.1328125,-0.9375
5017,5016,-0.765625,0.78125,1.0
5018,5016,0.015625,0.53125,0.71875
5019,5016,-0.6328125,1.296875,0.796875
5020,5016,-0.49609375,0.296875,0.578125
5021,5016,0.515625,-0.25,-0.25
5022,5016,-4.796875,4.5,3.578125
5023,5016,-1.140625,-0.828125,0.0625
5024,5024,-0.203125,1.078125,-0.28125
5025,5024,-1.9765625,-1.8203125,-0.828125
5026,5024,0.015625,-0.734375,2.09375
5027,5024,-3.25,-0.1328125,1.703125
5028,5024,-3.16015625,1.0234375,2.0625
5029,5024,4.921875,3.375,1.8125
5030,5024,0.3828125,0.578125,3.0625
5031,5024,-1.1328125,0.078125,-2.546875
5032,5032,3.265625,-1.0625,0.03125
5033,5032,-0.92578125,2.8046875,2.28125
5034,5032,-2.8203125,0.4921875,0.65625
5035,5032,1.2421875,2.3515625,1.484375
5036,5032,-0.21875,2.8515625,1.796875
5037,5032,1.609375,-0.53125,-0.59375
5038,5032,-1.4296875,-0.0078125,1.171875
5039,5032,3.1171875,1.5234375,-0.0625
5040,5040,-3.5390625,-2.140625,-2.21875
5041,5040,0.140625,1.9453125,0.09375
5042,5040,-4.6953125,-1.375,0.859375
5043,5040,-0.765625,-1.390625,0.53125
5044,5040,0.9765625,-0.515625,0.3125
5045,5040,1.578125,0.625,-0.5
5046,5040,-2.7421875,-2.8359375,-3.5625
5047,5040,0.5078125,-0.046875,-0.421875
5048,5048,0.4921875,0.140625,1.515625
5049,5048,-0.4140625,1.25,0.875
5050,5048,1.8828125,0.9296875,-2.359375
5051,5048,1.90625,-0.265625,-4.296875
5052,5048,-0.953125,1.859375,0.96875
5053,5048,-0.3359375,1.4921875,-0.734375
5054,5048,-1.03125,0.546875,1.09375
5055,5048,3.1875,1.953125,6.40625
5056,5056,0.40625,1.34375,0.8125
5057,5056,-0.6875,1.421875,1.5
5058,5056,-2.625,0.640625,-1.359375
5059,5056,-0.71875,0.21875,-1.765625
5060,5056,1.0859375,0.421875,-1.34375
5061,5056,3.2890625,2.1875,0.1875
5062,5056,-2.8984375,0.4609375,0.40625
5063,5056,-2.845703125,0.421875,2.265625
5064,5064,-0.9765625,2.921875,5.125
5065,5064,-2.3828125,0.125,-1.140625
5066,5064,-2.390625,0.1640625,0.9375
5067,5064,0.4609375,0.4296875,0.546875
5068,5064,-6.2890625,-2.9453125,1.6875
5069,5064,-3.75,-0.1328125,2.1875
5070,5064,-4.6640625,0.9375,3.28125
5071,5064,-3.4140625,1.5625,-1.375
5072,5072,-2.998046875,0.203125,2.21875
5073,5072,-4.421875,1.1640625,-0.09375
5074,5072,-3.671875,5.9140625,2.1875
5075,5072,-1.81640625,0.1328125,0.78125
5076,5072,-2.21875,-0.515625,0.6875
5077,5072,-0.140625,0.3359375,1.828125
5078,5072,-0.0859375,0.0390625,0.59375
5079,5072,0.01953125,-1.953125,-0.625
5080,5080,-4.57421875,0.4296875,-2.296875
5081,5080,-1.484375,0.375,-1.734375
5082,5080,-0.6875,-0.171875,0.46875
5083,5080,2.7578125,0.46875,-2.328125
5084,5080,-0.8359375,0.734375,-0.09375
5085,5080,-1.2421875,2.1015625,1.71875
5086,5080,0.1171875,-0.359375,-0.953125
5087,5080,0.3046875,0.265625,4.203125
5088,5088,-0.6015625,0.96875,0.765625
5089,5088,-2.0234375,0.515625,0.84375
5090,5088,-0.1640625,0.65625,0.375
5091,5088,-2.2578125,0.5390625,1.578125
5092,5088,-0.2734375,-1.234375,1.484375
5093,5088,0.953125,-0.046875,3.21875
5094,5088,0.8671875,-0.3359375,-2.078125
5095,5088,-0.8671875,0.4296875,1.1875
5096,5096,3.4765625,-0.1171875,-2.4375
5097,5096,1.015625,-1.4296875,-2.140625
5098,5096,-1.046875,-0.234375,0.203125
5099,5096,-7.921875,0.421875,-0.28125
5100,5096,-2.80859375,0.46875,1.984375
5101,5096,-10.3671875,0.3125,0.296875
5102,5096,-9.078125,1.21875,-2.53125
5103,5096,-7.6796875,-0.59375,0.21875
5104,5104,-5.05078125,-2.375,-1.4375
5105,5104,1.90625,-0.3515625,0.265625
5106,5104,-5.796875,-2.515625,0.203125
5107,5104,-2.203125,1.4453125,2.125
5108,5104,-2.8671875,-0.328125,1.75
5109,5104,-5.484375,-3.1640625,-0.515625
5110,5104,1.21875,0.8046875,1.84375
5111,5104,-1.56640625,-0.9921875,-1.75
5112,5112,-0.203125,0.3046875,-0.453125
5113,5112,1.5703125,1.328125,1.640625
5114,5112,-0.453125,0.5703125,0.234375
5115,5112,2.34375,-0.59375,1.015625
5116,5112,0.71484375,0.8359375,-3.703125
5117,5112,-3.109375,-0.625,0.359375
5118,5112,-4.140625,-0.2109375,0.484375
5119,5112,-2.3828125,-0.5703125,-0.84375
5120,5120,-1.6484375,1.734375,-0.21875
5121,5120,-0.765625,-2.1171875,-1.25
5122,5120,-0.6640625,-0.3671875,1.421875
5123,5120,-0.671875,-2.046875,-0.65625
5124,5120,-2.1328125,-2.0703125,-0.078125
5125,5120,0.5703125,0.2109375,0.265625
5126,5120,-0.5625,-0.328125,-3.765625
5127,5120,1.859375,-0.3125,-2.53125
5128,5128,-5.2578125,0.6484375,1.1875
5129,5128,-6.0859375,-1.1484375,-0.9375
5130,5128,-4.2421875,-0.015625,1.265625
5131,5128,-3.796875,-1.8671875,0.875
5132,5128,-3.47265625,-0.171875,3.40625
5133,5128,0.640625,-1.7578125,-1.140625
5134,5128,-2.1875,0.984375,0.90625
5135,5128,-4.71875,0.234375,3.046875
5136,5136,6.4921875,2.3359375,7.03125
5137,5136,-6.171875,-2.984375,1.234375
5138,5136,-5.84375,1.234375,2.4375
5139,5136,0.4765625,0.7890625,2.828125
5140,5136,-4.9765625,1.984375,0.71875
5141,5136,2.40625,1.046875,0.6875
5142,5136,1.09375,0.0703125,1.515625
5143,5136,1.7109375,2.7890625,1.453125
5144,5144,-0.921875,0.484375,0.453125
5145,5144,-1.78125,0.9453125,-2.125
5146,5144,-1.6328125,1.296875,-2.15625
5147,5144,0.6640625,-1.2421875,-4.65625
5148,5144,-2.3359375,2.609375,-0.53125
5149,5144,-2.8125,0.734375,-1.09375
5150,5144,2.59375,2.9921875,4.546875
5151,5144,0.29296875,-0.125,-0.703125
5152,5152,3.53125,-1.171875,0.484375
5153,5152,3.8828125,1.03125,1.796875
5154,5152,0.1796875,-0.1171875,-0.375
5155,5152,2.8828125,0.6015625,0.09375
5156,5152,-4.6875,-0.421875,0.375
5157,5152,-0.4296875,1.0859375,2.046875
5158,5152,1.5859375,-0.046875,-1.0625
5159,5152,0.078125,0.078125,1.359375
5160,5160,-3.4140625,0.4921875,1.234375
5161,5160,-3.1484375,-0.28125,3.1875
5162,5160,2.84375,-0.046875,-1.0
5163,5160,-3.58203125,-3.2734375,-3.71875
5164,5160,-6.78125,-0.890625,0.25
5165,5160,-6.37890625,-0.9453125,-0.921875
5166,5160,-6.546875,-0.390625,0.09375
5167,5160,-3.1015625,-0.03125,2.625
5168,5168,-4.7578125,-2.4765625,-0.84375
5169,5168,-3.1875,1.59375,2.453125
5170,5168,-2.484375,0.28125,2.15625
5171,5168,-2.8359375,-1.6640625,0.125
5172,5168,-4.765625,-0.4921875,-0.015625
5173,5168,-3.6171875,-0.3203125,2.171875
5174,5168,-2.2265625,-2.984375,-3.7109375
5175,5168,-1.9375,0.515625,0.28125
5176,5176,-0.5859375,-0.15625,0.875
5177,5176,0.59375,-0.6015625,-0.125
5178,5176,-4.30078125,1.9296875,0.734375
5179,5176,0.8671875,-1.9921875,-4.015625
5180,5176,-0.875,-1.9375,2.703125
5181,5176,-3.515625,0.296875,-4.1328125
5182,5176,-2.65625,-2.796875,-1.34375
5183,5176,-1.5625,0.171875,2.921875
5184,5184,1.1796875,1.1328125,3.390625
5185,5184,0.7578125,0.1328125,1.234375
5186,5184,1.3828125,-1.0859375,-2.453125
5187,5184,-5.6953125,-2.1875,-0.109375
5188,5184,-1.9921875,0.359375,0.59375
5189,5184,-0.2734375,3.1875,1.453125
5190,5184,-0.4140625,2.1015625,0.515625
5191,5184,-0.1796875,1.71875,1.90625
5192,5192,1.96875,-1.609375,-1.53125
5193,5192,1.2890625,-1.0625,-0.046875
5194,5192,3.9375,-2.9453125,-1.015625
5195,5192,1.3359375,-1.0,-3.59375
5196,5192,2.6875,0.9140625,-0.5
5197,5192,3.5078125,-0.6328125,-2.171875
5198,5192,-3.546875,-1.6640625,-0.375
5199,5192,-3.7109375,-2.328125,-1.109375
5200,5200,-4.3046875,1.1796875,2.40625
5201,5200,-4.203125,-2.5078125,-1.0
5202,5200,-5.6875,-2.765625,-1.34375
5203,5200,-6.2421875,-1.484375,-1.96875
5204,5200,-4.58984375,-0.3359375,-1.609375
5205,5200,-0.9609375,-2.234375,-0.359375
5206,5200,-0.59375,-0.6171875,-1.09375
5207,5200,-0.3125,1.0234375,-0.09375
5208,5208,0.4453125,-2.9609375,-4.265625
5209,5208,0.6015625,0.1015625,0.671875
5210,5208,1.375,-0.5,-0.140625
5211,5208,-0.03125,0.109375,-0.953125
5212,5208,2.296875,-1.1171875,-3.140625
5213,5208,-5.328125,0.09375,1.390625
5214,5208,1.9921875,-1.4453125,-0.265625
5215,5208,5.04296875,0.1875,1.296875
5216,5216,-2.390625,-0.4296875,-3.359375
5217,5216,-6.4296875,-0.7578125,0.15625
5218,5216,-7.1875,0.0703125,-0.453125
5219,5216,3.1015625,-1.71875,-2.625
5220,5216,-2.3984375,-2.671875,-2.671875
5221,5216,-6.26171875,-2.6953125,-3.53125
5222,5216,-4.6328125,-2.28125,-0.5625
5223,5216,1.859375,-1.7890625,-3.5
5224,5224,-5.2734375,0.5,0.859375
5225,5224,-2.515625,-0.1015625,1.5
5226,5224,-4.73046875,1.3515625,-0.65625
5227,5224,-2.1171875,0.015625,1.15625
5228,5224,-1.1171875,0.765625,3.921875
5229,5224,-1.59375,1.109375,0.484375
5230,5224,-3.6953125,2.9140625,-0.09375
5231,5224,-1.9375,1.359375,0.390625
5232,5232,-0.046875,0.7421875,-2.859375
5233,5232,-0.234375,0.9921875,-3.3671875
5234,5232,-2.96875,0.4453125,2.28125
5235,5232,2.63671875,0.75,-2.265625
5236,5232,2.3203125,-0.1875,-1.140625
5237,5232,1.80859375,-2.015625,-1.53125
5238,5232,-2.90625,0.7421875,1.40625
5239,5232,0.234375,0.8359375,0.6875
5240,5240,-5.484375,0.6484375,-0.109375
5241,5240,4.015625,-2.1875,-2.046875
5242,5240,6.3203125,-0.0625,-0.515625
5243,5240,6.2421875,1.5,-0.84375
5244,5240,6.765625,0.3359375,-1.828125
5245,5240,3.8203125,2.453125,0.046875
5246,5240,5.8125,3.0390625,1.078125
5247,5240,3.0078125,2.3671875,-1.578125
5248,5248,4.6640625,2.1484375,-1.234375
5249,5248,-3.40625,0.4453125,1.25
5250,5248,-3.6328125,2.078125,1.625
5251,5248,-4.4453125,1.28125,3.375
5252,5248,-1.8671875,-0.453125,0.96875
5253,5248,-3.2890625,-1.4765625,-0.296875
5254,5248,-5.55078125,-0.078125,-0.265625
5255,5248,-8.6015625,-0.8671875,0.453125
5256,5256,-6.7734375,-0.8671875,0.125
5257,5256,-4.5546875,-1.375,-0.640625
5258,5256,-5.7734375,-1.125,-1.765625
5259,5256,-4.1328125,2.0625,-0.203125
5260,5256,-4.7265625,-2.640625,-0.125
5261,5256,-5.765625,-0.09375,2.828125
5262,5256,-3.47265625,1.375,0.921875
5263,5256,1.6171875,0.84375,1.25
5264,5264,-1.8203125,1.015625,0.59375
5265,5264,-2.0625,0.59375,-0.390625
5266,5264,-0.3203125,-0.265625,1.703125
5267,5264,1.34375,1.0859375,-0.25
5268,5264,-0.0859375,2.7734375,1.3125
5269,5264,-2.98828125,1.53125,0.75
5270,5264,1.1328125,1.21875,0.6875
5271,5264,-0.765625,0.421875,-1.484375
5272,5272,1.828125,-0.609375,-5.15625
5273,5272,0.875,-3.375,-4.9375
5274,5272,-1.546875,1.53125,0.6875
5275,5272,0.18359375,1.6484375,3.6875
5276,5272,0.5625,4.03125,0.453125
5277,5272,3.953125,3.078125,0.53125
5278,5272,6.4765625,2.203125,-3.296875
5279,5272,6.890625,1.5390625,0.1875
5280,5280,1.23828125,3.453125,-2.171875
5281,5280,-2.7734375,0.34375,-1.359375
5282,5280,-5.453125,0.2890625,-0.578125
5283,5280,-0.3125,-0.4921875,-0.09375
5284,5280,-1.58203125,0.7890625,1.640625
5285,5280,-2.140625,0.328125,-0.984375
5286,5280,1.546875,-1.765625,-4.953125
5287,5280,-3.03515625,2.4140625,2.8125
5288,5288,-2.765625,0.7890625,-0.609375
5289,5288,-2.5625,-0.984375,-0.953125
5290,5288,-2.1953125,0.5,2.984375
5291,5288,-3.6640625,0.765625,0.0
5292,5288,-3.75,-0.1328125,2.1875
5293,5288,-1.42578125,1.078125,2.21875
5294,5288,-4.3671875,1.1171875,3.28125
5295,5288,1.125,1.5,0.484375
5296,5296,-2.28125,-0.796875,-2.4375
5297,5296,-3.16015625,1.390625,-0.453125
5298,5296,-2.3046875,-0.65625,-1.03125
5299,5296,0.75,-1.2734375,-0.484375
5300,5296,6.03515625,0.5,-2.0
5301,5296,-5.11328125,-2.5859375,0.171875
5302,5296,0.2265625,-4.828125,-3.7109375
5303,5296,1.7109375,0.890625,-0.625
5304,5304,2.484375,0.609375,0.390625
5305,5304,-2.5390625,0.9609375,-1.0625
5306,5304,2.03125,0.484375,-1.75
5307,5304,1.515625,0.078125,1.140625
5308,5304,-0.0078125,1.546875,-0.546875
5309,5304,0.3984375,0.828125,-1.0
5310,5304,0.046875,-1.140625,-1.109375
5311,5304,-7.1171875,0.8203125,2.8828125
5312,5312,-7.15625,1.0390625,1.84375
5313,5312,-2.921875,2.40625,-0.65625
5314,5312,-4.890625,-1.046875,-1.40625
5315,5312,4.9765625,2.5,0.625
5316,5312,6.02734375,1.9140625,-0.015625
5317,5312,2.390625,1.8515625,-0.5
5318,5312,5.3671875,2.078125,-0.78125
5319,5312,-6.0078125,-1.8046875,-0.53125
5320,5320,-6.15625,-1.3828125,1.53125
5321,5320,-5.328125,-0.6953125,-1.265625
5322,5320,-1.921875,1.4765625,3.21875
5323,5320,-0.0234375,2.1796875,-2.3359375
5324,5320,-1.625,-1.1796875,-1.359375
5325,5320,-1.2421875,-2.046875,-1.46875
5326,5320,-1.90625,0.5703125,-0.078125
5327,5320,-0.6953125,1.1328125,-0.578125
5328,5328,-2.64453125,-0.890625,1.609375
5329,5328,-5.78125,-0.671875,-0.546875
5330,5328,-3.6875,0.2890625,-0.578125
5331,5328,-2.125,1.25,1.671875
5332,5328,-0.3359375,-0.484375,-2.578125
5333,5328,-2.265625,0.15625,-0.40625
5334,5328,2.6171875,-2.09375,-0.296875
5335,5328,0.1328125,-0.703125,-0.28125
5336,5336,2.8671875,-3.640625,-3.1796875
5337,5336,1.2578125,2.359375,-1.9375
5338,5336,2.7265625,-1.75,-4.9453125
5339,5336,-3.15625,0.1953125,-1.828125
5340,5336,-3.578125,0.5078125,-0.609375
5341,5336,-2.546875,-0.0625,0.0
5342,5336,-1.4609375,-0.765625,1.3125
5343,5336,1.8203125,3.921875,5.625
5344,5344,0.0546875,-1.3984375,-2.125
5345,5344,1.6171875,1.515625,0.25
5346,5344,-1.8046875,-1.1640625,-2.15625
5347,5344,1.8671875,0.5078125,0.9375
5348,5344,0.359375,-3.890625,-1.6875
5349,5344,-1.21875,3.265625,2.5625
5350,5344,-1.48046875,0.5078125,-0.59375
5351,5344,-6.31640625,-1.5078125,1.71875
5352,5352,-2.75,0.0859375,1.875
5353,5352,-2.66796875,0.4453125,2.234375
5354,5352,-3.1328125,0.578125,2.15625
5355,5352,-3.2265625,0.4296875,2.5
5356,5352,-0.9765625,-1.65625,1.046875
5357,5352,-0.578125,-2.515625,1.59375
5358,5352,1.109375,2.09375,1.546875
5359,5352,5.46875,4.234375,-0.453125
5360,5360,-3.88671875,0.9921875,-1.375
5361,5360,-2.90625,0.3828125,1.671875
5362,5360,2.4453125,-0.1875,-0.375
5363,5360,-5.6328125,-0.0546875,-0.8125
5364,5360,1.03125,0.890625,3.203125
5365,5360,5.75,0.78125,0.953125
5366,5360,-6.3515625,-0.109375,0.78125
5367,5360,4.484375,2.078125,-0.484375
5368,5368,-5.09375,-1.109375,1.34375
5369,5368,-1.109375,-0.03125,3.0
5370,5368,-1.6328125,-0.75,2.5
5371,5368,-6.3046875,0.53125,2.453125
5372,5368,-3.5234375,0.0,2.375
5373,5368,-5.90625,0.8671875,-0.859375
5374,5368,-2.19140625,-0.484375,-1.8125
5375,5368,-3.40625,0.90625,1.828125
5376,5376,1.6796875,2.859375,-0.96875
5377,5376,1.296875,1.0,-2.515625
5378,5376,3.7890625,-0.546875,-2.1875
5379,5376,-2.9453125,2.3046875,1.15625
5380,5376,1.484375,0.46875,-0.78125
5381,5376,-4.8046875,3.25,3.53125
5382,5376,-4.5859375,2.578125,1.828125
5383,5376,-5.3359375,0.9375,-0.828125
5384,5384,-4.53125,2.6484375,0.875
5385,5384,-4.859375,2.3984375,1.3125
5386,5384,1.40625,1.2265625,-1.015625
5387,5384,-1.39453125,-0.640625,-4.9765625
5388,5384,-3.7421875,0.8671875,-5.4375
5389,5384,-2.3046875,0.265625,-1.375
5390,5384,-1.54296875,-0.1796875,-4.1875
5391,5384,2.5234375,0.8203125,-1.671875
5392,5392,-0.734375,-0.734375,-2.53125
5393,5392,-5.0546875,-1.1875,-2.5
5394,5392,-3.9921875,0.515625,2.8125
5395,5392,-5.70703125,0.3203125,0.6875
5396,5392,-2.9921875,-0.546875,2.09375
5397,5392,-3.53125,1.1328125,2.015625
5398,5392,-2.953125,2.0546875,2.375
5399,5392,-3.3984375,0.328125,1.75
5400,5400,-3.05859375,-1.6875,-1.1875
5401,5400,2.9609375,0.796875,1.75
5402,5400,1.0703125,1.25,3.1875
5403,5400,-1.0,2.7578125,4.375
5404,5400,-3.25,0.21875,3.40625
5405,5400,-4.015625,1.03125,1.546875
5406,5400,-1.703125,1.078125,1.6875
5407,5400,-3.0625,-0.3828125,2.75
5408,5408,-3.1640625,1.59375,1.96875
5409,5408,-1.3671875,1.375,1.171875
5410,5408,-1.28125,0.953125,4.171875
5411,5408,-2.0234375,1.390625,2.265625
5412,5408,1.4296875,3.28125,2.765625
5413,5408,4.69921875,3.015625,7.09375
5414,5408,1.96875,1.4296875,3.421875
5415,5408,1.078125,3.203125,3.8125
5416,5416,0.1796875,0.8515625,2.21875
5417,5416,0.6171875,0.265625,1.03125
5418,5416,1.359375,0.03125,-0.296875
5419,5416,0.203125,3.234375,1.671875
5420,5416,-4.21484375,0.09375,1.5625
5421,5416,-5.2578125,-0.3984375,-2.5625
5422,5416,5.25,0.765625,-0.4375
5423,5416,-6.640625,-1.3515625,-0.15625
5424,5424,-0.2890625,0.609375,-1.296875
5425,5424,4.015625,1.8359375,0.6875
5426,5424,6.0078125,3.4765625,0.34375
5427,5424,-2.984375,2.203125,2.234375
5428,5424,-2.37109375,1.984375,4.21875
5429,5424,-0.8046875,-0.4765625,-0.59375
5430,5424,-2.453125,-0.28125,0.53125
5431,5424,-1.75,0.3828125,-3.203125
5432,5432,2.4609375,0.4609375,0.65625
5433,5432,-0.5,0.1875,-0.5
5434,5432,-4.1328125,-0.421875,-0.03125
5435,5432,-1.2734375,-0.1328125,-0.046875
5436,5432,-2.5859375,-1.1484375,0.34375
5437,5432,-1.63671875,1.0078125,0.90625
5438,5432,-1.6953125,1.2578125,1.5625
5439,5432,-5.1796875,-0.8203125,-3.765625
5440,5440,-2.73828125,1.3125,2.734375
5441,5440,-0.953125,0.875,1.8125
5442,5440,-0.390625,0.2109375,0.1875
5443,5440,1.59375,0.8046875,1.203125
5444,5440,2.296875,1.890625,2.859375
5445,5440,3.875,2.1484375,3.03125
5446,5440,4.2734375,2.125,3.15625
5447,5440,0.0390625,2.15625,2.234375
5448,5448,-1.0859375,3.8203125,5.9375
5449,5448,-2.609375,2.9453125,4.0
5450,5448,-0.7734375,1.890625,3.0625
5451,5448,-2.265625,-0.28125,1.203125
5452,5448,-1.859375,3.3125,5.25
5453,5448,1.5078125,3.390625,2.75
5454,5448,0.2109375,3.640625,3.4375
5455,5448,2.3125,2.5859375,2.484375
5456,5456,0.5,2.359375,1.890625
5457,5456,0.3359375,1.5703125,2.671875
5458,5456,-5.5078125,2.1640625,4.28125
5459,5456,-2.21484375,1.875,4.9375
5460,5456,-1.66015625,2.3203125,7.0
5461,5456,-2.578125,1.375,3.953125
5462,5456,-6.1953125,2.5,4.8125
5463,5456,1.0625,1.0703125,2.78125
5464,5464,-2.296875,0.625,1.796875
5465,5464,3.5859375,2.421875,-0.71875
5466,5464,0.1328125,3.84375,1.859375
5467,5464,-2.796875,1.1328125,-0.28125
5468,5464,1.1015625,3.109375,1.484375
5469,5464,2.140625,1.125,0.078125
5470,5464,2.9765625,0.734375,-2.3125
5471,5464,0.3671875,-0.0078125,-0.34375
5472,5472,-3.2890625,-1.8828125,-1.640625
5473,5472,-3.48828125,-3.75,-1.796875
5474,5472,-3.77734375,2.0234375,-2.109375
5475,5472,-4.4609375,-2.109375,-2.40625
5476,5472,-2.66796875,-0.828125,1.890625
5477,5472,-0.234375,-0.453125,2.4375
5478,5472,3.71875,2.046875,5.7890625
5479,5472,3.7265625,1.6640625,4.96875
5480,5480,2.328125,1.109375,3.6484375
5481,5480,2.8671875,1.0703125,0.109375
5482,5480,-4.9609375,1.3359375,2.140625
5483,5480,-3.4453125,-2.921875,-0.265625
5484,5480,-2.234375,-2.640625,2.0625
5485,5480,1.8125,2.171875,-1.65625
5486,5480,-6.0703125,-0.390625,0.34375
5487,5480,-0.3515625,1.3359375,-3.21875
5488,5488,-6.4765625,0.2265625,0.734375
5489,5488,-0.1484375,-0.078125,-1.96875
5490,5488,-1.8671875,-3.6875,2.546875
5491,5488,0.0,1.453125,-0.703125
5492,5488,-3.640625,-1.7734375,-0.4375
5493,5488,-1.921875,1.3125,2.96875
5494,5488,-1.390625,0.9609375,-2.1875
5495,5488,1.1328125,0.3046875,-0.140625
5496,5496,5.328125,2.984375,-0.421875
5497,5496,7.40625,2.328125,1.203125
5498,5496,5.0859375,2.921875,-0.421875
5499,5496,3.2734375,2.125,-0.21875
5500,5496,2.1796875,2.546875,-1.109375
5501,5496,-3.53515625,0.96875,2.9375
5502,5496,-3.53515625,0.96875,2.9375
5503,5496,-3.53515625,0.96875,2.9375
5504,5504,-6.1015625,-0.2109375,1.46875
5505,5504,-4.546875,0.296875,0.96875
5506,5504,2.78125,3.4609375,1.984375
5507,5504,3.3671875,2.9609375,-0.609375
5508,5504,-1.625,2.1796875,-0.0625
5509,5504,-4.296875,-0.1875,1.125
5510,5504,-3.125,0.71875,4.046875
5511,5504,-2.859375,-1.0859375,0.546875
5512,5512,-4.5859375,1.8046875,0.875
5513,5512,-3.6171875,1.2265625,1.375
5514,5512,7.34375,2.2890625,-0.1875
5515,5512,5.46875,0.7265625,-0.296875
5516,5512,0.5546875,0.6796875,2.453125
5517,5512,-3.9375,-0.0546875,2.421875
5518,5512,1.609375,-1.125,-0.734375
5519,5512,-1.9375,-2.6328125,-2.84375
5520,5520,-3.7734375,-1.71875,-1.015625
5521,5520,-0.171875,-0.640625,0.140625
5522,5520,1.0859375,-2.8984375,-1.265625
5523,5520,-2.9296875,0.734375,1.328125
5524,5520,-4.3828125,0.9609375,2.265625
5525,5520,0.4296875,0.953125,2.4375
5526,5520,0.7578125,0.7578125,0.609375
5527,5520,2.234375,1.828125,2.4375
5528,5528,-0.203125,1.15625,2.96875
5529,5528,-3.42578125,0.7265625,1.828125
5530,5528,-2.578125,-0.0859375,0.421875
5531,5528,-0.8359375,1.2734375,2.640625
5532,5528,-1.0234375,0.5546875,1.296875
5533,5528,-1.4921875,1.1015625,0.359375
5534,5528,1.078125,-0.4765625,0.21875
5535,5528,3.5,1.3046875,0.4375
5536,5536,1.3671875,0.265625,2.03125
5537,5536,-5.3828125,-0.828125,0.640625
5538,5536,3.25,-0.15625,-4.0625
5539,5536,-3.5859375,-0.046875,0.546875
5540,5536,2.5546875,2.7734375,2.515625
5541,5536,0.703125,2.5078125,3.0
5542,5536,-0.171875,1.6796875,2.125
5543,5536,0.75,-0.265625,1.046875
5544,5544,-2.6875,0.578125,-1.390625
5545,5544,-1.1015625,-0.59375,1.4375
5546,5544,-5.078125,-0.5546875,0.1875
5547,5544,-0.6875,-0.5390625,0.03125
5548,5544,-0.09375,1.4765625,1.609375
5549,5544,2.0546875,1.765625,3.71875
5550,5544,0.6015625,0.21875,-3.609375
5551,5544,2.4375,1.421875,2.6875
5552,5552,-0.515625,1.2890625,0.296875
5553,5552,-8.6171875,-0.3125,0.75
5554,5552,-7.5625,-1.09375,-0.609375
5555,5552,-4.3359375,-0.2890625,-1.375
5556,5552,-2.84375,0.296875,-3.640625
5557,5552,-0.796875,2.125,0.390625
5558,5552,-5.85546875,1.28125,-0.546875
5559,5552,-2.6171875,-0.1953125,-2.484375
5560,5560,-2.71875,0.125,-1.859375
5561,5560,-2.03125,-1.6015625,-2.78125
5562,5560,-4.03515625,1.15625,1.65625
5563,5560,-3.46484375,-1.2421875,-2.9375
5564,5560,-5.47265625,-1.6015625,-2.921875
5565,5560,-0.765625,-0.3359375,-1.203125
5566,5560,-5.90625,0.6171875,2.40625
5567,5560,-5.9296875,1.5625,4.421875
5568,5568,-6.578125,-1.296875,-2.953125
5569,5568,-4.85546875,-1.6953125,-2.984375
5570,5568,-7.0546875,-1.234375,-1.828125
5571,5568,-6.4921875,-1.75,-3.578125
5572,5568,-4.72265625,0.9140625,2.484375
5573,5568,-4.9765625,-1.0078125,0.609375
5574,5568,-6.56640625,-1.15625,0.796875
5575,5568,-2.625,0.3125,2.515625
5576,5576,0.203125,-2.9609375,-2.609375
5577,5576,-1.8828125,0.6875,-3.703125
5578,5576,-1.625,1.375,-1.71875
5579,5576,-3.5625,0.1484375,0.046875
5580,5576,-4.7890625,-0.2578125,0.53125
5581,5576,-2.921875,1.5234375,2.40625
5582,5576,-3.0859375,0.7578125,2.5625
5583,5576,-6.4921875,-1.546875,-0.5625
5584,5584,-5.7109375,-0.0234375,1.6875
5585,5584,-0.3046875,-0.734375,-2.09375
5586,5584,-2.984375,-1.015625,0.484375
5587,5584,-3.265625,0.8359375,0.296875
5588,5584,-3.93359375,0.1328125,0.71875
5589,5584,-6.34375,-1.40625,-1.59375
5590,5584,-4.2421875,1.2890625,2.796875
5591,5584,-1.359375,-2.40625,-1.03125
5592,5592,-5.31640625,-2.2578125,-4.0625
5593,5592,1.5078125,1.1015625,-0.59375
5594,5592,-0.9296875,0.53125,1.3125
5595,5592,2.26953125,1.3359375,-4.796875
5596,5592,-2.59375,1.296875,-1.046875
5597,5592,-8.03125,0.6640625,-2.078125
5598,5592,-2.6953125,1.171875,0.625
5599,5592,-1.5546875,0.03125,-0.203125
5600,5600,-0.8671875,1.296875,-1.03125
5601,5600,-1.953125,1.9296875,-0.40625
5602,5600,-4.046875,1.984375,3.25
5603,5600,4.3671875,-0.6875,-3.109375
5604,5600,6.984375,2.3046875,0.28125
5605,5600,5.3828125,1.8046875,2.171875
5606,5600,3.09375,0.0546875,-1.3125
5607,5600,-7.0859375,1.40625,2.078125
5608,5608,-4.5,-2.265625,-3.953125
5609,5608,-5.01953125,-1.296875,0.359375
5610,5608,-4.91015625,1.4140625,2.703125
5611,5608,-2.03125,-0.296875,0.1875
5612,5608,-2.8125,0.3671875,1.796875
5613,5608,-3.1640625,0.03125,1.421875
5614,5608,-4.1171875,2.171875,0.609375
5615,5608,0.0234375,-0.9375,-2.25
5616,5616,-4.9453125,0.9921875,-0.03125
5617,5616,1.34375,0.21875,-2.75
5618,5616,0.4921875,2.109375,-1.578125
5619,5616,-7.71875,-2.625,-4.125
5620,5616,-5.4609375,-2.2109375,-3.375
5621,5616,-1.09765625,-0.6640625,0.796875
5622,5616,-0.765625,-1.0390625,-4.109375
5623,5616,2.6484375,-2.296875,-2.9375
5624,5624,-6.37109375,-1.3828125,-0.671875
5625,5624,0.828125,-0.7734375,-2.28125
5626,5624,-3.9453125,-2.0390625,-0.53125
5627,5624,-6.3828125,0.8359375,1.234375
5628,5624,0.421875,1.203125,0.703125
5629,5624,2.046875,-0.4140625,0.5
5630,5624,1.7265625,-1.5625,1.9375
5631,5624,-3.171875,4.0546875,-1.3125
5632,5632,-3.73828125,0.125,1.9375
5633,5632,-6.890625,-1.9921875,-2.8984375
5634,5632,-5.79296875,2.015625,-3.84375
5635,5632,-3.65234375,1.7421875,-2.640625
5636,5632,-2.703125,-0.34375,0.390625
5637,5632,-2.95703125,1.4296875,-0.46875
5638,5632,10.609375,3.546875,4.109375
5639,5632,-3.1796875,0.5625,2.234375
5640,5640,1.078125,0.234375,0.21875
5641,5640,-5.8828125,0.7421875,0.484375
5642,5640,-2.88671875,0.6953125,-0.90625
5643,5640,1.8046875,0.03125,0.5625
5644,5640,-2.3046875,2.65625,0.875
5645,5640,-4.765625,0.3515625,0.109375
5646,5640,-5.4296875,0.3359375,1.34375
5647,5640,-3.828125,0.859375,-0.671875
5648,5648,-6.49609375,1.6484375,1.1875
5649,5648,-5.6328125,-1.09375,-0.6875
5650,5648,-6.7734375,1.2578125,-1.671875
5651,5648,-3.9296875,0.125,0.65625
5652,5648,-7.0,0.6875,3.140625
5653,5648,-4.9140625,0.46875,1.46875
5654,5648,4.46875,-1.0625,-1.578125
5655,5648,5.75,1.609375,1.578125
5656,5656,7.3671875,2.7265625,3.0625
5657,5656,4.8828125,-1.046875,-2.234375
5658,5656,3.8203125,-2.390625,-4.859375
5659,5656,1.6953125,3.953125,2.265625
5660,5656,-0.703125,-0.859375,-0.671875
5661,5656,-1.4140625,0.4609375,-1.65625
5662,5656,3.7265625,0.9296875,0.0625
5663,5656,3.46875,0.75,0.5625
5664,5664,3.1640625,1.5625,0.4375
5665,5664,-1.1640625,-1.078125,-5.1015625
5666,5664,1.6015625,-3.3515625,-0.3125
5667,5664,4.4375,1.109375,3.359375
5668,5664,3.296875,-0.15625,8.9921875
5669,5664,-5.50390625,-1.640625,-1.0
5670,5664,-4.9375,0.578125,1.453125
5671,5664,-5.0390625,-0.15625,2.046875
5672,5672,-1.1953125,1.6328125,-0.875
5673,5672,6.21875,-0.125,0.8125
5674,5672,3.296875,-2.7109375,-2.640625
5675,5672,-3.921875,0.3515625,0.859375
5676,5672,-4.7890625,-0.3046875,1.625
5677,5672,-0.40625,0.9921875,2.671875
5678,5672,-5.4765625,0.4296875,-0.59375
5679,5672,-5.3828125,-0.7578125,0.546875
5680,5680,-3.171875,1.5,2.9375
5681,5680,-6.734375,0.703125,2.671875
5682,5680,2.8671875,-0.2578125,-2.59375
5683,5680,-5.4609375,0.0078125,0.3125
5684,5680,-5.96484375,1.375,1.71875
5685,5680,-3.2578125,-0.34375,-2.5625
5686,5680,-3.0078125,1.7265625,1.875
5687,5680,-0.7421875,0.6953125,1.328125
5688,5688,0.9375,0.578125,1.953125
5689,5688,-0.4140625,1.15625,1.0
5690,5688,-6.1953125,-0.71875,4.015625
5691,5688,0.6640625,-0.4140625,-1.0
5692,5688,-0.9609375,-0.28125,0.578125
5693,5688,0.0703125,-0.78125,-1.015625
5694,5688,2.5703125,3.28125,0.890625
5695,5688,-4.6875,0.078125,2.703125
5696,5696,-0.328125,1.65625,-0.28125
5697,5696,6.453125,-0.6328125,-0.484375
5698,5696,-2.34375,-0.8359375,1.546875
5699,5696,-3.1171875,-0.6875,0.171875
5700,5696,-0.59375,1.5703125,0.71875
5701,5696,-1.1875,1.640625,1.296875
5702,5696,-0.1796875,1.1875,0.609375
5703,5696,2.0859375,0.0546875,0.078125
5704,5704,-0.46875,-0.2734375,1.25
5705,5704,-2.0703125,-0.09375,1.203125
5706,5704,-3.59765625,-1.4453125,-2.8125
5707,5704,0.0546875,-0.6328125,-0.390625
5708,5704,2.59375,-0.109375,-0.046875
5709,5704,-1.5078125,-0.0390625,0.703125
5710,5704,-2.71484375,0.046875,0.21875
5711,5704,-2.8125,0.078125,0.84375
5712,5712,-2.1015625,1.1328125,-0.96875
5713,5712,-1.5078125,-0.0390625,0.703125
5714,5712,-3.421875,0.0,-3.21875
5715,5712,-1.96875,-0.2421875,0.609375
5716,5712,-7.38671875,1.515625,-0.40625
5717,5712,1.1484375,0.2265625,-0.765625
5718,5712,0.2109375,0.109375,-2.8125
5719,5712,1.140625,1.0859375,-0.609375
5720,5720,1.7890625,1.1640625,1.609375
5721,5720,-5.8671875,1.34375,2.03125
5722,5720,-6.078125,1.296875,1.515625
5723,5720,0.4609375,1.734375,-0.234375
5724,5720,-2.4765625,0.5,1.453125
5725,5720,-7.9296875,1.2734375,1.40625
5726,5720,-5.5,-1.0859375,1.84375
5727,5720,6.9375,4.609375,-1.5625
5728,5728,5.65625,3.296875,0.125
5729,5728,-0.94140625,1.0078125,1.03125
5730,5728,-2.95703125,4.1796875,-0.421875
5731,5728,-0.734375,-0.7890625,-0.09375
5732,5728,-6.953125,0.2421875,0.703125
5733,5728,-6.6796875,-0.359375,1.734375
5734,5728,-2.4609375,1.3984375,5.3828125
5735,5728,-3.171875,0.8203125,0.734375
5736,5736,-5.375,0.03125,-0.265625
5737,5736,-4.59375,-0.328125,0.078125
5738,5736,-5.90234375,-0.5625,1.765625
5739,5736,-0.390625,0.1875,2.875
5740,5736,-2.4921875,0.28125,3.40625
5741,5736,-9.125,0.515625,2.765625
5742,5736,2.4765625,1.15625,1.375
5743,5736,2.046875,0.1953125,0.171875
5744,5744,0.8046875,-0.3828125,-0.296875
5745,5744,-2.1796875,-0.8515625,1.21875
5746,5744,1.78125,1.75,0.90625
5747,5744,2.0234375,-0.328125,-0.75
5748,5744,4.1953125,1.71875,4.1875
5749,5744,-0.0859375,0.7890625,3.265625
5750,5744,4.37890625,2.640625,-1.6875
5751,5744,-1.2890625,0.3671875,-0.703125
5752,5752,1.2578125,-0.3359375,1.484375
5753,5752,0.0390625,-1.421875,-4.78125
5754,5752,-7.15625,-0.5078125,0.03125
5755,5752,2.9296875,1.3125,0.96875
5756,5752,0.7578125,1.671875,-1.1875
5757,5752,2.283203125,0.546875,-3.515625
5758,5752,2.421875,0.84375,4.0
5759,5752,0.6015625,-2.921875,-3.84375
5760,5760,0.640625,0.2578125,3.25
5761,5760,4.3203125,-0.0546875,0.53125
5762,5760,-4.078125,1.9609375,-3.875
5763,5760,3.99609375,0.0,-3.46875
5764,5760,-2.75,-0.375,-2.859375
5765,5760,-1.71875,1.78125,-1.453125
5766,5760,-3.234375,2.9609375,-3.8125
5767,5760,-5.8046875,-0.28125,0.40625
5768,5768,-8.1640625,-0.296875,-0.25
5769,5768,-6.6640625,0.0234375,0.96875
5770,5768,-5.9296875,0.609375,0.578125
5771,5768,-4.3828125,0.125,3.671875
5772,5768,-5.0390625,0.484375,0.953125
5773,5768,-5.5390625,-0.6484375,2.515625
5774,5768,0.4140625,-0.7890625,-0.59375
5775,5768,-2.1328125,1.28125,1.984375
5776,5776,-5.1953125,-1.6953125,0.21875
5777,5776,-3.59375,0.7734375,0.28125
5778,5776,-0.8828125,-0.453125,-0.125
5779,5776,-5.9375,0.421875,1.421875
5780,5776,-0.4296875,0.5390625,0.34375
5781,5776,-0.5078125,-0.5625,0.359375
5782,5776,5.53125,0.6015625,-1.375
5783,5776,-1.8359375,-0.46875,0.609375
5784,5784,3.0234375,2.4453125,-0.5625
5785,5784,-0.359375,0.515625,0.984375
5786,5784,-2.71875,1.0625,1.328125
5787,5784,0.265625,-0.234375,0.75
5788,5784,-7.0390625,-0.296875,-3.109375
5789,5784,-1.9296875,0.3671875,-2.796875
5790,5784,-0.765625,0.921875,1.59375
5791,5784,-5.1171875,-2.5625,-4.625
5792,5792,-0.953125,0.796875,1.4375
5793,5792,-4.6953125,2.375,5.03125
5794,5792,-0.9140625,-0.6484375,1.078125
5795,5792,-1.03125,1.859375,1.75
5796,5792,0.421875,2.515625,4.484375
5797,5792,-1.3671875,-1.3125,-1.359375
5798,5792,-1.7890625,0.2109375,1.390625
5799,5792,2.609375,2.875,0.40625
5800,5800,-1.328125,2.796875,0.5625
5801,5800,-0.3828125,1.0234375,-1.15625
5802,5800,-1.7734375,-1.640625,-0.203125
5803,5800,-2.3828125,2.1953125,1.5625
5804,5800,3.953125,2.8203125,-0.625
5805,5800,3.84375,0.59375,0.765625
5806,5800,2.3828125,0.578125,-1.46875
5807,5800,0.796875,0.765625,1.078125
5808,5808,2.984375,-0.3203125,-2.03125
5809,5808,-0.0078125,0.3046875,-2.21875
5810,5808,0.59375,-0.3671875,-0.84375
5811,5808,-2.7265625,1.7421875,-0.046875
5812,5808,3.1328125,-0.484375,-0.34375
5813,5808,-4.6328125,0.59375,0.0
5814,5808,-4.46875,0.9140625,2.6875
5815,5808,1.359375,0.40625,0.0625
5816,5816,1.4375,2.0078125,-2.015625
5817,5816,-0.5625,0.265625,-1.125
5818,5816,3.9453125,-0.4375,-0.203125
5819,5816,6.0859375,-0.265625,2.4375
5820,5816,-0.625,0.5,-2.84375
5821,5816,-0.3125,1.4765625,-2.0
5822,5816,-1.1171875,1.375,0.734375
5823,5816,-0.9453125,-0.453125,-1.5625
5824,5824,-4.890625,-1.765625,-1.609375
5825,5824,-1.0,-1.28125,-3.125
5826,5824,0.1640625,1.609375,0.984375
5827,5824,2.296875,3.0546875,0.390625
5828,5824,-4.4609375,-0.40625,0.21875
5829,5824,-2.0625,1.7421875,-0.4375
5830,5824,0.5546875,1.7109375,-1.203125
5831,5824,-0.7421875,1.703125,-0.140625
5832,5832,-0.15625,-0.7578125,-1.578125
5833,5832,0.46875,0.09375,0.515625
5834,5832,-1.203125,-0.921875,-2.4375
5835,5832,1.2421875,2.765625,1.71875
5836,5832,2.3671875,1.359375,-0.90625
5837,5832,-1.9765625,-0.0546875,-2.546875
5838,5832,0.2734375,1.1328125,0.78125
5839,5832,1.328125,0.609375,-1.375
5840,5840,0.265625,1.78125,3.578125
5841,5840,0.90625,1.0,1.5
5842,5840,-1.7421875,-1.6796875,-2.65625
5843,5840,-3.6015625,-0.65625,-2.640625
5844,5840,-1.6484375,-1.875,-2.328125
5845,5840,-0.9296875,-0.859375,-0.203125
5846,5840,-2.2421875,-1.671875,-0.921875
5847,5840,4.7890625,1.09375,1.265625
5848,5848,-0.1171875,-0.328125,0.578125
5849,5848,-2.8125,-0.5625,-0.84375
5850,5848,0.0,0.71875,1.375
5851,5848,-2.375,0.2109375,0.15625
5852,5848,-2.234375,1.546875,1.640625
5853,5848,-0.25,-2.0625,-4.1484375
5854,5848,3.328125,-0.203125,0.5
5855,5848,-1.671875,0.0390625,0.328125
5856,5856,-0.25,-1.0703125,-2.171875
5857,5856,-1.359375,-0.1953125,-0.984375
5858,5856,5.0078125,-1.859375,-0.203125
5859,5856,-0.6015625,0.6796875,0.859375
5860,5856,-0.8671875,-0.296875,-0.015625
5861,5856,3.0,0.625,1.734375
5862,5856,4.3046875,-0.125,0.546875
5863,5856,-0.7578125,1.7265625,1.03125
5864,5864,1.734375,3.3828125,-3.09375
5865,5864,-2.96875,1.8046875,-3.0
5866,5864,-2.890625,-0.203125,0.625
5867,5864,6.73828125,-1.375,-4.453125
5868,5864,4.484375,-2.609375,-2.109375
5869,5864,3.3828125,2.6640625,-0.28125
5870,5864,-4.546875,0.328125,0.0625
5871,5864,-6.515625,-0.3125,0.734375
5872,5872,0.8984375,-1.921875,-2.84375
5873,5872,-3.8984375,-0.53125,2.6875
5874,5872,5.109375,-1.421875,-2.25
5875,5872,-0.96875,-0.53125,0.0625
5876,5872,-0.734375,-0.7890625,-0.09375
5877,5872,-6.109375,1.3671875,2.046875
5878,5872,-0.03125,2.2265625,1.5625
5879,5872,4.75,3.0625,3.6875
5880,5880,-0.71875,-0.1875,-1.84375
5881,5880,1.6328125,3.6640625,6.15625
5882,5880,0.59375,0.0703125,0.21875
5883,5880,2.625,2.0,2.328125
5884,5880,0.1484375,0.1328125,0.375
5885,5880,1.25,0.875,4.53125
5886,5880,2.2890625,3.15625,5.0
5887,5880,1.21875,-0.609375,-1.03125
5888,5888,-0.4140625,1.53125,2.40625
5889,5888,-0.3359375,0.015625,4.015625
5890,5888,-3.6171875,-0.125,2.640625
5891,5888,-0.046875,2.6640625,0.40625
5892,5888,3.625,0.53125,-0.671875
5893,5888,1.109375,1.0546875,-2.21875
5894,5888,6.03515625,0.5,-2.0
5895,5888,-7.0390625,0.9296875,1.921875
5896,5896,-3.9921875,-1.1640625,-1.53125
5897,5896,5.140625,2.4921875,-0.015625
5898,5896,-5.5625,-1.109375,0.296875
5899,5896,3.1640625,4.796875,1.328125
5900,5896,-5.5390625,-0.6484375,2.515625
5901,5896,-0.9140625,-0.734375,0.0625
5902,5896,-3.8359375,1.078125,1.765625
5903,5896,-0.3984375,-0.8203125,-0.21875
5904,5904,1.6796875,1.4765625,-1.84375
5905,5904,2.703125,1.9375,1.125
5906,5904,-1.4453125,-0.09375,-0.453125
5907,5904,3.890625,-0.484375,-1.765625
5908,5904,-3.2265625,0.1484375,-1.1875
5909,5904,0.84375,0.0390625,-0.890625
5910,5904,-6.3828125,-1.0234375,1.0625
5911,5904,-2.203125,-0.21875,0.21875
5912,5912,-2.015625,0.7109375,0.53125
5913,5912,-0.15625,2.1953125,0.15625
5914,5912,-1.609375,1.375,0.3125
5915,5912,-1.046875,-1.5078125,1.71875
5916,5912,4.84375,3.7109375,8.3828125
5917,5912,-4.96875,-1.2578125,-3.1796875
5918,5912,-3.453125,-0.09375,-1.171875
5919,5912,-3.875,0.921875,0.0625
5920,5920,1.8359375,-2.609375,-1.640625
5921,5920,2.6328125,-2.2578125,-2.03125
5922,5920,-0.9296875,0.0078125,-0.765625
5923,5920,3.65625,1.0,2.015625
5924,5920,5.4140625,-1.2734375,-1.046875
5925,5920,-1.3359375,-1.2109375,-0.703125
5926,5920,-3.6171875,-1.2265625,-5.1953125
5927,5920,0.8984375,1.671875,-2.3046875
5928,5928,0.5859375,-1.8671875,-2.328125
5929,5928,1.796875,-2.046875,-4.5625
5930,5928,1.9296875,-0.84375,-0.125
5931,5928,-1.3203125,-1.203125,-1.9375
5932,5928,0.515625,0.1640625,-0.9921875
5933,5928,-0.7890625,0.171875,-0.8125
5934,5928,-0.546875,0.6015625,0.3125
5935,5928,-1.96875,-3.421875,-1.390625
5936,5936,-3.203125,-3.09375,-2.6953125
5937,5936,2.546875,-4.4921875,-4.046875
5938,5936,0.1015625,-1.734375,-1.46875
5939,5936,0.9296875,-0.3671875,-1.0625
5940,5936,0.9765625,-0.6640625,-1.109375
5941,5936,-0.6171875,-0.0546875,-1.484375
5942,5936,-1.5,1.9375,0.1875
5943,5936,2.421875,1.875,-1.671875
5944,5944,1.5625,0.2578125,2.734375
5945,5944,6.0,-2.9375,-4.890625
5946,5944,1.2734375,-1.90625,-2.5625
5947,5944,0.3671875,1.625,0.828125
5948,5944,-1.75,-0.03125,0.84375
5949,5944,1.453125,-0.53125,-0.546875
5950,5944,-3.078125,0.0078125,0.71875
5951,5944,3.390625,-0.40625,-3.84375
5952,5952,0.6328125,-1.4296875,-4.6171875
5953,5952,-0.9453125,0.109375,0.890625
5954,5952,3.34375,1.5546875,0.328125
5955,5952,4.6796875,-1.8515625,-5.109375
5956,5952,-4.3515625,-0.390625,-0.234375
5957,5952,-1.3046875,-0.8046875,-0.78125
5958,5952,-2.46875,-0.578125,-0.859375
5959,5952,1.421875,-0.0703125,-1.171875
5960,5960,-3.640625,-2.3515625,-3.109375
5961,5960,6.7421875,0.1953125,-1.21875
5962,5960,2.25,-0.1328125,-0.03125
5963,5960,1.421875,-3.9453125,-4.359375
5964,5960,2.484375,0.6953125,0.25
5965,5960,-4.0078125,-0.171875,-1.21875
5966,5960,-0.1875,-1.6875,-2.953125
5967,5960,-2.6328125,-0.3515625,2.265625
5968,5968,0.484375,-2.4921875,-4.5390625
5969,5968,-2.0625,-1.109375,-0.5625
5970,5968,-0.046875,-1.3984375,-1.484375
5971,5968,3.1640625,-0.1875,-3.5
5972,5968,-3.234375,-3.5390625,-1.25
5973,5968,2.2890625,2.0234375,-0.34375
5974,5968,2.421875,-1.125,-1.171875
5975,5968,1.6796875,0.1328125,0.578125
5976,5976,0.9921875,-0.4375,1.015625
5977,5976,2.484375,-0.2890625,-1.1875
5978,5976,-0.4765625,0.96875,0.640625
5979,5976,0.6328125,-2.8046875,-3.921875
5980,5976,-0.0546875,-0.359375,-0.109375
5981,5976,1.5625,0.7578125,-0.375
5982,5976,5.15625,-0.5390625,-0.75
5983,5976,0.46875,-0.9375,-2.53125
5984,5984,-1.5078125,-1.15625,-0.6328125
5985,5984,-0.3984375,0.859375,0.59375
5986,5984,3.484375,-0.6328125,0.5
5987,5984,-2.640625,-1.921875,-1.0625
5988,5984,1.125,-1.9609375,1.03125
5989,5984,-3.8828125,-0.0703125,0.8125
5990,5984,2.0234375,-1.859375,-3.046875
5991,5984,-2.609375,-0.8359375,1.4140625
5992,5992,3.09375,-4.1953125,-3.234375
5993,5992,0.8671875,-1.5234375,-2.203125
5994,5992,-0.8359375,-0.171875,0.4375
5995,5992,8.0234375,0.046875,0.875
5996,5992,-3.4921875,-3.7734375,-1.546875
5997,5992,-0.5390625,2.40625,-0.078125
5998,5992,1.3671875,-0.9921875,-0.03125
5999,5992,-2.859375,-1.796875,0.765625
6000,6000,2.2421875,-0.7890625,-1.484375
6001,6000,2.0703125,-2.28125,-2.1875
6002,6000,0.359375,-1.5390625,-0.421875
6003,6000,-1.125,1.7734375,-1.484375
6004,6000,2.671875,-4.4296875,-2.9453125
6005,6000,4.90625,-1.21875,-3.84375
6006,6000,2.453125,-2.984375,-2.0703125
6007,6000,5.8828125,-1.6875,-3.484375
6008,6008,-0.75,-1.7890625,-0.609375
6009,6008,1.40625,1.4453125,-0.0625
6010,6008,3.671875,0.203125,-5.546875
6011,6008,4.4296875,-1.1171875,0.453125
6012,6008,-1.546875,-2.2265625,-2.0625
6013,6008,1.0390625,-1.6015625,-1.046875
6014,6008,-3.453125,0.2421875,1.125
6015,6008,0.3828125,0.1796875,-2.0625
6016,6016,-1.390625,1.265625,-1.46875
6017,6016,1.40625,1.8828125,-1.3125
6018,6016,-4.7734375,-0.5390625,1.015625
6019,6016,6.41796875,-1.7265625,0.53125
6020,6016,-1.3046875,1.1796875,-1.28125
6021,6016,2.1796875,-0.890625,-1.484375
6022,6016,1.8515625,-0.7734375,-1.1875
6023,6016,-3.0625,1.046875,1.5
6024,6024,-1.3359375,1.359375,3.5
6025,6024,-2.265625,-0.03125,-1.03125
6026,6024,1.484375,-0.6328125,-2.78125
6027,6024,-0.640625,-0.453125,-2.140625
6028,6024,7.578125,-4.90625,-3.296875
6029,6024,5.8125,-2.3359375,0.34375
6030,6024,3.5078125,-1.09375,-4.78125
6031,6024,1.8203125,-3.6484375,-3.53125
6032,6032,0.5625,-3.671875,-4.0234375
6033,6032,2.390625,-0.765625,-0.75
6034,6032,3.921875,0.390625,-0.34375
6035,6032,-1.2109375,-0.7421875,0.484375
6036,6032,-1.0859375,-3.40625,-1.921875
6037,6032,-3.4375,-0.609375,-0.046875
6038,6032,4.921875,-1.28125,-1.84375
6039,6032,-0.1171875,-0.0859375,0.203125
6040,6040,5.71875,-1.03125,0.28125
6041,6040,4.1484375,1.5234375,0.53125
6042,6040,-1.296875,-0.7109375,0.65625
6043,6040,6.40625,0.4453125,-2.8125
6044,6040,3.171875,-3.9921875,-3.6171875
6045,6040,-1.515625,-3.5546875,-2.734375
6046,6040,-2.4140625,-0.3203125,-0.578125
6047,6040,-1.1171875,-0.4296875,-2.109375
6048,6048,-1.0390625,-1.1953125,0.34375
6049,6048,1.5859375,-3.375,-2.140625
6050,6048,-2.03125,-1.2890625,-2.203125
6051,6048,6.703125,-2.234375,-1.203125
6052,6048,1.9609375,-1.7734375,-2.234375
6053,6048,-1.078125,-1.1953125,-1.265625
6054,6048,5.734375,-4.203125,-4.265625
6055,6048,2.703125,0.578125,-2.96875
6056,6056,-1.078125,-1.0390625,-1.4140625
6057,6056,-3.375,-2.8984375,-3.5078125
6058,6056,-0.46875,-0.625,-1.140625
6059,6056,1.3359375,-0.875,-4.125
6060,6056,-1.5234375,-1.6484375,-2.859375
6061,6056,6.3203125,-2.421875,-4.28125
6062,6056,5.2578125,0.4140625,-0.21875
6063,6056,-0.3203125,-4.1015625,1.421875
6064,6064,3.578125,0.2734375,-0.421875
6065,6064,5.8046875,-1.0859375,-2.65625
6066,6064,7.7734375,-2.046875,-0.25
6067,6064,6.0234375,1.1328125,-0.671875
6068,6064,6.0234375,1.1328125,-0.671875
6069,6064,6.25,-2.5625,-0.71875
6070,6064,9.625,-0.4375,1.625
6071,6064,-2.15625,1.1015625,0.703125
6072,6072,-4.203125,0.328125,1.59375
6073,6072,0.2578125,1.28125,1.484375
6074,6072,-1.8984375,2.109375,-2.1328125
6075,6072,1.6953125,-0.265625,1.28125
6076,6072,2.0078125,-1.59375,-1.390625
6077,6072,6.4453125,0.609375,-2.125
6078,6072,6.4453125,0.609375,-2.125
6079,6072,5.203125,-2.2890625,-3.640625
6080,6080,1.0234375,-3.171875,0.15625
6081,6080,-1.4453125,-1.3203125,-1.03125
6082,6080,3.4921875,-0.140625,-0.640625
6083,6080,-2.328125,0.625,-1.78125
6084,6080,3.0078125,-2.0,-2.421875
6085,6080,-1.21875,0.2109375,-1.09375
6086,6080,-4.328125,2.4140625,-1.125
6087,6080,0.4375,-0.40625,-1.703125
6088,6088,3.3203125,0.5859375,2.0
6089,6088,1.1484375,0.234375,-1.21875
6090,6088,-1.0703125,0.8671875,-1.21875
6091,6088,-1.2734375,0.65625,1.21875
6092,6088,-0.4375,0.25,-1.1875
6093,6088,-2.5234375,1.40625,0.375
6094,6088,1.546875,-0.71875,0.375
6095,6088,0.0859375,0.9375,-0.6875
6096,6096,-3.015625,-1.4140625,-0.3671875
6097,6096,3.1953125,1.5859375,1.125
6098,6096,-1.671875,-2.046875,-0.28125
6099,6096,-1.328125,0.8203125,0.484375
6100,6096,0.0,-2.109375,-3.890625
6101,6096,0.109375,1.09375,-0.375
6102,6096,2.7109375,-0.5546875,-2.609375
6103,6096,8.7421875,-2.0,-3.734375
6104,6104,-0.28125,0.3671875,0.421875
6105,6104,-4.1875,0.09375,-0.3125
6106,6104,1.96875,-0.046875,-0.953125
6107,6104,-1.0390625,-1.671875,-2.0625
6108,6104,5.109375,0.1015625,1.453125
6109,6104,-0.0390625,0.4609375,-1.828125
6110,6104,-3.25,-1.390625,-0.9375
6111,6104,-1.2421875,1.3828125,-1.0
6112,6112,-4.515625,-0.09375,-2.09375
6113,6112,3.9375,-0.1953125,-2.78125
6114,6112,4.59375,-1.09375,-0.296875
6115,6112,-1.5703125,0.2421875,-1.046875
6116,6112,-1.078125,-1.1953125,-1.265625
6117,6112,6.1171875,-3.1796875,-3.765625
6118,6112,-4.1171875,0.2109375,1.0625
6119,6112,-4.4765625,0.078125,-1.0
6120,6120,-3.2734375,-1.015625,-0.765625
6121,6120,-2.34375,-1.453125,-2.75
6122,6120,-1.53125,-1.75,-0.796875
6123,6120,5.3125,-0.015625,-2.3125
6124,6120,-1.1171875,0.3125,-1.34375
6125,6120,1.7734375,-2.1640625,-2.203125
6126,6120,3.828125,1.09375,0.796875
6127,6120,3.7890625,-2.1328125,-4.234375
6128,6128,0.28125,-1.15625,-1.7265625
6129,6128,0.7578125,-1.1484375,-0.6875
6130,6128,-0.7734375,-0.7890625,-0.5625
6131,6128,0.5,-0.15625,-1.765625
6132,6128,-1.546875,-2.2265625,-2.0625
6133,6128,0.5859375,1.0859375,-1.75
6134,6128,-3.28125,0.5859375,0.5625
6135,6128,1.140625,-1.890625,-1.421875
6136,6136,2.8828125,1.7734375,1.328125
6137,6136,3.8125,-3.3671875,-3.671875
6138,6136,2.359375,0.671875,-0.859375
6139,6136,2.8515625,-0.921875,-2.796875
6140,6136,1.3125,-4.234375,-3.9375
6141,6136,-1.6953125,-1.3984375,-3.0390625
6142,6136,1.75,-0.09375,0.140625
6143,6136,2.3828125,0.375,-2.140625
6144,6144,-0.359375,1.421875,-1.109375
6145,6144,-0.703125,-0.671875,-2.0
6146,6144,-1.8046875,1.28125,-1.328125
6147,6144,2.97265625,0.1796875,-0.765625
6148,6144,6.65625,-2.421875,-1.65625
6149,6144,-1.7890625,-0.1640625,-0.15625
6150,6144,-0.921875,2.0625,0.953125
6151,6144,1.390625,-1.109375,-0.953125
6152,6152,-0.3515625,1.9140625,1.109375
6153,6152,-1.96875,-0.8515625,-2.015625
6154,6152,-1.5078125,0.09375,-0.296875
6155,6152,6.3828125,-0.7890625,-2.328125
6156,6152,-1.3203125,-2.0859375,-1.828125
6157,6152,1.4609375,-0.8828125,-0.359375
6158,6152,5.3359375,-0.5390625,-1.609375
6159,6152,-1.6640625,-1.5859375,-1.140625
6160,6160,6.046875,-3.4375,-3.28125
6161,6160,1.640625,-4.78125,-2.78125
6162,6160,-0.5390625,-1.046875,1.359375
6163,6160,0.0703125,1.6484375,0.40625
6164,6160,3.1875,-1.921875,-3.46875
6165,6160,5.0390625,-0.359375,0.28125
6166,6160,-1.28125,0.140625,-1.640625
6167,6160,-0.71875,2.125,1.953125
6168,6168,5.421875,-0.4375,1.40625
6169,6168,2.234375,1.9375,4.890625
6170,6168,0.328125,1.2421875,1.0625
6171,6168,-0.7109375,1.1171875,0.59375
6172,6168,0.1796875,-0.8203125,-2.09375
6173,6168,-3.1875,0.140625,-0.8125
6174,6168,2.734375,2.9140625,-0.34375
6175,6168,4.5859375,-0.65625,-0.8125
6176,6176,2.25,3.25,0.40625
6177,6176,2.8984375,-3.5234375,-2.40625
6178,6176,0.9453125,-1.40625,-1.609375
6179,6176,-0.2734375,0.8984375,-0.46875
6180,6176,0.171875,0.8828125,0.8125
6181,6176,-3.2421875,1.2421875,0.265625
6182,6176,-3.4140625,0.5,0.171875
6183,6176,7.484375,-2.3046875,-4.5625
6184,6184,-3.0859375,-0.75,-1.84375
6185,6184,-0.203125,1.796875,-0.546875
6186,6184,0.5625,1.1640625,-2.5625
6187,6184,-1.8828125,-0.140625,0.1875
6188,6184,-0.7421875,-1.421875,-1.5234375
6189,6184,-0.7890625,1.0,0.46875
6190,6184,0.015625,0.3125,-0.46875
6191,6184,3.21875,-1.109375,-1.9375
6192,6192,1.3671875,0.46875,0.609375
6193,6192,1.421875,1.4375,0.5625
6194,6192,1.703125,1.7109375,1.421875
6195,6192,-3.28125,1.3828125,1.78125
6196,6192,-2.8359375,1.4375,1.765625
6197,6192,-4.21875,-1.3984375,-4.2890625
6198,6192,6.046875,-2.171875,-3.328125
6199,6192,3.171875,-3.9921875,-3.6171875
6200,6200,2.875,0.015625,-0.984375
6201,6200,-0.6640625,-1.140625,-4.2109375
6202,6200,0.9140625,-1.9453125,-1.2421875
6203,6200,6.28125,-2.40625,-4.59375
6204,6200,5.0,-1.0390625,0.21875
6205,6200,-0.96875,-0.1484375,-0.1875
6206,6200,1.3125,-0.3046875,1.5625
6207,6200,3.265625,-4.390625,-2.421875
6208,6208,2.75,-0.21875,-2.015625
6209,6208,2.0546875,-0.390625,-1.3125
6210,6208,-1.7109375,-1.7890625,1.296875
6211,6208,1.5703125,-2.6328125,-2.4375
6212,6208,2.3828125,-2.0546875,-2.59375
6213,6208,0.96875,-0.2890625,-0.5625
6214,6208,-0.1015625,-0.90625,-1.0703125
6215,6208,-0.859375,-0.5703125,-1.421875
6216,6216,-1.9375,0.9140625,-5.59375
6217,6216,3.3046875,0.4921875,0.015625
6218,6216,-2.4140625,-0.6171875,-2.5
6219,6216,-0.6171875,-1.9765625,1.796875
6220,6216,2.140625,-0.9375,-1.7734375
6221,6216,1.890625,-2.6328125,-2.984375
6222,6216,-1.3828125,-3.046875,-1.0625
6223,6216,1.359375,0.9375,-2.203125
6224,6224,-1.1796875,1.8359375,0.1875
6225,6224,0.84375,-0.1875,-2.46875
6226,6224,1.1796875,0.8125,0.9375
6227,6224,1.2734375,-1.0859375,-1.4609375
6228,6224,8.53125,0.171875,0.296875
6229,6224,3.8359375,-1.9140625,-3.0625
6230,6224,-0.5234375,-1.078125,-3.359375
6231,6224,0.6640625,0.3515625,-2.015625
6232,6232,-0.2734375,-1.640625,-2.5625
6233,6232,-0.15625,-2.2578125,-1.015625
6234,6232,1.3125,-0.3125,-1.203125
6235,6232,4.2890625,-3.3125,-2.0625
6236,6232,-1.4765625,-1.75,-0.234375
6237,6232,-1.5,2.1171875,3.484375
6238,6232,2.4140625,-0.1953125,-0.515625
6239,6232,-0.390625,1.5390625,0.453125
6240,6240,0.546875,2.0390625,1.765625
6241,6240,8.140625,0.2109375,-1.671875
6242,6240,4.1875,-1.046875,-0.265625
6243,6240,0.921875,0.3359375,-2.421875
6244,6240,2.609375,-0.625,-1.765625
6245,6240,-1.828125,-2.2890625,-0.7890625
6246,6240,2.421875,-0.3359375,-0.53125
6247,6240,-3.265625,-1.0234375,-0.3984375
6248,6248,-2.1015625,1.5078125,-2.671875
6249,6248,1.921875,-1.3203125,-1.3046875
6250,6248,-0.953125,-0.71875,-2.328125
6251,6248,0.34375,1.34375,0.203125
6252,6248,0.0625,-2.828125,-0.671875
6253,6248,-1.9296875,-0.5859375,1.328125
6254,6248,1.0390625,-1.78125,0.109375
6255,6248,1.7578125,1.0703125,-4.2265625
6256,6256,2.0390625,0.9453125,-1.53125
6257,6256,7.7421875,1.0703125,2.4375
6258,6256,4.65625,-0.765625,-0.796875
6259,6256,0.859375,-0.390625,-3.3125
6260,6256,-4.0625,-3.2421875,-1.0625
6261,6256,6.171875,1.203125,-3.5859375
6262,6256,-2.4296875,0.4375,0.984375
6263,6256,4.2265625,0.59375,-2.359375
6264,6264,5.875,-0.0625,0.25
6265,6264,-1.0,-0.234375,-0.25
6266,6264,5.828125,1.8046875,-1.234375
6267,6264,2.0390625,-0.03125,-1.640625
6268,6264,1.15625,0.703125,-1.03125
6269,6264,2.90625,1.03125,2.875
6270,6264,4.953125,1.1484375,2.15625
6271,6264,1.3046875,2.5703125,2.765625
6272,6272,6.4140625,1.0625,1.40625
6273,6272,-3.21875,-0.8984375,-0.09375
6274,6272,1.265625,-0.5,0.640625
6275,6272,-3.2578125,0.0703125,-0.734375
6276,6272,2.2109375,0.453125,3.234375
6277,6272,-2.7421875,0.1953125,-2.484375
6278,6272,0.265625,-0.6171875,-2.46875
6279,6272,0.203125,0.3203125,-0.859375
6280,6280,-0.0546875,2.0078125,-0.28125
6281,6280,-2.8828125,1.796875,-2.109375
6282,6280,0.2578125,-0.3984375,-0.765625
6283,6280,4.5078125,-0.921875,-0.984375
6284,6280,-1.1796875,0.7109375,-1.609375
6285,6280,-2.1015625,0.0625,3.703125
6286,6280,2.6640625,0.9296875,3.015625
6287,6280,2.015625,-0.140625,-3.546875
6288,6288,5.2734375,2.625,2.5
6289,6288,-1.8828125,-0.4453125,-1.4375
6290,6288,5.1171875,-0.5,0.140625
6291,6288,7.203125,1.7734375,1.359375
6292,6288,-0.3828125,0.25,0.96875
6293,6288,3.875,1.328125,-3.359375
6294,6288,2.0234375,0.59375,0.75
6295,6288,1.765625,-0.796875,-0.421875
6296,6296,1.75,0.703125,-0.796875
6297,6296,3.203125,-0.421875,-2.859375
6298,6296,1.2421875,0.6640625,0.59375
6299,6296,8.25,2.140625,2.8125
6300,6296,5.9453125,1.65625,0.09375
6301,6296,7.2578125,1.84375,0.828125
6302,6296,1.359375,-0.6796875,-3.078125
6303,6296,-0.1875,-1.90625,-3.5625
6304,6304,0.1015625,1.3671875,0.0
6305,6304,1.6171875,1.6328125,1.296875
6306,6304,1.5625,-0.28125,-2.609375
6307,6304,1.15625,3.3515625,3.09375
6308,6304,4.1171875,1.4609375,1.671875
6309,6304,1.6171875,3.4140625,5.28125
6310,6304,2.3359375,1.5703125,-0.46875
6311,6304,-1.96875,-0.9609375,-0.3125
6312,6312,-0.2578125,3.4453125,1.09375
6313,6312,0.46875,-1.2578125,-1.015625
6314,6312,-0.0390625,-1.9453125,-0.875
6315,6312,-2.296875,1.078125,-1.328125
6316,6312,1.390625,1.859375,-0.359375
6317,6312,0.6953125,-4.71875,-4.0625
6318,6312,-0.2265625,-0.1171875,-0.8515625
6319,6312,-0.7578125,0.65625,-1.53125
6320,6320,6.484375,0.875,-1.03125
6321,6320,-3.5234375,1.1328125,2.75
6322,6320,-6.53125,0.9609375,1.796875
6323,6320,-1.09375,-1.484375,-1.484375
6324,6320,-2.7265625,0.25,-0.375
6325,6320,0.859375,-2.5625,-1.828125
6326,6320,4.046875,0.9296875,3.96875
6327,6320,6.8203125,0.4375,1.734375
6328,6328,1.375,1.0546875,0.765625
6329,6328,3.109375,2.0234375,-0.09375
6330,6328,0.703125,0.015625,0.96875
6331,6328,4.078125,-1.3359375,-5.21875
6332,6328,-0.0546875,2.359375,0.953125
6333,6328,1.703125,1.0,-1.34375
6334,6328,1.6015625,1.7109375,5.1875
6335,6328,3.4375,1.28125,-0.0625
6336,6336,3.546875,-2.5078125,-4.484375
6337,6336,3.140625,-1.84375,-3.203125
6338,6336,0.484375,0.8359375,-2.1875
6339,6336,0.6796875,-1.03125,-4.828125
6340,6336,7.11328125,1.21875,-0.71875
6341,6336,5.6796875,-0.375,0.375
6342,6336,-2.3046875,-0.7265625,-1.859375
6343,6336,-1.5,0.1328125,-1.984375
6344,6344,-0.875,1.1484375,-1.859375
6345,6344,2.375,-3.96875,-2.28125
6346,6344,3.65625,-3.390625,-6.734375
6347,6344,1.8984375,-0.3046875,-0.859375
6348,6344,-2.984375,1.109375,-0.171875
6349,6344,-3.1328125,0.7421875,0.703125
6350,6344,-4.53125,0.828125,-0.796875
6351,6344,2.3046875,0.1796875,-1.1875
6352,6352,-0.15625,2.1484375,-1.09375
6353,6352,-7.2265625,-0.6484375,-0.5
6354,6352,-0.671875,-0.8359375,-1.546875
6355,6352,0.546875,-2.0,-2.03125
6356,6352,-1.390625,1.375,-0.046875
6357,6352,-0.84375,0.3359375,-0.984375
6358,6352,-1.5859375,1.96875,1.21875
6359,6352,-1.328125,0.640625,-0.375
6360,6360,4.1328125,1.671875,2.546875
6361,6360,2.1953125,0.0234375,-1.875
6362,6360,1.671875,1.21875,-0.734375
6363,6360,3.859375,0.4765625,-0.515625
6364,6360,2.6875,1.7421875,-0.828125
6365,6360,-1.125,-0.140625,-0.71875
6366,6360,-2.5234375,-1.375,-0.390625
6367,6360,-0.4921875,0.84375,-0.140625
6368,6368,2.6015625,0.71875,0.0625
6369,6368,3.765625,1.1171875,0.140625
6370,6368,3.328125,-0.5078125,0.828125
6371,6368,3.78125,3.515625,2.015625
6372,6368,5.078125,1.109375,0.21875
6373,6368,-3.71875,-1.765625,-0.9375
6374,6368,-1.53125,-1.2109375,-4.703125
6375,6368,-4.5625,0.7578125,0.34375
6376,6376,4.140625,0.0546875,-0.96875
6377,6376,3.859375,1.078125,0.21875
6378,6376,-2.09375,-0.0234375,0.046875
6379,6376,-2.9765625,1.796875,1.5
6380,6376,1.015625,-1.984375,-1.078125
6381,6376,0.1484375,0.1015625,-0.53125
6382,6376,0.8671875,1.25,1.25
6383,6376,0.109375,-0.171875,-0.515625
6384,6384,0.2734375,0.578125,-0.921875
6385,6384,2.5546875,2.7265625,2.546875
6386,6384,1.4375,0.1796875,-1.78125
6387,6384,0.2109375,1.421875,3.0625
6388,6384,-0.7109375,0.15625,1.0
6389,6384,-2.31640625,-0.34375,0.078125
6390,6384,-0.7265625,-1.1015625,-2.09375
6391,6384,1.296875,0.0,-0.65625
6392,6392,-3.6328125,1.65625,1.234375
6393,6392,0.4765625,1.453125,-0.0625
6394,6392,0.2578125,-0.5078125,-2.96875
6395,6392,0.7109375,-0.125,0.234375
6396,6392,2.8828125,1.6328125,2.875
6397,6392,2.2265625,-1.078125,-0.375
6398,6392,6.61328125,2.1953125,3.703125
6399,6392,5.25,1.6015625,-0.984375
6400,6400,2.03125,-1.296875,-3.421875
6401,6400,0.6484375,-0.03125,-2.796875
6402,6400,1.1328125,0.4453125,-1.125
6403,6400,-4.9609375,-1.7421875,1.546875
6404,6400,4.2578125,0.0,1.046875
6405,6400,0.71875,1.6953125,-0.984375
6406,6400,0.671875,-0.015625,-2.4375
6407,6400,6.40625,0.84375,4.203125
6408,6408,0.8359375,3.078125,6.375
6409,6408,8.9921875,-1.234375,-4.046875
6410,6408,-0.046875,0.59375,-2.5625
6411,6408,-1.5390625,0.484375,0.875
6412,6408,0.7578125,1.78125,-0.515625
6413,6408,-0.03125,0.75,0.328125
6414,6408,1.2109375,-0.125,-1.46875
6415,6408,0.6875,0.7890625,-2.046875
6416,6416,-2.3203125,0.3984375,0.78125
6417,6416,1.15625,-0.5,-1.390625
6418,6416,6.265625,0.46875,2.15625
6419,6416,2.109375,0.5078125,0.015625
6420,6416,5.84375,2.4375,1.8125
6421,6416,7.25390625,1.4296875,1.71875
6422,6416,1.75,-1.390625,-4.3515625
6423,6416,2.0234375,0.5078125,-1.265625
6424,6424,0.390625,3.1953125,-3.671875
6425,6424,1.703125,2.59375,1.84375
6426,6424,0.4296875,1.09375,0.09375
6427,6424,0.5078125,3.5546875,-0.453125
6428,6424,2.796875,3.1484375,1.34375
6429,6424,1.7421875,2.59375,0.71875
6430,6424,0.5390625,2.984375,1.125
6431,6424,-2.2578125,2.46875,3.4375
6432,6432,-3.7734375,0.34375,0.453125
6433,6432,-0.9609375,-0.625,1.515625
6434,6432,-2.390625,1.265625,0.6875
6435,6432,-1.2421875,-0.8359375,-2.53125
6436,6432,-0.1953125,0.1328125,3.078125
6437,6432,-1.8828125,-0.3515625,2.59375
6438,6432,-1.2421875,0.0078125,2.5625
6439,6432,-1.265625,-1.34375,-3.09375
6440,6440,0.59375,-1.25,-2.75
6441,6440,-1.265625,-1.34375,-3.09375
6442,6440,0.265625,0.53125,3.5625
6443,6440,-1.421875,-0.0078125,5.375
6444,6440,-1.265625,-1.34375,-3.09375
6445,6440,1.046875,0.1796875,3.734375
6446,6440,-1.265625,-1.34375,-3.09375
6447,6440,-4.90625,0.1640625,2.109375
6448,6448,-2.7265625,0.203125,0.765625
6449,6448,-5.4609375,-0.015625,0.6875
6450,6448,0.59375,-1.25,-2.75
6451,6448,-2.140625,-0.6875,-1.234375
6452,6448,-0.84375,-1.3984375,-1.859375
6453,6448,-2.140625,-0.6875,-1.234375
6454,6448,-1.5703125,-0.59375,-0.96875
6455,6448,-1.5703125,-0.59375,-0.96875
6456,6456,1.5703125,3.328125,1.421875
6457,6456,0.9140625,2.984375,-0.4375
6458,6456,-1.0546875,3.5,3.234375
6459,6456,2.3125,3.2578125,3.09375
6460,6456,4.265625,1.609375,-0.375
6461,6456,6.3359375,5.625,1.65625
6462,6456,3.4765625,3.2890625,1.8125
6463,6456,4.2890625,3.59375,5.265625
6464,6464,-0.8984375,2.015625,1.890625
6465,6464,3.9296875,2.8359375,4.890625
6466,6464,-3.140625,-0.5078125,1.578125
6467,6464,-5.0078125,0.046875,1.5
6468,6464,-6.0,0.140625,1.484375
6469,6464,-6.265625,-0.1875,0.015625
6470,6464,-2.140625,-0.796875,1.765625
6471,6464,-4.484375,-0.0625,1.421875
6472,6472,-4.984375,-0.09375,1.453125
6473,6472,-4.1640625,-0.515625,1.75
6474,6472,-6.09375,0.375,2.203125
6475,6472,-0.65625,-0.421875,1.65625
6476,6472,-5.703125,0.3203125,0.796875
6477,6472,-2.2734375,-0.078125,1.5625
6478,6472,-4.7890625,-0.40625,0.390625
6479,6472,-1.6328125,-0.5,0.015625
6480,6480,-1.2734375,-1.3828125,-1.234375
6481,6480,-4.6875,-0.15625,0.75
6482,6480,-2.0078125,-0.3203125,1.21875
6483,6480,-5.0,-0.5,1.09375
6484,6480,-4.78125,0.0625,0.75
6485,6480,-4.2109375,-0.484375,0.765625
6486,6480,-5.4375,0.3046875,0.4375
6487,6480,-2.796875,-0.359375,0.5
6488,6488,-5.0625,-0.21875,0.5625
6489,6488,-5.6875,-0.1171875,1.15625
6490,6488,-3.875,-0.8203125,0.921875
6491,6488,-2.140625,-0.796875,1.765625
6492,6488,-6.0,0.140625,1.484375
6493,6488,-5.1796875,0.0390625,0.4375
6494,6488,-4.6171875,0.03125,0.9375
6495,6488,-4.9921875,0.234375,2.03125
6496,6496,-4.4921875,0.3046875,1.25
6497,6496,-0.71875,-0.5546875,0.625
6498,6496,-5.3359375,0.1796875,1.484375
6499,6496,-6.0859375,-0.203125,0.5
6500,6496,-5.3046875,-0.3828125,1.09375
6501,6496,-1.8046875,0.28125,1.5625
6502,6496,-3.8046875,0.3125,1.625
6503,6496,-5.8046875,0.078125,2.609375
6504,6504,-1.734375,-1.2734375,-1.3125
6505,6504,-2.9140625,-0.75,1.3125
6506,6504,-1.265625,-1.125,0.328125
6507,6504,-3.046875,0.1875,2.96875
6508,6504,-2.71875,0.40625,1.671875
6509,6504,-4.6875,-0.25,-1.265625
6510,6504,-0.578125,1.3359375,3.0625
6511,6504,-1.3515625,-0.3984375,0.890625
6512,6512,1.109375,0.2734375,1.28125
6513,6512,-5.40625,-0.28125,0.390625
6514,6512,-3.3125,0.3984375,-0.328125
6515,6512,-4.3046875,-0.4140625,0.421875
6516,6512,-3.265625,-0.640625,-1.5625
6517,6512,-4.8125,-0.1875,-0.171875
6518,6512,-2.140625,-0.796875,1.765625
6519,6512,-5.734375,0.3359375,0.953125
6520,6520,0.484375,1.6875,0.984375
6521,6520,-1.2421875,0.3125,2.109375
6522,6520,0.484375,1.6875,0.984375
6523,6520,-1.7734375,3.625,1.9375
6524,6520,-3.7421875,1.6640625,-0.140625
6525,6520,-3.46875,1.90625,0.109375
6526,6520,0.484375,1.6875,0.984375
6527,6520,-1.7734375,3.625,1.9375
6528,6528,-3.46875,1.90625,0.109375
6529,6528,0.265625,0.53125,3.5625
6530,6528,0.1171875,0.296875,2.40625
6531,6528,-1.125,0.7109375,3.59375
6532,6528,-1.515625,0.125,3.265625
6533,6528,-0.546875,0.25,2.3125
6534,6528,-0.59375,-0.1953125,2.59375
6535,6528,-2.8515625,-0.0078125,3.7421875
6536,6536,0.1171875,0.296875,2.40625
6537,6536,-4.203125,0.078125,3.6796875
6538,6536,-0.5625,0.2421875,3.484375
6539,6536,-1.28125,0.296875,1.40625
6540,6536,1.0859375,1.015625,0.28125
6541,6536,-3.2734375,1.1171875,1.640625
6542,6536,0.265625,0.53125,3.5625
6543,6536,0.265625,0.53125,3.5625
6544,6544,0.265625,0.53125,3.5625
6545,6544,0.265625,0.53125,3.5625
6546,6544,-1.5703125,-0.59375,-0.96875
6547,6544,-1.5703125,-0.59375,-0.96875
6548,6544,-1.5703125,-0.59375,-0.96875
6549,6544,-1.5703125,-0.59375,-0.96875
6550,6544,-1.5703125,-0.59375,-0.96875
6551,6544,-3.3359375,-0.3046875,1.28125
6552,6552,-2.2734375,1.1328125,2.890625
6553,6552,-4.9765625,-0.265625,1.5625
6554,6552,-4.46875,-0.109375,1.484375
6555,6552,-4.7265625,0.7890625,-0.453125
6556,6552,-4.9453125,0.109375,-1.9375
6557,6552,0.8359375,-0.3515625,0.515625
6558,6552,-2.8359375,-0.0859375,-2.03125
6559,6552,-3.046875,0.1875,2.96875
6560,6560,-2.984375,0.484375,2.796875
6561,6560,-5.0234375,0.4453125,3.09375
6562,6560,-1.7890625,0.734375,1.140625
6563,6560,1.1171875,1.6171875,1.359375
6564,6560,-1.3984375,0.765625,0.640625
6565,6560,-1.34375,1.5234375,1.640625
6566,6560,-0.171875,3.0,-0.640625
6567,6560,-0.90625,1.6953125,1.421875
6568,6568,-3.4921875,-0.1796875,1.171875
6569,6568,-1.4296875,2.0546875,1.421875
6570,6568,-1.4453125,3.3671875,3.734375
6571,6568,0.6796875,3.4296875,8.8359375
6572,6568,5.109375,3.5078125,6.25
6573,6568,2.7890625,1.09375,3.875
6574,6568,4.1875,2.75,6.0625
6575,6568,0.40625,3.03125,3.328125
6576,6576,4.875,4.0234375,6.125
6577,6576,-0.1484375,2.6640625,4.078125
6578,6576,-2.84375,-1.25,-0.703125
6579,6576,-4.328125,-0.609375,-2.015625
6580,6576,-1.5078125,-1.7421875,-3.1875
6581,6576,0.78125,-1.1328125,-0.015625
6582,6576,-4.328125,-0.609375,-2.015625
6583,6576,-2.328125,-1.359375,-2.6875
6584,6584,-0.5390625,-1.1953125,-0.359375
6585,6584,-2.6796875,-0.9375,-2.7265625
6586,6584,0.53125,3.40625,5.75
6587,6584,-2.78125,2.8984375,3.21875
6588,6584,1.90625,1.5859375,0.953125
6589,6584,0.84375,2.375,5.09375
6590,6584,-0.046875,4.046875,7.96875
6591,6584,-0.234375,-0.171875,0.4375
6592,6592,-0.875,2.75,7.1875
6593,6592,0.078125,3.8515625,7.609375
6594,6592,1.5390625,2.7734375,4.296875
6595,6592,-1.8125,-0.390625,1.59375
6596,6592,-2.3984375,-0.90625,1.46875
6597,6592,-4.359375,0.09375,1.328125
6598,6592,-3.0546875,-0.4375,1.9375
6599,6592,-5.4453125,-0.109375,1.34375
6600,6600,-3.296875,-0.2890625,1.515625
6601,6600,-2.8046875,-0.7890625,1.71875
6602,6600,-4.234375,-0.6953125,0.265625
6603,6600,-3.8359375,-0.2421875,1.28125
6604,6600,3.2890625,-0.796875,0.296875
6605,6600,-2.8359375,-0.7890625,-1.25
6606,6600,-0.296875,1.3125,3.265625
6607,6600,-6.7421875,0.546875,2.578125
6608,6608,-3.78125,1.0234375,3.375
6609,6608,0.5703125,2.6484375,0.625
6610,6608,-2.59375,-0.1328125,0.578125
6611,6608,-1.0546875,1.5859375,-0.453125
6612,6608,0.140625,2.6328125,6.453125
6613,6608,3.359375,-0.125,3.03125
6614,6608,4.7890625,1.25,2.765625
6615,6608,1.8359375,1.59375,8.796875
6616,6616,0.8046875,1.1875,0.46875
6617,6616,2.6015625,1.65625,1.5
6618,6616,1.6953125,0.546875,2.4375
6619,6616,3.7265625,1.3828125,3.21875
6620,6616,1.140625,0.171875,1.140625
6621,6616,1.2890625,2.15625,7.703125
6622,6616,-1.6015625,1.15625,2.921875
6623,6616,-1.8984375,0.828125,5.046875
6624,6624,0.3046875,0.6796875,4.109375
6625,6624,-1.515625,1.796875,7.484375
6626,6624,-3.234375,-1.0078125,1.890625
6627,6624,-0.3203125,3.5703125,-1.9375
6628,6624,-4.9296875,-0.1953125,1.546875
6629,6624,-2.0625,-0.0703125,0.75
6630,6624,-3.203125,0.84375,4.21875
6631,6624,-0.0859375,1.8046875,2.8125
6632,6632,-0.3984375,-0.71875,0.1875
6633,6632,-4.296875,-1.1015625,-2.59375
6634,6632,-5.1171875,-0.4453125,-0.125
6635,6632,-1.5703125,-0.7578125,-3.421875
6636,6632,3.609375,0.375,0.765625
6637,6632,3.96875,0.390625,1.109375
6638,6632,0.3359375,-1.546875,0.015625
6639,6632,5.2578125,1.40625,0.375
6640,6640,-3.484375,-0.234375,1.09375
6641,6640,-5.5859375,-0.7109375,1.296875
6642,6640,-4.9921875,-0.4296875,-0.375
6643,6640,1.171875,0.171875,0.5
6644,6640,-4.859375,-0.78125,1.640625
6645,6640,-2.0078125,0.2890625,2.78125
6646,6640,-3.3203125,-0.21875,-1.390625
6647,6640,0.265625,0.53125,3.5625
6648,6648,0.265625,0.53125,3.5625
6649,6648,0.265625,0.53125,3.5625
6650,6648,-2.6328125,0.953125,3.234375
6651,6648,-3.25,1.0390625,3.109375
6652,6648,4.421875,0.9453125,0.328125
6653,6648,-4.453125,-0.125,1.53125
6654,6648,-2.984375,-0.984375,0.625
6655,6648,-2.7890625,-0.375,1.03125
6656,6656,-6.0390625,0.3515625,0.953125
6657,6656,-5.109375,0.0,1.359375
6658,6656,-0.3125,0.1640625,-0.015625
6659,6656,-2.390625,0.7421875,2.78125
6660,6656,-3.4921875,0.5546875,1.6875
6661,6656,-0.4453125,0.3984375,1.890625
6662,6656,-2.6484375,0.5078125,1.71875
6663,6656,-2.96875,-0.6328125,0.8125
6664,6664,-0.1640625,0.5,1.65625
6665,6664,-2.3046875,0.7578125,1.828125
6666,6664,-5.40625,-0.6171875,4.1953125
6667,6664,1.625,1.6640625,2.375
6668,6664,0.5703125,1.4140625,0.03125
6669,6664,2.6484375,-0.1953125,-0.5625
6670,6664,0.2890625,1.2265625,0.28125
6671,6664,-1.0625,2.015625,-0.6875
6672,6672,-3.5234375,1.3984375,0.40625
6673,6672,-1.7109375,1.3984375,2.046875
6674,6672,-6.8203125,-0.3984375,2.5625
6675,6672,-6.7109375,0.0078125,0.921875
6676,6672,-3.1015625,-0.578125,0.453125
6677,6672,-2.890625,0.2578125,3.25
6678,6672,-4.2421875,1.2421875,3.40625
6679,6672,-5.65625,0.6953125,3.40625
6680,6680,-2.9609375,-1.5078125,0.4375
6681,6680,-1.8515625,-1.84375,-1.40625
6682,6680,-1.0390625,1.328125,2.5
6683,6680,-4.15625,0.734375,5.203125
6684,6680,-4.5390625,0.0390625,3.328125
6685,6680,-5.0,1.046875,3.0
6686,6680,-2.765625,-0.140625,-0.234375
6687,6680,-2.59375,-1.078125,0.28125
6688,6688,-3.4921875,-0.1171875,-1.03125
6689,6688,-3.265625,-0.5078125,0.9375
6690,6688,-1.953125,-0.0625,2.140625
6691,6688,-3.4921875,-0.1171875,-1.03125
6692,6688,-3.015625,-0.46875,0.28125
6693,6688,-2.6171875,-1.109375,-0.296875
6694,6688,-4.3046875,-1.65625,-0.171875
6695,6688,-1.8359375,1.3515625,2.03125
6696,6696,-2.2578125,0.90625,2.28125
6697,6696,-1.6875,-0.8359375,0.390625
6698,6696,-3.421875,1.15625,0.734375
6699,6696,-3.5625,-0.46875,0.171875
6700,6696,-1.90625,-1.921875,-3.234375
6701,6696,-6.7421875,-0.1875,1.421875
6702,6696,-5.5625,-0.1953125,1.15625
6703,6696,-5.46875,-0.1640625,0.953125
6704,6704,-6.75,-0.171875,0.640625
6705,6704,0.75,1.15625,1.75
6706,6704,-3.3046875,0.3671875,1.9375
6707,6704,-2.796875,0.421875,0.21875
6708,6704,-2.796875,0.6796875,1.796875
6709,6704,-4.0546875,0.4296875,4.015625
6710,6704,-5.453125,0.859375,0.265625
6711,6704,-1.875,0.515625,1.734375
6712,6712,-1.1484375,0.8125,1.015625
6713,6712,-4.34375,-0.1640625,4.703125
6714,6712,-3.0,2.1484375,-0.59375
6715,6712,-4.5078125,1.265625,-0.1875
6716,6712,-0.5,0.90625,2.453125
6717,6712,3.5,3.203125,2.53125
6718,6712,4.515625,2.2421875,-1.15625
6719,6712,1.8359375,1.3125,-1.5
6720,6720,2.5390625,3.5703125,-0.203125
6721,6720,-4.0625,0.203125,-0.96875
6722,6720,-4.78125,1.8046875,2.90625
6723,6720,-4.8125,3.3046875,2.984375
6724,6720,-3.4375,2.015625,1.28125
6725,6720,5.0703125,0.015625,1.5625
6726,6720,3.6484375,1.921875,2.65625
6727,6720,4.6328125,0.4609375,1.625
6728,6728,1.6796875,1.609375,3.078125
6729,6728,2.9609375,2.2890625,4.046875
6730,6728,3.6640625,1.46875,3.015625
6731,6728,4.640625,2.4609375,0.46875
6732,6728,-1.8359375,0.09375,4.71875
6733,6728,-3.3828125,1.1875,3.265625
6734,6728,-4.703125,0.4453125,3.9296875
6735,6728,0.828125,-0.7421875,1.234375
6736,6736,-5.1015625,0.171875,-0.609375
6737,6736,-5.5234375,-0.46875,1.390625
6738,6736,-4.2421875,0.9921875,2.203125
6739,6736,-5.0,0.8828125,2.453125
6740,6736,-4.84375,1.4296875,1.96875
6741,6736,-0.875,0.09375,0.5625
6742,6736,-3.3828125,1.1875,3.265625
6743,6736,-0.3828125,2.2265625,-0.359375
6744,6744,3.015625,3.6328125,1.640625
6745,6744,0.75,2.4375,4.09375
6746,6744,0.9609375,4.4375,3.125
6747,6744,3.421875,3.2265625,2.671875
6748,6744,-3.6875,-0.0234375,0.625
6749,6744,-4.078125,-0.1015625,1.109375
6750,6744,0.75,1.15625,1.75
6751,6744,-0.171875,3.0,-0.640625
6752,6752,-3.15625,1.421875,3.3125
6753,6752,-0.3828125,1.34375,2.125
6754,6752,0.03125,2.078125,2.046875
6755,6752,-0.421875,1.3671875,2.0
6756,6752,-3.8203125,2.2421875,1.359375
6757,6752,4.125,1.3515625,1.640625
6758,6752,1.328125,2.6328125,4.484375
6759,6752,-0.578125,2.1484375,6.1875
6760,6760,-1.25,1.4140625,1.1875
6761,6760,0.5390625,2.7734375,5.109375
6762,6760,-1.6171875,-0.5625,0.6875
6763,6760,-0.140625,4.3359375,1.25
6764,6760,1.0234375,1.453125,1.390625
6765,6760,-0.8046875,3.5703125,2.609375
6766,6760,0.2421875,4.8203125,2.921875
6767,6760,1.328125,3.640625,1.484375
6768,6768,0.4765625,2.4140625,4.109375
6769,6768,0.859375,0.0546875,1.984375
6770,6768,-0.46875,0.625,2.671875
6771,6768,-3.984375,-0.8203125,-2.5
6772,6768,-0.8125,0.6328125,3.859375
6773,6768,-4.5859375,0.703125,3.046875
6774,6768,-0.9765625,0.4140625,2.125
6775,6768,-1.1015625,-0.1171875,4.6640625
6776,6776,-5.2890625,0.171875,1.578125
6777,6776,-4.8984375,-0.1640625,1.0
6778,6776,-6.8046875,0.2890625,-0.421875
6779,6776,-6.0,0.140625,1.484375
6780,6776,-4.3984375,-0.921875,-0.046875
6781,6776,-1.6953125,0.0,0.515625
6782,6776,-2.234375,0.3046875,2.53125
6783,6776,-4.828125,0.203125,1.609375
6784,6784,-4.6953125,0.9375,2.984375
6785,6784,-5.1953125,-0.375,0.78125
6786,6784,-5.2265625,0.765625,3.59375
6787,6784,-3.1875,-0.15625,3.328125
6788,6784,-3.171875,-0.3515625,1.375
6789,6784,-3.0234375,-0.609375,-1.703125
6790,6784,-0.9140625,3.2265625,2.375
6791,6784,-2.09375,1.0703125,-1.671875
6792,6792,-2.9453125,-0.0859375,1.421875
6793,6792,-1.0546875,-0.890625,2.0
6794,6792,-3.4609375,1.0546875,1.1875
6795,6792,-1.6953125,-0.6875,-3.296875
6796,6792,-6.234375,2.8046875,0.203125
6797,6792,-3.8203125,2.2421875,1.359375
6798,6792,-3.75,1.6171875,0.53125
6799,6792,-1.6484375,0.921875,3.21875
6800,6800,-2.328125,1.4375,1.46875
6801,6800,-3.6484375,1.0859375,3.0625
6802,6800,-3.8203125,2.2421875,1.359375
6803,6800,-3.9609375,0.65625,4.796875
6804,6800,-4.6796875,2.28125,0.90625
6805,6800,-1.515625,1.9765625,2.796875
6806,6800,-5.21875,1.1875,1.953125
6807,6800,-0.7109375,1.734375,5.21875
6808,6808,-2.7421875,2.09375,2.96875
6809,6808,-5.703125,1.703125,2.734375
6810,6808,0.578125,1.453125,2.078125
6811,6808,-3.7734375,0.53125,4.78125
6812,6808,0.9375,0.6328125,4.0
6813,6808,-1.6796875,3.1015625,-0.140625
6814,6808,-0.953125,3.3046875,6.0859375
6815,6808,-5.828125,1.4375,-0.640625
6816,6816,-2.2890625,0.25,1.8125
6817,6816,-1.3671875,1.046875,3.390625
6818,6816,2.59375,3.875,6.75
6819,6816,-0.875,0.25,-1.984375
6820,6816,-0.578125,0.15625,2.203125
6821,6816,0.140625,0.875,3.046875
6822,6816,1.125,2.84375,7.59375
6823,6816,-3.5390625,1.7421875,3.5625
6824,6824,-4.125,2.0703125,4.8203125
6825,6824,-6.15625,1.921875,1.953125
6826,6824,0.625,1.3984375,2.8125
6827,6824,-5.2890625,1.53125,0.734375
6828,6824,-0.8828125,1.4375,1.96875
6829,6824,-2.953125,0.9375,2.515625
6830,6824,0.890625,3.0625,3.59375
6831,6824,3.15625,1.3046875,2.296875
6832,6832,-0.75,2.3125,0.125
6833,6832,-0.609375,1.7109375,3.90625
6834,6832,1.3515625,0.21875,3.078125
6835,6832,2.28125,0.4375,3.75
6836,6832,-1.4453125,1.640625,3.46875
6837,6832,-0.5859375,-0.875,3.546875
6838,6832,-0.125,1.65625,0.328125
6839,6832,-1.546875,0.109375,4.59375
6840,6840,-2.6015625,0.015625,-2.28125
6841,6840,-2.0234375,-1.578125,-0.234375
6842,6840,-1.0234375,-0.1875,2.3046875
6843,6840,4.4140625,2.5234375,4.359375
6844,6840,0.203125,0.6640625,1.046875
6845,6840,1.5546875,1.9921875,-1.3984375
6846,6840,-1.984375,0.0078125,-0.640625
6847,6840,1.34375,0.46875,-1.65625
6848,6848,0.546875,0.3203125,4.984375
6849,6848,2.5390625,1.984375,8.34375
6850,6848,-0.703125,1.390625,0.390625
6851,6848,-3.3125,-2.0078125,0.296875
6852,6848,4.2890625,2.3828125,2.90625
6853,6848,5.1796875,2.453125,0.28125
6854,6848,3.8984375,0.046875,-2.671875
6855,6848,-1.1015625,0.140625,1.421875
6856,6856,1.421875,2.8515625,1.03125
6857,6856,-4.3125,-0.8671875,-1.84375
6858,6856,3.3125,1.21875,2.40625
6859,6856,0.890625,-0.0859375,1.75
6860,6856,2.3984375,1.234375,0.578125
6861,6856,0.59375,-4.265625,-0.453125
6862,6856,0.8125,1.640625,6.609375
6863,6856,1.515625,2.34375,6.4765625
6864,6864,3.2265625,1.2734375,6.1015625
6865,6864,1.9921875,1.453125,2.53125
6866,6864,2.8515625,1.4296875,2.484375
6867,6864,1.5390625,1.0390625,5.359375
6868,6864,5.7578125,2.5078125,0.84375
6869,6864,-1.3984375,1.1328125,0.828125
6870,6864,1.7890625,1.78125,0.953125
6871,6864,-0.1328125,-0.8671875,0.484375
6872,6872,-1.078125,0.265625,-0.671875
6873,6872,0.4296875,-0.4375,-1.375
6874,6872,4.421875,0.8828125,6.5
6875,6872,-0.359375,-0.2421875,4.4453125
6876,6872,-2.546875,1.03125,3.59375
6877,6872,-3.015625,3.2265625,-0.671875
6878,6872,-6.34375,0.4375,-1.71875
6879,6872,-3.140625,-0.171875,0.140625
6880,6880,-1.8828125,0.2578125,2.453125
6881,6880,-5.515625,2.109375,3.328125
6882,6880,-3.9609375,1.5703125,1.75
6883,6880,-5.4453125,1.8125,2.15625
6884,6880,1.859375,2.9765625,-1.96875
6885,6880,3.6640625,3.2734375,-2.25
6886,6880,2.1328125,2.65625,1.0
6887,6880,2.6953125,2.71875,-0.34375
6888,6888,2.2265625,1.875,1.9375
6889,6888,0.71875,3.2421875,-0.0625
6890,6888,7.2734375,2.296875,-0.546875
6891,6888,1.5625,1.9609375,-1.6875
6892,6888,4.1015625,2.234375,-0.453125
6893,6888,0.515625,0.171875,1.203125
6894,6888,1.0078125,-0.46875,-0.65625
6895,6888,1.0234375,0.125,-1.59375
6896,6896,1.140625,-0.5234375,-2.828125
6897,6896,-2.4296875,0.15625,-0.640625
6898,6896,-3.2109375,-0.484375,-0.265625
6899,6896,-0.7890625,-0.328125,0.015625
6900,6896,1.7109375,2.890625,8.8671875
6901,6896,0.6015625,1.7109375,6.09375
6902,6896,1.4375,2.171875,0.8125
6903,6896,5.6484375,4.3671875,6.0
6904,6904,3.4140625,0.796875,0.8125
6905,6904,4.4140625,3.9609375,4.5
6906,6904,-1.68359375,1.1015625,1.421875
6907,6904,1.125,2.890625,6.375
6908,6904,4.67578125,-0.1796875,1.875
6909,6904,5.8828125,0.3203125,1.921875
6910,6904,-0.1328125,0.796875,1.90625
6911,6904,-3.4765625,0.0390625,-1.890625
6912,6912,-5.1171875,0.7265625,0.109375
6913,6912,-5.7421875,1.6640625,1.1875
6914,6912,-5.6953125,0.453125,4.4375
6915,6912,-2.6875,-2.7890625,1.421875
6916,6912,-1.71875,-2.1015625,4.828125
6917,6912,5.234375,-0.40625,-4.796875
6918,6912,4.40625,1.8828125,4.65625
6919,6912,3.9140625,2.125,1.375
6920,6920,3.46875,2.0625,8.640625
6921,6920,2.2734375,2.125,1.28125
6922,6920,2.25,1.484375,3.671875
6923,6920,0.6953125,0.0,0.65625
6924,6920,3.1171875,0.5,6.484375
6925,6920,1.9375,1.234375,0.09375
6926,6920,0.7421875,2.75,2.1875
6927,6920,2.6171875,3.1015625,3.234375
6928,6928,-0.984375,2.5625,-1.59375
6929,6928,0.9140625,2.6484375,0.734375
6930,6928,-0.8671875,2.296875,1.328125
6931,6928,4.4140625,0.515625,3.984375
6932,6928,2.421875,2.1796875,4.78125
6933,6928,-2.0859375,1.171875,1.3125
6934,6928,-2.640625,0.25,5.109375
6935,6928,-5.703125,0.3515625,2.671875
6936,6936,4.75,2.0625,-1.21875
6937,6936,0.8203125,0.765625,3.5
6938,6936,5.28125,0.2890625,-1.984375
6939,6936,1.9453125,1.7890625,2.46875
6940,6936,-7.734375,1.8125,1.203125
6941,6936,-3.015625,1.9609375,0.0625
6942,6936,-0.7421875,1.1875,-0.140625
6943,6936,-1.6171875,2.5390625,0.5
6944,6944,-0.296875,0.484375,-1.25
6945,6944,-0.734375,-0.515625,3.046875
6946,6944,5.8046875,1.9296875,1.6875
6947,6944,5.84375,1.7734375,3.1875
6948,6944,3.5,-0.140625,-1.734375
6949,6944,1.4375,3.9375,3.53125
6950,6944,1.375,3.8984375,4.609375
6951,6944,5.3203125,3.0078125,0.75
6952,6952,3.109375,0.2265625,-0.75
6953,6952,5.0859375,1.390625,-0.265625
6954,6952,2.3046875,2.3671875,2.515625
6955,6952,-0.0703125,-0.6875,0.953125
6956,6952,0.7890625,1.21875,2.28125
6957,6952,-2.40625,2.1875,0.703125
6958,6952,1.6484375,2.4453125,0.96875
6959,6952,0.796875,2.375,-2.234375
6960,6960,-0.46875,-0.6328125,-0.84375
6961,6960,0.8515625,2.8203125,0.609375
6962,6960,0.703125,1.625,-0.140625
6963,6960,3.9921875,2.328125,6.25
6964,6960,0.84375,2.28125,3.0703125
6965,6960,-1.6640625,0.234375,-1.078125
6966,6960,-3.015625,-1.6484375,-1.0
6967,6960,1.84375,3.25,3.515625
6968,6968,0.1484375,2.6640625,3.859375
6969,6968,-0.265625,1.2421875,1.109375
6970,6968,4.6953125,0.53125,-1.703125
6971,6968,0.3828125,2.8359375,3.5625
6972,6968,-2.7890625,1.9765625,0.59375
6973,6968,-0.359375,1.2734375,2.796875
6974,6968,-4.828125,1.515625,4.5234375
6975,6968,-2.7265625,-0.953125,-0.484375
6976,6976,-2.40625,1.234375,0.203125
6977,6976,-5.4921875,0.4453125,5.890625
6978,6976,-4.8125,0.1875,-0.421875
6979,6976,-5.25,-0.0703125,2.9375
6980,6976,-5.0234375,1.1015625,3.015625
6981,6976,5.5,1.359375,3.390625
6982,6976,-1.921875,1.6640625,2.578125
6983,6976,-2.546875,0.3046875,0.953125
6984,6984,4.2265625,2.296875,0.40625
6985,6984,5.4140625,2.265625,6.3359375
6986,6984,1.9765625,1.890625,4.6875
6987,6984,1.6484375,0.5625,5.328125
6988,6984,-2.3359375,1.71875,2.734375
6989,6984,-3.2421875,0.75,0.4375
6990,6984,-4.3125,0.7265625,3.484375
6991,6984,3.6640625,0.984375,1.09375
6992,6992,0.484375,0.96875,0.15625
6993,6992,0.9140625,1.484375,1.3125
6994,6992,3.109375,2.78125,1.296875
6995,6992,4.59375,0.9296875,1.578125
6996,6992,1.203125,0.8046875,-0.34375
6997,6992,-0.765625,0.828125,2.515625
6998,6992,1.046875,0.25,-0.8125
6999,6992,-1.875,-0.71875,3.5625
7000,7000,-2.3671875,-0.25,0.984375
7001,7000,-1.5625,0.234375,-1.4609375
7002,7000,-1.890625,-0.046875,-0.203125
7003,7000,1.28125,1.78125,1.09375
7004,7000,-0.671875,1.484375,0.140625
7005,7000,-3.484375,2.4609375,2.140625
7006,7000,-6.3125,0.625,1.71875
7007,7000,-6.9609375,-0.8359375,0.125
7008,7008,-5.59375,-0.8125,1.0
7009,7008,-10.109375,-0.5546875,0.71875
7010,7008,-4.796875,-0.7421875,1.296875
7011,7008,-1.734375,-1.15625,0.4375
7012,7008,-7.828125,-0.3359375,2.140625
7013,7008,0.8359375,0.640625,-2.640625
7014,7008,-0.5625,0.421875,0.875
7015,7008,-2.2890625,0.8828125,2.875
7016,7016,-2.8125,-2.1171875,-2.15625
7017,7016,0.84375,0.1015625,1.578125
7018,7016,-3.2421875,0.234375,-1.34375
7019,7016,-0.375,0.03125,3.0
7020,7016,-0.4609375,2.7421875,3.953125
7021,7016,1.15625,2.4921875,-1.84375
7022,7016,3.796875,2.296875,3.359375
7023,7016,5.2109375,2.78125,2.40625
7024,7024,4.71875,2.484375,2.484375
7025,7024,0.9453125,1.3671875,-1.453125
7026,7024,-5.953125,0.109375,-1.734375
7027,7024,-6.1796875,-0.0703125,-3.1171875
7028,7024,1.8203125,-0.4453125,3.015625
7029,7024,-0.390625,1.140625,0.4375
7030,7024,-1.5703125,0.921875,2.875
7031,7024,-2.0859375,0.6640625,3.0546875
7032,7032,-1.671875,1.7734375,2.359375
7033,7032,-1.203125,1.2578125,3.46875
7034,7032,-0.46875,3.0703125,4.03125
7035,7032,6.5234375,2.546875,1.78125
7036,7032,6.046875,3.5859375,0.015625
7037,7032,5.7109375,2.1328125,0.640625
7038,7032,9.125,3.5625,3.375
7039,7032,8.8125,0.34375,-0.90625
7040,7040,7.6640625,3.78125,3.0625
7041,7040,2.7421875,0.5859375,2.21875
7042,7040,-0.1640625,0.421875,1.34375
7043,7040,-5.0078125,0.328125,0.640625
7044,7040,-5.2421875,0.875,0.953125
7045,7040,-4.5703125,0.328125,5.0
7046,7040,-3.015625,1.453125,1.5
7047,7040,-2.5546875,1.46875,-0.5625
7048,7048,-3.734375,0.8515625,4.46875
7049,7048,-4.921875,-1.3515625,-0.625
7050,7048,-2.6171875,0.9765625,1.765625
7051,7048,-0.3515625,0.2734375,0.953125
7052,7048,-3.203125,0.4921875,-0.40625
7053,7048,-4.9453125,2.765625,1.640625
7054,7048,-2.7734375,-1.0703125,1.453125
7055,7048,-2.984375,-1.1875,-0.0625
7056,7056,-3.7421875,-0.96875,-1.046875
7057,7056,-3.0390625,2.2421875,3.4921875
7058,7056,1.3984375,2.8515625,2.28125
7059,7056,1.0703125,1.984375,0.921875
7060,7056,-3.6640625,1.6640625,2.078125
7061,7056,6.5078125,1.2734375,-0.796875
7062,7056,-2.8203125,1.71875,0.828125
7063,7056,-4.234375,2.7421875,2.546875
7064,7064,-6.5703125,0.9375,1.984375
7065,7064,4.5703125,1.3203125,0.59375
7066,7064,1.2890625,-0.0625,0.515625
7067,7064,-6.359375,1.1875,0.46875
7068,7064,-3.9453125,1.1484375,0.46875
7069,7064,2.1796875,1.265625,0.328125
7070,7064,-2.2734375,2.2578125,1.078125
7071,7064,0.8671875,2.046875,0.9375
7072,7072,1.2421875,1.28125,1.0
7073,7072,4.5234375,2.5703125,2.21875
7074,7072,-1.5234375,2.765625,0.4375
7075,7072,0.2890625,0.9296875,1.71875
7076,7072,4.5859375,2.984375,1.171875
7077,7072,0.4296875,1.5,1.75
7078,7072,2.7265625,2.15625,3.84375
7079,7072,-5.03125,1.0703125,0.109375
7080,7080,-2.8828125,3.3671875,2.25
7081,7080,-4.4765625,-0.140625,-0.46875
7082,7080,-4.5390625,1.2578125,2.71875
7083,7080,-2.859375,2.1328125,0.484375
7084,7080,-3.3046875,1.7265625,2.296875
7085,7080,-3.734375,2.8828125,2.125
7086,7080,3.1875,2.21875,2.890625
7087,7080,-4.8828125,1.1796875,2.921875
7088,7088,-2.6328125,1.5234375,2.671875
7089,7088,-5.296875,1.3984375,3.40625
7090,7088,-6.3046875,2.5625,-1.484375
7091,7088,-5.6171875,2.3125,1.953125
7092,7088,-4.90625,0.4765625,0.171875
7093,7088,-3.546875,0.5,0.03125
7094,7088,-6.4453125,1.25,-0.25
7095,7088,-4.4453125,0.078125,0.765625
7096,7096,-3.6640625,-0.2265625,0.96875
7097,7096,-2.8828125,1.890625,1.1875
7098,7096,-4.1015625,2.3671875,-0.46875
7099,7096,-0.3203125,0.71875,0.953125
7100,7096,0.40625,0.6484375,-0.1875
7101,7096,2.359375,0.7890625,-1.5
7102,7096,3.046875,0.1328125,-0.546875
7103,7096,0.4453125,-0.859375,0.796875
7104,7104,-2.3671875,-0.3125,-0.28125
7105,7104,-3.2890625,-1.328125,1.59375
7106,7104,-4.125,-0.4375,0.65625
7107,7104,-2.484375,0.0859375,0.8125
7108,7104,-7.8046875,0.0390625,2.359375
7109,7104,-4.703125,0.4921875,2.109375
7110,7104,-6.109375,-0.375,1.90625
7111,7104,2.8515625,0.9140625,0.5
7112,7112,-1.4453125,0.8828125,3.046875
7113,7112,6.90625,2.2421875,0.53125
7114,7112,-1.5078125,1.53125,-1.859375
7115,7112,5.3828125,1.4140625,-0.15625
7116,7112,-0.8828125,-0.3203125,-2.53125
7117,7112,-2.671875,1.21875,2.234375
7118,7112,0.375,0.28125,-0.9375
7119,7112,-1.7421875,-0.140625,-2.65625
7120,7120,3.765625,3.4453125,6.1640625
7121,7120,3.7734375,1.4296875,4.171875
7122,7120,7.32421875,3.0625,4.84375
7123,7120,1.5625,3.0078125,6.5703125
7124,7120,1.34375,2.5078125,6.3671875
7125,7120,1.03125,-0.015625,1.109375
7126,7120,-0.1640625,-1.21875,-0.25
7127,7120,-1.6640625,0.3125,2.984375
7128,7128,-1.3984375,2.1875,4.6875
7129,7128,3.4609375,-0.96875,-0.125
7130,7128,1.03125,0.453125,7.34375
7131,7128,1.1875,3.4765625,4.234375
7132,7128,1.8515625,-1.21875,0.859375
7133,7128,-0.125,3.0234375,-0.4375
7134,7128,-2.203125,-0.796875,1.03125
7135,7128,2.0703125,1.9765625,0.546875
7136,7136,-2.3671875,0.7265625,0.21875
7137,7136,0.0390625,0.921875,1.828125
7138,7136,-4.3125,1.171875,2.234375
7139,7136,-1.421875,1.8203125,2.875
7140,7136,-2.6640625,0.734375,1.5625
7141,7136,-2.9453125,-0.3203125,-0.71875
7142,7136,-5.609375,-0.3515625,0.0
7143,7136,-6.734375,0.53125,0.3125
7144,7144,-7.09375,0.421875,-0.15625
7145,7144,-2.875,0.7890625,1.390625
7146,7144,-5.8046875,0.9375,2.265625
7147,7144,0.40625,0.078125,0.671875
7148,7144,5.296875,-1.5234375,1.21875
7149,7144,4.59375,-0.9375,-2.0625
7150,7144,1.734375,-0.515625,-1.9375
7151,7144,-0.984375,1.5703125,3.4375
7152,7152,-2.796875,-0.5234375,-0.4375
7153,7152,-4.78125,-0.4921875,-0.578125
7154,7152,-1.015625,1.421875,4.234375
7155,7152,-0.39453125,1.9609375,7.15625
7156,7152,-4.2578125,-0.8046875,0.703125
7157,7152,-3.6328125,-0.9921875,-0.3125
7158,7152,-0.2734375,2.015625,5.359375
7159,7152,0.76171875,2.4921875,4.421875
7160,7160,2.59765625,2.78125,-1.46875
7161,7160,-6.0,0.1484375,1.703125
7162,7160,-6.2421875,-0.375,0.171875
7163,7160,-5.109375,-0.2421875,0.453125
7164,7160,-5.28125,-0.84375,1.046875
7165,7160,-4.8515625,-0.03125,0.40625
7166,7160,7.1953125,1.6796875,-1.75
7167,7160,2.90625,1.9921875,1.9375
7168,7168,-5.2421875,-0.109375,1.546875
7169,7168,7.0625,1.5625,-0.140625
7170,7168,-5.859375,0.0859375,1.796875
7171,7168,-5.7734375,0.203125,1.390625
7172,7168,2.546875,1.0859375,3.265625
7173,7168,-5.7265625,0.3203125,1.453125
7174,7168,2.7578125,-1.0625,0.34375
7175,7168,4.7421875,0.703125,-1.0625
7176,7176,-7.3984375,0.1484375,2.078125
7177,7176,0.8046875,3.1796875,5.375
7178,7176,-1.2421875,0.3671875,3.09375
7179,7176,1.53515625,1.9921875,5.75
7180,7176,-0.359375,0.171875,0.640625
7181,7176,-5.5078125,-0.0390625,1.65625
7182,7176,-5.5078125,-0.0390625,1.65625
7183,7176,1.6953125,1.8359375,5.546875
7184,7184,-1.359375,2.1171875,5.5625
7185,7184,1.59375,2.71875,7.1328125
7186,7184,3.640625,1.328125,5.265625
7187,7184,2.3671875,2.8984375,5.328125
7188,7184,-0.5,4.125,-1.25
7189,7184,-0.34375,3.90625,-2.171875
7190,7184,-3.1640625,1.0,5.09375
7191,7184,-1.6484375,1.46875,-1.34375
7192,7192,-0.90625,1.328125,-0.25
7193,7192,-4.421875,1.640625,1.359375
7194,7192,-6.0390625,0.3125,1.546875
7195,7192,-5.9296875,-0.0546875,0.03125
7196,7192,-2.46875,0.6875,2.375
7197,7192,5.2421875,2.1484375,0.25
7198,7192,-3.05859375,3.1328125,2.09375
7199,7192,0.1796875,1.921875,1.890625
7200,7200,0.65625,0.78125,2.71875
7201,7200,0.0546875,1.1640625,2.65625
7202,7200,0.65625,0.78125,2.71875
7203,7200,-0.1015625,0.7734375,3.03125
7204,7200,0.65625,0.78125,2.71875
7205,7200,1.53125,3.3984375,2.546875
7206,7200,-0.3125,3.3515625,0.6875
7207,7200,2.46875,3.2109375,1.671875
7208,7208,-2.70703125,3.2734375,1.75
7209,7208,4.2890625,5.4140625,4.953125
7210,7208,1.625,5.5234375,3.78125
7211,7208,2.25,4.59375,4.46875
7212,7208,-1.0,4.5234375,-0.578125
7213,7208,1.1953125,4.3359375,4.40625
7214,7208,-0.34375,2.3046875,1.765625
7215,7208,-5.7734375,1.296875,2.515625
7216,7216,-1.3828125,2.578125,-4.2265625
7217,7216,1.7578125,0.2734375,2.609375
7218,7216,0.2890625,0.546875,2.46875
7219,7216,-0.5390625,1.078125,3.421875
7220,7216,-0.6640625,3.3984375,-3.2109375
7221,7216,-2.5234375,0.171875,0.1875
7222,7216,-5.7734375,0.1640625,1.71875
7223,7216,-5.2109375,0.6796875,0.828125
7224,7224,2.1328125,-0.5859375,0.953125
7225,7224,1.2890625,0.640625,2.265625
7226,7224,-0.1640625,1.7578125,-2.984375
7227,7224,-2.765625,0.6953125,-1.296875
7228,7224,-2.2265625,1.7890625,-0.46875
7229,7224,-0.9140625,0.1328125,-0.171875
7230,7224,-0.2578125,-0.2578125,0.890625
7231,7224,-2.375,1.4765625,0.578125
7232,7232,-2.65625,1.4765625,-1.171875
7233,7232,-3.671875,-0.8125,1.078125
7234,7232,-1.9375,-0.609375,-1.34375
7235,7232,2.609375,2.46875,-0.46875
7236,7232,0.5234375,3.2890625,1.671875
7237,7232,1.109375,0.953125,-3.171875
7238,7232,1.390625,3.3671875,1.46875
7239,7232,-2.6640625,2.09375,1.328125
7240,7240,-4.875,-0.265625,1.265625
7241,7240,1.3984375,-0.3359375,0.71875
7242,7240,-1.6953125,0.3359375,2.015625
7243,7240,-1.03125,-0.7421875,-1.109375
7244,7240,-1.03125,-0.7421875,-1.109375
7245,7240,-1.03125,1.9765625,-0.8125
7246,7240,1.16015625,2.9296875,2.953125
7247,7240,-1.0234375,3.0546875,-0.203125
7248,7248,0.0078125,1.578125,0.4375
7249,7248,3.234375,1.9921875,1.09375
7250,7248,2.3203125,2.25,0.625
7251,7248,2.0390625,3.09375,-0.265625
7252,7248,-1.5859375,0.359375,2.234375
7253,7248,-2.609375,1.2265625,0.40625
7254,7248,-3.6796875,0.359375,1.703125
7255,7248,0.98828125,1.796875,-1.40625
7256,7256,-2.984375,-0.296875,0.59375
7257,7256,5.5546875,0.984375,0.09375
7258,7256,2.4765625,1.6484375,3.25
7259,7256,3.046875,-1.3984375,-1.375
7260,7256,-0.5234375,1.46875,-5.4375
7261,7256,1.0703125,1.6171875,4.4375
7262,7256,1.296875,3.3984375,-1.34375
7263,7256,-3.25,2.6484375,4.7890625
7264,7264,0.390625,1.390625,-0.65625
7265,7264,1.46875,-1.203125,-1.90625
7266,7264,-0.84375,-0.8359375,-1.109375
7267,7264,1.3125,0.6875,1.5625
7268,7264,1.375,0.09375,-1.609375
7269,7264,2.3671875,2.8125,1.9375
7270,7264,-5.640625,-0.28125,0.625
7271,7264,-4.6171875,-0.4140625,0.84375
7272,7272,-6.3046875,1.1328125,1.375
7273,7272,-7.4375,0.53125,-1.09375
7274,7272,-6.7421875,1.3046875,-0.546875
7275,7272,-4.5,0.6875,1.359375
7276,7272,-3.0234375,1.5625,-1.328125
7277,7272,-0.3671875,-0.0546875,0.3125
7278,7272,-5.7265625,2.0625,-0.265625
7279,7272,-2.7734375,1.703125,0.53125
7280,7280,4.9140625,2.7421875,2.921875
7281,7280,2.0859375,1.3515625,-0.703125
7282,7280,1.65625,2.6953125,4.234375
7283,7280,2.2890625,2.296875,0.953125
7284,7280,-5.125,0.71875,0.90625
7285,7280,-5.8515625,0.125,-1.84375
7286,7280,-2.1328125,0.015625,4.1484375
7287,7280,-1.9296875,0.3203125,4.359375
7288,7288,0.1015625,2.171875,3.25
7289,7288,3.2734375,2.8515625,3.953125
7290,7288,-0.25,1.1328125,3.390625
7291,7288,-4.171875,0.421875,5.65625
7292,7288,-8.0234375,-0.1171875,-0.171875
7293,7288,-7.5703125,-0.0234375,1.03125
7294,7288,-4.9765625,1.1171875,3.0
7295,7288,-4.9453125,0.6015625,1.96875
7296,7296,-5.5234375,0.671875,2.453125
7297,7296,-2.3203125,1.2734375,3.234375
7298,7296,1.328125,1.3125,3.890625
7299,7296,0.4375,1.2265625,3.375
7300,7296,1.296875,0.6328125,-1.296875
7301,7296,2.6640625,0.296875,-0.59375
7302,7296,-3.71875,0.125,-0.796875
7303,7296,-5.6015625,0.3359375,2.40625
7304,7304,-5.78125,0.21875,-1.296875
7305,7304,-3.5625,-0.1328125,-0.078125
7306,7304,-2.15625,1.7265625,3.265625
7307,7304,-5.3671875,-0.6171875,0.0625
7308,7304,-5.78125,0.21875,-1.296875
7309,7304,-4.4375,0.9375,3.515625
7310,7304,-3.515625,0.4296875,2.375
7311,7304,-4.84375,-0.2109375,-1.578125
7312,7312,-4.6171875,-0.9296875,-0.453125
7313,7312,-3.9296875,1.0703125,1.96875
7314,7312,-3.8671875,-1.296875,-0.03125
7315,7312,-2.75,0.4296875,1.890625
7316,7312,5.109375,1.2109375,1.4375
7317,7312,-4.6953125,0.328125,1.09375
7318,7312,5.1875,1.8125,1.125
7319,7312,3.4140625,0.2890625,-0.34375
7320,7320,-4.1796875,0.0390625,2.15625
7321,7320,-8.234375,0.4765625,2.5
7322,7320,-4.1796875,0.0390625,2.15625
7323,7320,-6.453125,-0.3671875,2.3125
7324,7320,-6.765625,0.078125,1.75
7325,7320,-6.703125,0.0859375,-0.046875
7326,7320,-6.453125,-0.3671875,2.3125
7327,7320,-6.375,1.046875,4.65625
7328,7328,-5.2265625,1.046875,4.6875
7329,7328,-4.84375,0.8984375,5.03125
7330,7328,-5.359375,0.328125,4.5703125
7331,7328,-5.4609375,0.859375,4.625
7332,7328,-5.078125,0.25,0.34375
7333,7328,-3.84375,0.875,3.4375
7334,7328,-7.02734375,-0.3046875,-1.40625
7335,7328,-1.328125,0.8203125,1.640625
7336,7336,1.7578125,3.0078125,7.6015625
7337,7336,1.0625,2.1484375,0.25
7338,7336,0.859375,1.09375,1.140625
7339,7336,-1.1875,2.71875,7.5234375
7340,7336,3.578125,-0.3046875,1.1875
7341,7336,1.0078125,1.5625,-0.4375
7342,7336,-1.3515625,1.2890625,0.078125
7343,7336,-0.734375,-1.1640625,-0.25
7344,7344,-1.4453125,1.609375,3.3125
7345,7344,-1.5859375,2.078125,0.140625
7346,7344,-3.2421875,-0.59375,2.453125
7347,7344,-4.66796875,1.3828125,0.203125
7348,7344,-0.1015625,2.875,0.171875
7349,7344,4.96875,2.171875,7.375
7350,7344,4.609375,1.5,5.21875
7351,7344,4.2734375,3.921875,4.375
7352,7352,-1.640625,1.109375,0.453125
7353,7352,-0.78125,2.1484375,-0.390625
7354,7352,3.0234375,0.8671875,0.703125
7355,7352,2.390625,1.3984375,-3.28125
7356,7352,2.5390625,2.2265625,0.46875
7357,7352,-2.0703125,1.1171875,2.75
7358,7352,3.3046875,2.1953125,5.6796875
7359,7352,2.7578125,2.09375,1.859375
7360,7360,3.875,2.8515625,3.203125
7361,7360,-0.296875,0.46875,7.65625
7362,7360,4.25,3.140625,3.765625
7363,7360,-3.9609375,0.53125,-2.84375
7364,7360,-1.6875,-1.4921875,-1.125
7365,7360,-4.0625,-0.4765625,1.09375
7366,7360,-0.625,1.78125,1.25
7367,7360,0.0625,1.78125,1.4375
7368,7368,2.3203125,1.2265625,0.859375
7369,7368,1.15625,2.2109375,3.296875
7370,7368,-0.0078125,1.8359375,3.0
7371,7368,0.4921875,3.71875,-1.703125
7372,7368,-2.2421875,4.4921875,1.96875
7373,7368,1.3125,3.765625,-0.171875
7374,7368,1.6640625,2.09375,1.046875
7375,7368,-5.015625,4.3359375,-0.140625
7376,7376,-3.859375,2.9765625,-2.0
7377,7376,-0.140625,1.9609375,4.734375
7378,7376,-0.5234375,-0.9921875,3.75
7379,7376,-1.5703125,2.2421875,1.53125
7380,7376,-2.0234375,1.9609375,0.890625
7381,7376,-5.4609375,1.5234375,3.546875
7382,7376,-1.6171875,1.7890625,2.125
7383,7376,-5.859375,1.6875,2.703125
7384,7384,-6.1796875,1.8515625,2.15625
7385,7384,-1.7109375,1.7890625,0.6875
7386,7384,0.4765625,1.984375,3.296875
7387,7384,1.515625,1.1328125,5.015625
7388,7384,0.234375,0.4375,-0.578125
7389,7384,5.1171875,2.5625,6.46875
7390,7384,1.484375,1.4765625,2.171875
7391,7384,-1.0703125,2.140625,4.265625
7392,7392,-0.6328125,2.359375,2.765625
7393,7392,-1.8359375,1.640625,2.546875
7394,7392,-3.078125,1.359375,-0.328125
7395,7392,1.1484375,1.703125,1.265625
7396,7392,1.203125,-1.34375,-2.78125
7397,7392,0.5234375,0.6328125,-0.359375
7398,7392,0.3984375,4.296875,-1.0
7399,7392,-5.8203125,1.1953125,1.8125
7400,7400,-2.90625,2.4375,1.6875
7401,7400,-4.0,0.3046875,0.875
7402,7400,-1.2578125,-1.140625,3.5625
7403,7400,-0.859375,-1.375,0.34375
7404,7400,-0.796875,0.65625,-2.7421875
7405,7400,2.6640625,2.03125,1.46875
7406,7400,-1.1328125,1.2109375,-1.375
7407,7400,-2.515625,1.4453125,2.53125
7408,7408,-4.7265625,2.65625,2.5625
7409,7408,-2.421875,1.828125,2.1875
7410,7408,-5.1328125,-0.4921875,0.03125
7411,7408,1.796875,0.7421875,-0.609375
7412,7408,-0.8125,4.75,2.4375
7413,7408,0.0078125,1.2421875,1.875
7414,7408,-6.28125,-0.6484375,2.125
7415,7408,-4.96875,0.203125,0.71875
7416,7416,-7.2578125,-0.4296875,2.15625
7417,7416,-6.1484375,-0.0859375,-0.4375
7418,7416,1.4140625,2.6484375,3.328125
7419,7416,-3.53125,0.8046875,-6.046875
7420,7416,-3.5546875,0.265625,0.0625
7421,7416,-2.84375,0.5625,0.484375
7422,7416,-5.328125,-1.171875,0.921875
7423,7416,-2.203125,2.1328125,1.25
7424,7424,1.6171875,0.5,-1.34375
7425,7424,-7.09375,-0.3671875,0.75
7426,7424,-5.609375,-0.6484375,1.265625
7427,7424,0.4296875,0.09375,2.0625
7428,7424,-5.5390625,-0.40625,0.6875
7429,7424,-5.484375,-1.4375,0.1875
7430,7424,-5.328125,-1.171875,0.921875
7431,7424,-0.71875,2.8515625,0.546875
7432,7432,-5.03125,1.421875,0.734375
7433,7432,-1.8203125,2.25,1.328125
7434,7432,6.0546875,1.96875,2.375
7435,7432,-1.8046875,1.953125,2.828125
7436,7432,-4.5703125,2.46875,3.390625
7437,7432,-3.109375,1.890625,3.171875
7438,7432,-3.328125,1.765625,2.0625
7439,7432,-5.8359375,2.921875,3.359375
7440,7440,-2.03125,-0.3359375,0.484375
7441,7440,-3.3515625,1.0546875,-0.203125
7442,7440,-5.0,0.6328125,0.71875
7443,7440,-6.328125,0.3125,1.953125
7444,7440,-5.46875,1.4765625,0.25
7445,7440,-1.4296875,2.9453125,2.546875
7446,7440,-1.8046875,1.1875,-2.1875
7447,7440,-2.171875,0.125,0.03125
7448,7448,-3.53125,0.859375,-0.96875
7449,7448,-1.1484375,1.5703125,-2.625
7450,7448,-1.1484375,1.5703125,-2.625
7451,7448,0.3671875,1.265625,-2.75
7452,7448,3.40625,3.390625,1.53125
7453,7448,0.4453125,4.4375,1.828125
7454,7448,4.85546875,3.5546875,1.75
7455,7448,3.5390625,4.1875,3.546875
7456,7456,0.3671875,3.453125,0.75
7457,7456,-0.1953125,0.1328125,3.078125
7458,7456,-2.40625,1.421875,-2.546875
7459,7456,-1.1484375,1.5703125,-2.625
7460,7456,-0.0234375,2.296875,-0.984375
7461,7456,-8.0546875,-0.5078125,-2.28125
7462,7456,7.84765625,3.9296875,-0.234375
7463,7456,3.2890625,2.7109375,0.59375
7464,7464,-1.0703125,1.609375,1.125
7465,7464,-6.140625,1.8515625,-0.484375
7466,7464,-6.5859375,1.875,0.234375
7467,7464,5.828125,3.984375,1.203125
7468,7464,-0.5234375,4.1171875,4.890625
7469,7464,-0.9140625,-0.5234375,-1.4375
7470,7464,0.4375,2.0625,3.4375
7471,7464,-1.359375,1.375,3.59375
7472,7472,-0.515625,2.1484375,3.15625
7473,7472,-5.359375,2.28125,-0.78125
7474,7472,-4.1953125,-2.6953125,0.171875
7475,7472,2.53125,3.5,6.984375
7476,7472,0.765625,2.0078125,1.46875
7477,7472,-0.8515625,2.0703125,3.46875
7478,7472,-0.765625,1.859375,0.6875
7479,7472,-2.671875,2.65625,3.328125
7480,7480,-5.90625,0.171875,1.59375
7481,7480,0.140625,1.46875,1.25
7482,7480,-4.65625,2.1875,2.796875
7483,7480,-5.953125,1.9921875,3.890625
7484,7480,-6.140625,0.625,1.90625
7485,7480,-4.25,2.078125,1.046875
7486,7480,5.421875,2.578125,3.71875
7487,7480,0.34375,3.65625,5.125
7488,7488,4.984375,-0.3671875,-0.34375
7489,7488,6.9453125,2.359375,1.328125
7490,7488,5.78125,1.109375,0.171875
7491,7488,-0.1328125,-0.625,3.8125
7492,7488,-5.3046875,0.2734375,1.484375
7493,7488,1.9609375,0.1875,0.828125
7494,7488,3.3125,2.2578125,0.953125
7495,7488,-3.71875,2.5703125,2.640625
7496,7496,-4.125,0.9453125,0.015625
7497,7496,-6.51171875,-1.453125,-0.984375
7498,7496,0.296875,2.25,2.328125
7499,7496,-0.53125,-0.09375,-0.65625
7500,7496,-3.6015625,-0.1328125,2.609375
7501,7496,-5.609375,0.8203125,2.734375
7502,7496,-4.703125,0.90625,0.921875
7503,7496,-5.1171875,-0.2421875,0.890625
7504,7504,-1.140625,0.3671875,0.140625
7505,7504,-7.0546875,0.59375,0.3125
7506,7504,-5.53125,0.40625,3.0
7507,7504,-3.015625,0.1484375,0.015625
7508,7504,-3.015625,0.1484375,0.015625
7509,7504,-5.9140625,-0.0625,0.859375
7510,7504,-3.6875,1.515625,-0.5
7511,7504,-5.1015625,1.1640625,-0.078125
7512,7512,-3.71875,1.1328125,1.265625
7513,7512,-5.1015625,1.1640625,-0.078125
7514,7512,-4.828125,0.078125,0.890625
7515,7512,-3.96875,1.9453125,-0.96875
7516,7512,-6.765625,1.171875,3.546875
7517,7512,-3.2265625,-1.640625,1.0
7518,7512,1.1171875,3.34375,2.421875
7519,7512,1.765625,2.2578125,-0.6875
7520,7520,0.5546875,2.5390625,8.2734375
7521,7520,-5.08984375,0.3046875,-1.578125
7522,7520,-3.359375,0.96875,-0.109375
7523,7520,-2.171875,1.5625,-1.96875
7524,7520,-4.03125,0.125,1.046875
7525,7520,-5.953125,-0.375,1.6875
7526,7520,-2.90625,-0.2890625,2.546875
7527,7520,-4.1953125,-1.046875,3.890625
7528,7528,-5.3203125,0.8359375,0.703125
7529,7528,-0.1953125,0.1328125,3.078125
7530,7528,1.1328125,-1.3671875,-3.3125
7531,7528,-1.703125,1.25,-0.3125
7532,7528,-4.625,0.3984375,0.3125
7533,7528,-6.3046875,0.609375,1.046875
7534,7528,-1.703125,1.25,-0.3125
7535,7528,-1.703125,1.25,-0.3125
7536,7536,-0.75,0.0625,2.5
7537,7536,-2.59375,2.1796875,0.546875
7538,7536,-2.59375,2.1796875,0.546875
7539,7536,2.515625,1.1328125,5.171875
7540,7536,2.921875,2.734375,6.515625
7541,7536,-0.046875,0.7734375,2.640625
7542,7536,-2.0234375,3.859375,1.640625
7543,7536,-6.203125,3.203125,3.40625
7544,7544,0.671875,1.15625,0.890625
7545,7544,1.2734375,2.390625,-0.09375
7546,7544,3.296875,-0.125,1.265625
7547,7544,6.015625,-1.453125,-0.03125
7548,7544,1.9765625,2.5859375,5.609375
7549,7544,6.2734375,2.28125,-0.859375
7550,7544,4.6171875,2.3671875,2.515625
7551,7544,-5.3359375,0.421875,1.3125
7552,7552,-6.5078125,0.9921875,1.671875
7553,7552,-5.2890625,1.1171875,1.078125
7554,7552,2.3203125,1.9140625,0.484375
7555,7552,-4.046875,1.8515625,0.6875
7556,7552,-4.5234375,1.8828125,2.3125
7557,7552,0.09375,3.3828125,1.6875
7558,7552,-1.0,2.53125,1.78125
7559,7552,-5.9921875,0.1640625,1.296875
7560,7560,-4.8828125,0.5859375,2.328125
7561,7560,-0.1640625,1.671875,1.984375
7562,7560,3.921875,0.234375,0.546875
7563,7560,-1.625,-0.0390625,0.5625
7564,7560,-0.65625,-0.1015625,1.15625
7565,7560,-7.2109375,-0.75,0.09375
7566,7560,-0.1796875,0.1484375,3.0
7567,7560,-3.484375,-1.3125,-2.0
7568,7568,-0.1640625,1.671875,1.984375
7569,7568,0.8984375,1.5859375,0.53125
7570,7568,-0.5703125,0.9296875,3.65625
7571,7568,-0.5703125,0.9296875,3.65625
7572,7568,-0.5703125,0.9296875,3.65625
7573,7568,-0.5859375,-0.140625,2.78125
7574,7568,-0.5859375,-0.140625,2.78125
7575,7568,-0.5390625,-1.1953125,-0.359375
7576,7576,-0.59375,-0.1953125,2.59375
7577,7576,-0.7265625,2.5,3.46875
7578,7576,1.4453125,1.1328125,6.1875
7579,7576,-1.1796875,0.8828125,1.359375
7580,7576,-6.4140625,-0.140625,0.5
7581,7576,-4.21484375,0.5625,0.203125
7582,7576,-0.2890625,0.3359375,3.359375
7583,7576,-2.9140625,0.578125,3.953125
7584,7584,-0.59375,-0.1953125,2.59375
7585,7584,-5.796875,2.234375,1.171875
7586,7584,-5.3203125,1.90625,1.640625
7587,7584,-5.796875,2.234375,1.171875
7588,7584,-4.2265625,1.921875,1.15625
7589,7584,-3.625,1.46875,2.28125
7590,7584,-5.390625,1.90625,2.828125
7591,7584,-5.203125,-0.265625,-1.65625
7592,7592,-1.4375,2.2265625,-0.359375
7593,7592,0.7109375,4.078125,4.234375
7594,7592,-0.328125,3.1796875,3.8125
7595,7592,-4.265625,0.4921875,2.140625
7596,7592,-4.1875,-0.71875,1.0
7597,7592,-4.1328125,0.3984375,1.375
7598,7592,-5.5546875,-0.4296875,3.140625
7599,7592,0.96875,1.0859375,3.15625
7600,7600,1.609375,1.484375,3.8125
7601,7600,1.71875,1.0859375,3.25
7602,7600,3.828125,2.4921875,2.234375
7603,7600,-0.5625,0.8125,4.296875
7604,7600,-3.7890625,0.5625,1.609375
7605,7600,-2.640625,0.4921875,4.46875
7606,7600,-6.71875,3.2890625,2.453125
7607,7600,3.9765625,0.21875,1.015625
7608,7608,-2.3046875,0.875,1.53125
7609,7608,1.3125,-0.734375,2.515625
7610,7608,3.859375,1.9296875,3.8125
7611,7608,1.8359375,2.34375,4.984375
7612,7608,-1.4296875,0.9140625,2.265625
7613,7608,-3.203125,0.171875,1.140625
7614,7608,-3.171875,-1.21875,0.453125
7615,7608,-2.59375,1.109375,1.203125
7616,7616,-5.359375,0.1328125,1.53125
7617,7616,-5.359375,0.1328125,1.53125
7618,7616,-4.5546875,-0.078125,-0.21875
7619,7616,-1.8359375,0.09375,4.71875
7620,7616,7.078125,3.0234375,4.765625
7621,7616,5.1171875,2.7734375,2.15625
7622,7616,3.9921875,2.1171875,0.953125
7623,7616,-3.52734375,0.46875,5.09375
7624,7624,-3.9765625,-0.71875,-2.8125
7625,7624,-4.8046875,0.1640625,4.8125
7626,7624,9.3203125,3.6875,4.15625
7627,7624,4.921875,3.0546875,0.15625
7628,7624,-6.8203125,-0.5546875,0.75
7629,7624,-3.52734375,0.46875,5.09375
7630,7624,-1.421875,-0.6796875,-0.21875
7631,7624,1.84375,3.234375,-0.171875
7632,7632,-3.96875,0.7890625,2.53125
7633,7632,-1.375,2.6015625,0.84375
7634,7632,-2.3515625,2.6171875,-3.046875
7635,7632,-1.703125,2.046875,0.65625
7636,7632,3.8828125,1.8203125,0.390625
7637,7632,3.578125,0.609375,-0.828125
7638,7632,-1.328125,0.328125,0.25
7639,7632,1.1796875,0.3046875,-2.390625
7640,7640,0.328125,0.8671875,2.0625
7641,7640,6.0078125,1.5703125,-2.265625
7642,7640,-0.5625,1.9609375,1.15625
7643,7640,1.0390625,2.859375,6.6875
7644,7640,-0.41015625,1.6328125,4.40625
7645,7640,1.8828125,3.7890625,5.40625
7646,7640,-4.8125,0.6015625,1.40625
7647,7640,-1.9765625,3.15625,-1.359375
7648,7648,-3.6171875,1.7109375,0.515625
7649,7648,-0.046875,1.3828125,0.375
7650,7648,-1.875,0.6796875,3.828125
7651,7648,-4.1015625,0.4140625,-1.859375
7652,7648,-5.2421875,0.8984375,-0.78125
7653,7648,6.3046875,2.6640625,1.34375
7654,7648,-5.703125,1.8046875,0.515625
7655,7648,-3.09375,-0.5546875,-0.234375
7656,7656,-5.9375,0.6796875,2.0
7657,7656,-2.96875,1.59375,0.375
7658,7656,-3.046875,1.75,4.515625
7659,7656,0.8828125,1.8984375,2.421875
7660,7656,3.1484375,2.984375,5.328125
7661,7656,3.1796875,4.125,4.46875
7662,7656,3.0234375,2.9140625,7.5390625
7663,7656,1.90625,2.5390625,5.296875
7664,7664,-3.984375,2.3046875,1.125
7665,7664,-0.7890625,1.96875,5.09375
7666,7664,-4.9140625,1.46875,4.8984375
7667,7664,-4.6953125,1.0703125,2.234375
7668,7664,0.3125,0.515625,2.359375
7669,7664,-3.4765625,-0.484375,-2.78125
7670,7664,-4.5546875,0.0625,-2.953125
7671,7664,2.9609375,0.390625,0.78125
7672,7672,1.8671875,2.59375,5.328125
7673,7672,2.640625,2.1015625,5.140625
7674,7672,1.2265625,0.5390625,1.234375
7675,7672,-3.546875,1.9140625,4.25
7676,7672,-1.9296875,1.9765625,0.546875
7677,7672,-3.90625,0.6640625,-0.125
7678,7672,2.484375,3.4140625,1.234375
7679,7672,-6.7578125,2.15625,3.046875
7680,7680,-1.09375,0.7109375,0.953125
7681,7680,-3.0859375,0.4921875,0.90625
7682,7680,-4.53125,1.5,2.9375
7683,7680,-3.40625,0.171875,1.984375
7684,7680,-2.21875,0.53125,1.453125
7685,7680,-2.6171875,0.328125,2.375
7686,7680,9.3359375,2.4609375,-0.625
7687,7680,-3.4921875,-0.3046875,1.296875
7688,7688,-3.453125,-0.4921875,1.0
7689,7688,-3.2578125,-0.4296875,1.71875
7690,7688,-1.7109375,0.0390625,0.328125
7691,7688,-2.5859375,-0.234375,1.0625
7692,7688,0.265625,0.53125,3.5625
7693,7688,-2.6796875,0.96875,1.421875
7694,7688,-0.171875,0.96875,1.796875
7695,7688,-0.984375,0.390625,0.203125
7696,7696,-4.796875,0.421875,1.609375
7697,7696,-3.1875,1.0546875,2.671875
7698,7696,-5.1953125,-0.296875,-0.296875
7699,7696,6.875,1.515625,2.0625
7700,7696,-3.6328125,-0.0859375,0.9375
7701,7696,-1.828125,0.5,0.8125
7702,7696,4.2734375,0.359375,-0.46875
7703,7696,-0.6328125,-0.1875,0.34375
7704,7704,-3.9765625,-0.671875,0.765625
7705,7704,-1.3984375,0.9765625,0.84375
7706,7704,-0.2734375,0.5078125,0.234375
7707,7704,-1.3984375,0.9765625,0.84375
7708,7704,-0.2734375,0.5078125,0.234375
7709,7704,2.2109375,2.2109375,2.984375
7710,7704,6.3515625,2.5390625,0.109375
7711,7704,2.0546875,4.109375,-1.609375
7712,7712,3.6640625,2.3203125,1.046875
7713,7712,1.6640625,4.484375,4.3125
7714,7712,-2.8203125,-0.2734375,2.75
7715,7712,-5.5234375,0.21875,1.796875
7716,7712,-6.125,-0.4453125,1.234375
7717,7712,6.3046875,2.3515625,-0.8125
7718,7712,7.3359375,-1.640625,0.109375
7719,7712,1.34375,2.2265625,0.734375
7720,7720,-3.7109375,-0.0390625,-0.140625
7721,7720,-4.8515625,-0.234375,-0.3125
7722,7720,-0.8125,2.5703125,1.828125
7723,7720,0.59375,4.4921875,4.40625
7724,7720,1.921875,3.3046875,0.703125
7725,7720,-1.0390625,1.296875,2.53125
7726,7720,-7.265625,1.28125,1.765625
7727,7720,3.9375,3.4375,3.296875
7728,7728,3.890625,-1.90625,-0.59375
7729,7728,-5.03125,-0.15625,0.0
7730,7728,3.1484375,-0.75,-3.5
7731,7728,4.7421875,0.9921875,-1.140625
7732,7728,-3.90625,-0.75,-2.203125
7733,7728,-7.3359375,-0.5625,-0.5625
7734,7728,-3.0078125,0.0390625,-1.9375
7735,7728,-6.171875,1.1953125,2.4375
7736,7736,1.6484375,0.4296875,2.921875
7737,7736,-3.390625,1.5625,3.421875
7738,7736,-4.3828125,0.3046875,1.6875
7739,7736,1.0390625,-0.515625,-0.03125
7740,7736,-0.26171875,1.4453125,1.421875
7741,7736,-1.046875,3.84375,3.53125
7742,7736,-5.765625,0.03125,1.84375
7743,7736,1.953125,0.40625,1.859375
7744,7744,-5.3984375,2.3515625,1.78125
7745,7744,2.1015625,2.515625,1.734375
7746,7744,4.40625,2.3359375,1.296875
7747,7744,3.375,1.78125,0.609375
7748,7744,3.4453125,0.421875,-0.21875
7749,7744,-3.828125,0.328125,1.21875
7750,7744,-5.578125,0.8125,0.4375
7751,7744,-2.7578125,1.203125,-1.421875
7752,7752,-4.65625,-0.5,0.078125
7753,7752,-5.171875,-0.4609375,0.09375
7754,7752,-3.2890625,1.53125,0.0625
7755,7752,-6.2265625,-0.296875,0.75
7756,7752,-4.53125,-1.453125,0.625
7757,7752,-2.4453125,0.828125,2.859375
7758,7752,-0.8203125,0.5546875,3.4375
7759,7752,-0.1796875,3.0390625,4.25
7760,7760,0.46875,2.3203125,5.109375
7761,7760,-5.9921875,0.8359375,2.71875
7762,7760,-5.9921875,0.8359375,2.71875
7763,7760,-7.046875,-0.71875,-1.703125
7764,7760,1.75,4.203125,1.984375
7765,7760,2.328125,2.125,-1.40625
7766,7760,1.4609375,0.4921875,1.40625
7767,7760,-6.28125,0.7109375,0.828125
7768,7768,-0.28125,3.90625,2.234375
7769,7768,2.140625,2.0234375,-0.53125
7770,7768,-7.4765625,-1.296875,-0.5625
7771,7768,-1.765625,1.046875,2.359375
7772,7768,-0.6171875,0.8984375,2.953125
7773,7768,-0.1796875,1.796875,1.328125
7774,7768,-1.98828125,2.953125,3.25
7775,7768,-4.9453125,1.125,1.28125
7776,7776,2.09375,1.125,1.765625
7777,7776,0.5546875,2.6640625,-4.21875
7778,7776,0.515625,1.015625,1.875
7779,7776,0.4921875,1.3828125,0.203125
7780,7776,-2.46875,4.8671875,4.59375
7781,7776,4.578125,1.7890625,1.953125
7782,7776,5.890625,-1.5234375,-0.171875
7783,7776,4.5078125,2.5390625,2.015625
7784,7784,-0.1953125,0.1328125,3.078125
7785,7784,-0.078125,1.7890625,4.890625
7786,7784,0.4296875,2.3515625,2.953125
7787,7784,-4.1796875,0.9296875,0.5625
7788,7784,-7.53125,0.0078125,0.078125
7789,7784,-6.375,0.59375,-0.0625
7790,7784,-6.6015625,-0.6640625,0.84375
7791,7784,3.0625,1.0,-0.203125
7792,7792,6.46875,2.4296875,0.125
7793,7792,7.2734375,3.0703125,-0.6875
7794,7792,-5.890625,1.78125,1.53125
7795,7792,-1.46875,0.84375,3.171875
7796,7792,-6.7265625,1.5,3.484375
7797,7792,-5.75,-0.125,0.46875
7798,7792,-3.86328125,2.9765625,-0.34375
7799,7792,-5.52734375,1.4765625,3.140625
7800,7800,-3.7109375,2.109375,2.140625
7801,7800,-4.1171875,-0.3125,1.21875
7802,7800,-3.7109375,2.109375,2.140625
7803,7800,-0.140625,2.921875,4.234375
7804,7800,6.74609375,3.5703125,1.5625
7805,7800,3.8984375,4.2578125,0.765625
7806,7800,-2.6875,3.75,2.140625
7807,7800,2.04296875,2.578125,-1.328125
7808,7808,-1.0390625,2.6328125,-0.65625
7809,7808,-3.7109375,2.109375,2.140625
7810,7808,-5.03125,2.90625,-1.046875
7811,7808,2.78125,4.28125,6.265625
7812,7808,2.640625,0.453125,1.671875
7813,7808,1.6015625,3.0859375,-2.296875
7814,7808,5.3359375,0.84375,-1.515625
7815,7808,-0.3359375,1.484375,4.03125
7816,7816,-1.0234375,2.5703125,6.2734375
7817,7816,-6.296875,2.40625,-1.546875
7818,7816,5.2890625,2.0390625,1.21875
7819,7816,3.578125,1.3828125,1.296875
7820,7816,2.9296875,1.8359375,2.25
7821,7816,4.8828125,3.5859375,-0.21875
7822,7816,-2.328125,-1.0390625,-0.515625
7823,7816,-1.5703125,-0.59375,-0.96875
7824,7824,3.8828125,2.0859375,0.90625
7825,7824,-1.640625,-0.3515625,-1.65625
7826,7824,-5.984375,0.296875,0.1875
7827,7824,-0.1484375,-0.2890625,-0.984375
7828,7824,-4.828125,-0.46875,1.875
7829,7824,-2.6484375,-0.421875,-0.953125
7830,7824,0.4765625,-0.3671875,0.34375
7831,7824,-3.515625,0.4296875,2.375
7832,7832,-2.09375,0.0625,2.546875
7833,7832,0.265625,0.53125,3.5625
7834,7832,-1.5703125,-0.59375,-0.96875
7835,7832,-2.546875,0.1484375,0.171875
7836,7832,-0.7265625,0.7578125,2.71875
7837,7832,-0.0625,1.125,4.375
7838,7832,-2.703125,-1.1015625,0.53125
7839,7832,-1.15625,-0.828125,-0.828125
7840,7840,2.75,2.9453125,2.546875
7841,7840,-2.3046875,-0.3125,-0.25
7842,7840,-1.8125,0.1875,0.21875
7843,7840,0.90625,-1.765625,-2.328125
7844,7840,-1.5078125,3.2265625,-3.234375
7845,7840,-1.9375,-0.234375,1.875
7846,7840,4.6640625,-0.203125,0.9375
7847,7840,-4.671875,-0.1796875,0.765625
7848,7848,0.09375,0.1328125,0.765625
7849,7848,0.265625,0.53125,3.5625
7850,7848,-3.9140625,-0.3359375,1.65625
7851,7848,-4.9765625,0.125,-1.40625
7852,7848,-3.4765625,0.0703125,2.375
7853,7848,-3.9375,-0.078125,0.875
7854,7848,-2.640625,1.5390625,0.140625
7855,7848,-2.2421875,-0.1796875,1.3125
7856,7856,-2.03125,0.9375,2.8125
7857,7856,-4.1484375,-0.5078125,0.71875
7858,7856,-3.8359375,-0.1953125,1.4375
7859,7856,-4.375,-0.6328125,1.546875
7860,7856,-2.03125,2.515625,2.1875
7861,7856,-0.484375,0.703125,2.328125
7862,7856,-1.9375,2.078125,0.375
7863,7856,0.7265625,3.453125,-0.15625
7864,7864,-2.484375,1.5703125,2.6875
7865,7864,2.5625,1.578125,2.28125
7866,7864,-4.28125,1.8203125,1.765625
7867,7864,-1.59375,-0.25,0.21875
7868,7864,0.828125,1.2734375,-0.375
7869,7864,3.1484375,2.28125,1.921875
7870,7864,-5.8984375,0.4140625,2.046875
7871,7864,-4.0,2.09375,-0.34375
7872,7872,-0.28125,1.2578125,2.390625
7873,7872,3.6171875,0.4765625,0.15625
7874,7872,-2.2265625,1.0546875,2.421875
7875,7872,0.265625,0.53125,3.5625
7876,7872,-6.0546875,0.515625,-0.40625
7877,7872,-0.34375,1.546875,2.71875
7878,7872,-0.796875,2.703125,0.875
7879,7872,-1.84375,0.5390625,2.296875
7880,7880,-4.21875,2.65625,0.703125
7881,7880,3.25,3.015625,4.6484375
7882,7880,-2.328125,2.2578125,3.546875
7883,7880,1.7578125,1.6328125,3.453125
7884,7880,-3.1875,1.6796875,2.109375
7885,7880,-0.421875,0.9375,-1.03125
7886,7880,5.7421875,3.2734375,-0.3125
7887,7880,-3.6640625,-0.2421875,-2.5625
7888,7888,3.6484375,-2.015625,-5.3046875
7889,7888,0.6796875,1.4140625,-0.1875
7890,7888,-0.5390625,2.8984375,2.09375
7891,7888,3.34375,2.71875,2.234375
7892,7888,0.75,1.7421875,3.34375
7893,7888,2.703125,0.8203125,1.15625
7894,7888,2.5859375,0.625,2.203125
7895,7888,0.15625,1.0390625,3.328125
7896,7896,5.65625,0.671875,6.4375
7897,7896,5.015625,1.8359375,-0.734375
7898,7896,3.1484375,1.140625,3.578125
7899,7896,-1.859375,3.6875,-2.0
7900,7896,4.5078125,2.109375,5.125
7901,7896,2.25,0.1875,-0.546875
7902,7896,0.65625,2.40625,0.140625
7903,7896,1.828125,3.171875,3.625
7904,7904,2.828125,1.9140625,1.28125
7905,7904,-1.7578125,2.3125,0.21875
7906,7904,-3.421875,-0.7578125,0.078125
7907,7904,0.34375,1.2734375,1.296875
7908,7904,0.9609375,0.984375,5.078125
7909,7904,-4.0390625,1.4296875,-0.359375
7910,7904,0.6875,0.109375,0.71875
7911,7904,-2.6953125,0.890625,-1.40625
7912,7912,3.765625,0.703125,1.59375
7913,7912,1.6875,1.234375,-0.5625
7914,7912,-0.59375,2.296875,0.53125
7915,7912,5.6484375,2.375,1.421875
7916,7912,-4.15625,2.984375,0.921875
7917,7912,0.53125,3.265625,2.796875
7918,7912,1.875,0.8828125,1.609375
7919,7912,-2.0703125,1.25,-1.0625
7920,7920,-4.21875,1.1953125,1.0
7921,7920,-1.6953125,2.0546875,0.6875
7922,7920,1.46875,2.3359375,2.65625
7923,7920,1.2109375,1.2890625,1.0
7924,7920,-1.7109375,0.0703125,1.125
7925,7920,-2.9921875,0.640625,0.390625
7926,7920,-5.5703125,1.4453125,0.546875
7927,7920,5.703125,-0.3359375,3.8125
7928,7928,2.734375,3.5625,3.75
7929,7928,-0.7109375,-0.734375,0.390625
7930,7928,-1.671875,1.625,2.296875
7931,7928,4.609375,1.0390625,3.671875
7932,7928,-1.7265625,-0.21875,-0.390625
7933,7928,-2.8125,-0.15625,1.203125
7934,7928,0.7265625,1.734375,2.34375
7935,7928,-1.8984375,1.71875,-1.578125
7936,7936,-1.265625,-1.9609375,-0.6796875
7937,7936,-1.3828125,0.40625,-0.609375
7938,7936,-1.890625,-0.015625,-1.828125
7939,7936,-4.2109375,0.421875,-0.15625
7940,7936,2.5859375,0.6875,-0.6875
7941,7936,0.8984375,0.953125,3.265625
7942,7936,2.21875,1.90625,1.609375
7943,7936,0.203125,1.6640625,-0.09375
7944,7944,1.375,-0.0078125,-2.046875
7945,7944,-7.703125,0.34375,-1.078125
7946,7944,-0.6171875,-3.28125,-0.078125
7947,7944,4.0390625,3.1875,-1.21875
7948,7944,-0.2265625,0.5703125,7.078125
7949,7944,4.1328125,-1.375,-3.28125
7950,7944,-0.859375,1.921875,-1.375
7951,7944,1.265625,-1.3671875,-2.703125
7952,7952,-3.3046875,-1.0,-5.3359375
7953,7952,4.625,1.65625,0.734375
7954,7952,1.875,0.4140625,-1.078125
7955,7952,3.4765625,2.5859375,3.859375
7956,7952,-3.546875,-0.1875,0.46875
7957,7952,-5.75,0.78125,1.4375
7958,7952,-4.7578125,0.0234375,0.921875
7959,7952,-0.96875,-0.4375,1.109375
7960,7960,1.1484375,0.46875,-3.140625
7961,7960,-2.0625,0.703125,-0.8125
7962,7960,2.625,0.8828125,-1.171875
7963,7960,-1.328125,-1.7265625,-2.96875
7964,7960,5.2109375,2.609375,2.1875
7965,7960,-1.3671875,-0.03125,2.078125
7966,7960,-1.390625,0.203125,-1.078125
7967,7960,1.1171875,-1.28125,-3.28125
7968,7968,-1.3046875,1.2734375,0.4375
7969,7968,-1.8671875,-0.7734375,-1.453125
7970,7968,1.703125,-2.0703125,-2.890625
7971,7968,-1.3828125,0.59375,2.875
7972,7968,-0.53125,-0.6640625,-2.625
7973,7968,6.4140625,1.6875,0.75
7974,7968,-2.5625,1.625,0.625
7975,7968,-3.0,2.2890625,-1.390625
7976,7976,3.3203125,0.140625,-2.96875
7977,7976,-0.2265625,2.71875,1.28125
7978,7976,2.765625,2.1875,-3.421875
7979,7976,2.015625,2.5078125,4.671875
7980,7976,-1.2421875,3.09375,2.171875
7981,7976,2.015625,-0.4375,-2.2734375
7982,7976,0.296875,2.65625,-1.21875
7983,7976,4.2578125,0.4375,3.125
7984,7984,-5.9453125,-1.5859375,1.484375
7985,7984,-1.75,-1.4453125,-0.796875
7986,7984,0.53125,1.5078125,-1.53125
7987,7984,-3.71875,-0.8515625,-0.046875
7988,7984,5.3203125,1.65625,6.8359375
7989,7984,2.2109375,-0.2578125,-2.28125
7990,7984,-0.0546875,2.484375,-0.984375
7991,7984,0.6015625,-0.5390625,0.890625
7992,7992,1.8359375,1.65625,1.0625
7993,7992,0.3828125,-0.96875,-0.234375
7994,7992,-1.03125,0.6875,-3.1875
7995,7992,2.34375,1.984375,-0.8125
7996,7992,3.09375,2.84375,3.34375
7997,7992,1.34375,1.46875,-2.828125
7998,7992,1.5078125,-0.25,-0.359375
7999,7992,-3.0625,0.1875,-0.375
8000,8000,-5.8046875,-0.2734375,0.828125
8001,8000,-0.03125,0.8359375,-0.765625
8002,8000,-1.5859375,-2.671875,-1.3671875
8003,8000,0.875,2.203125,3.203125
8004,8000,-0.1953125,-0.296875,0.265625
8005,8000,5.453125,1.9453125,6.59375
8006,8000,3.2265625,0.0,-0.59375
8007,8000,-2.96875,-1.4453125,-1.84375
8008,8008,0.46875,-0.1484375,-2.34375
8009,8008,1.8125,-0.671875,0.921875
8010,8008,-2.1875,1.8125,-1.1875
8011,8008,-0.3515625,3.078125,1.375
8012,8008,-1.66015625,-0.2421875,0.84375
8013,8008,-4.6171875,0.6953125,-1.828125
8014,8008,0.46875,1.6015625,2.859375
8015,8008,0.9375,-0.03125,-2.828125
8016,8016,6.125,2.9453125,0.796875
8017,8016,1.6796875,3.640625,2.71875
8018,8016,-1.3046875,-0.0625,1.65625
8019,8016,7.4453125,1.421875,1.953125
8020,8016,-6.7890625,0.4765625,1.109375
8021,8016,0.9375,-0.53125,-4.4375
8022,8016,2.78125,2.3359375,5.5234375
8023,8016,0.28125,0.5,0.953125
8024,8024,3.7109375,2.1640625,-3.71875
8025,8024,-0.796875,0.828125,1.25
8026,8024,3.59375,0.6328125,1.109375
8027,8024,3.234375,1.03125,0.671875
8028,8024,4.6875,1.2265625,-0.6875
8029,8024,-4.0625,0.9765625,0.0625
8030,8024,-4.0625,0.9765625,0.0625
8031,8024,1.40625,3.296875,-0.1875
8032,8032,-1.1171875,1.9765625,-1.03125
8033,8032,-2.2421875,2.28125,-0.484375
8034,8032,0.7265625,1.9375,2.65625
8035,8032,1.1171875,-0.5546875,-2.8125
8036,8032,2.5859375,3.25,4.7578125
8037,8032,-2.0859375,2.234375,-0.5
8038,8032,-1.3828125,2.109375,1.328125
8039,8032,0.3359375,2.03125,-4.796875
8040,8040,-2.2578125,-0.984375,-0.578125
8041,8040,-1.1015625,1.2890625,-0.109375
8042,8040,1.1171875,2.1796875,-2.09375
8043,8040,-0.703125,-0.1484375,0.0546875
8044,8040,0.1171875,-0.765625,-0.96875
8045,8040,0.9375,-1.03125,-3.25
8046,8040,0.5078125,2.2890625,2.203125
8047,8040,-0.1796875,2.390625,-0.03125
8048,8048,-3.8359375,1.1328125,0.265625
8049,8048,1.796875,-2.6640625,-4.4375
8050,8048,4.609375,-0.1953125,-1.375
8051,8048,0.265625,1.9375,2.046875
8052,8048,-3.71875,-0.21875,0.421875
8053,8048,-1.6015625,0.0390625,-0.109375
8054,8048,2.796875,1.6484375,0.5625
8055,8048,2.1875,0.546875,0.65625
8056,8056,6.5390625,1.046875,-5.7265625
8057,8056,-1.578125,-0.140625,1.4375
8058,8056,2.4453125,-0.4296875,1.0
8059,8056,-0.71875,-1.203125,-4.2109375
8060,8056,-0.7109375,1.1640625,5.09375
8061,8056,1.453125,0.875,1.1875
8062,8056,0.8828125,0.3984375,-0.765625
8063,8056,0.3984375,2.71875,-1.6875
8064,8064,4.09375,0.1328125,1.203125
8065,8064,-4.3359375,2.3984375,-0.984375
8066,8064,4.4140625,3.40625,6.328125
8067,8064,-6.1875,-0.609375,-0.5
8068,8064,1.71875,-1.921875,-1.765625
8069,8064,-0.96875,1.953125,-0.15625
8070,8064,-3.578125,0.953125,0.53125
8071,8064,2.7421875,0.546875,0.421875
8072,8072,2.9375,1.953125,-4.203125
8073,8072,-3.6640625,0.59375,0.640625
8074,8072,-0.4375,0.6484375,-1.15625
8075,8072,3.1171875,-1.359375,-2.171875
8076,8072,-1.953125,0.484375,-0.734375
8077,8072,-2.21875,-0.0625,-0.9375
8078,8072,0.5,1.828125,0.515625
8079,8072,2.1484375,-1.0234375,-2.578125
8080,8080,6.859375,-1.3203125,-4.515625
8081,8080,-0.578125,-1.2109375,-2.53125
8082,8080,0.8125,0.046875,-2.0
8083,8080,-0.65625,1.515625,-0.390625
8084,8080,2.8125,1.171875,0.453125
8085,8080,1.1171875,2.296875,-1.796875
8086,8080,0.4453125,1.671875,2.046875
8087,8080,-2.5625,1.2421875,-3.109375
8088,8088,-0.21875,-0.0625,-4.78125
8089,8088,4.1015625,0.953125,0.65625
8090,8088,-1.1640625,-1.96875,-0.9375
8091,8088,-1.5078125,-1.4296875,-0.515625
8092,8088,-0.140625,-0.9375,0.0625
8093,8088,0.78125,2.21875,-0.109375
8094,8088,-1.40625,0.4453125,0.71875
8095,8088,-4.1171875,0.5546875,1.859375
8096,8096,-4.8203125,1.3828125,2.21875
8097,8096,-0.328125,-1.5859375,-2.21875
8098,8096,-5.890625,-0.3125,1.109375
8099,8096,-0.5703125,-1.0390625,-1.640625
8100,8096,-2.5,0.046875,1.3125
8101,8096,1.59375,2.1953125,3.09375
8102,8096,-1.7421875,2.0546875,0.59375
8103,8096,-0.0234375,2.203125,3.921875
8104,8104,2.984375,2.0859375,4.734375
8105,8104,1.0,0.171875,0.359375
8106,8104,-2.953125,-0.625,0.5
8107,8104,-0.359375,-0.046875,-3.0625
8108,8104,0.7578125,0.71875,-1.375
8109,8104,1.203125,0.5390625,1.6875
8110,8104,3.8984375,1.3359375,-0.28125
8111,8104,1.9453125,-0.4140625,-1.71875
8112,8112,-0.765625,-1.0078125,0.328125
8113,8112,-3.421875,-1.7578125,-0.59375
8114,8112,-2.46875,-1.1015625,-2.59375
8115,8112,-2.9765625,1.765625,1.921875
8116,8112,0.3515625,-0.03125,-3.328125
8117,8112,2.296875,1.359375,-1.65625
8118,8112,-2.546875,1.6796875,0.34375
8119,8112,0.109375,0.171875,-1.125
8120,8120,0.0859375,-0.2734375,-2.0625
8121,8120,-5.1640625,0.8203125,0.9375
8122,8120,-1.9921875,1.765625,1.0
8123,8120,1.8515625,-0.890625,-1.8125
8124,8120,0.4921875,1.625,0.46875
8125,8120,1.7578125,0.6640625,-3.125
8126,8120,4.265625,3.1640625,-0.140625
8127,8120,-1.0703125,-1.875,-2.59375
8128,8128,-2.5703125,0.0234375,2.25
8129,8128,-1.5859375,1.640625,0.03125
8130,8128,3.0546875,1.609375,2.1875
8131,8128,2.4375,0.0625,-2.84375
8132,8128,-1.46875,-0.9609375,-5.828125
8133,8128,-0.2265625,-0.390625,0.734375
8134,8128,2.1015625,1.8125,0.484375
8135,8128,0.625,0.9609375,1.328125
8136,8136,-3.2421875,-0.4296875,0.28125
8137,8136,1.7578125,2.5234375,1.40625
8138,8136,-1.875,1.9453125,1.375
8139,8136,-0.734375,-0.9296875,1.1875
8140,8136,-2.9296875,1.1953125,1.765625
8141,8136,7.1015625,2.1953125,-0.03125
8142,8136,-2.109375,-0.6328125,0.296875
8143,8136,2.890625,3.40625,6.421875
8144,8144,0.265625,1.3515625,1.28125
8145,8144,0.2109375,0.8828125,3.046875
8146,8144,4.9765625,0.15625,0.25
8147,8144,2.109375,4.0546875,2.21875
8148,8144,2.7109375,0.84375,-2.03125
8149,8144,2.98828125,2.7109375,2.828125
8150,8144,3.2109375,2.1953125,1.9375
8151,8144,-0.0234375,0.0625,0.5625
8152,8152,2.1953125,0.34375,1.078125
8153,8152,0.625,1.1875,4.03125
8154,8152,1.703125,-0.4375,1.734375
8155,8152,3.2578125,2.0390625,2.046875
8156,8152,-4.0390625,-0.6875,0.8203125
8157,8152,1.25,0.890625,1.0625
8158,8152,1.5234375,-0.34375,-5.4765625
8159,8152,-4.4609375,-1.3671875,-0.296875
8160,8160,5.515625,0.984375,2.15625
8161,8160,3.390625,1.1875,1.078125
8162,8160,0.9453125,-0.953125,-5.0703125
8163,8160,4.796875,0.8203125,3.484375
8164,8160,-4.9453125,-0.2421875,-0.109375
8165,8160,3.1640625,2.453125,4.28125
8166,8160,2.9296875,-0.015625,-0.65625
8167,8160,3.703125,0.2265625,1.640625
8168,8168,-3.8359375,0.3671875,3.53125
8169,8168,-1.3203125,1.2265625,-2.03125
8170,8168,-0.984375,0.5859375,0.546875
8171,8168,-6.2890625,1.125,0.140625
8172,8168,-1.4140625,-0.03125,0.0
8173,8168,4.015625,0.59375,3.96875
8174,8168,5.421875,0.203125,-0.15625
8175,8168,-0.8203125,0.5625,-0.40625
8176,8176,3.0625,2.7578125,3.015625
8177,8176,-6.0390625,-2.5234375,2.96875
8178,8176,3.4296875,-2.1953125,-3.234375
8179,8176,1.0703125,-0.1640625,2.84375
8180,8176,6.3046875,3.0625,3.640625
8181,8176,0.6875,0.5859375,1.203125
8182,8176,-4.9765625,-0.34375,-0.109375
8183,8176,0.2890625,2.53125,8.2109375
8184,8184,4.984375,2.40625,6.7578125
8185,8184,0.4765625,1.3984375,0.5625
8186,8184,0.1171875,1.5625,3.0625
8187,8184,1.828125,-0.296875,-0.796875
8188,8184,-6.34375,-0.5,1.515625
8189,8184,-1.65625,2.0390625,-0.578125
8190,8184,3.1953125,3.3203125,4.234375
8191,8184,-2.40625,-0.5390625,-0.0625
8192,8192,-1.2421875,0.46875,1.1875
8193,8192,-1.2578125,0.7265625,2.875
8194,8192,6.5078125,0.859375,0.296875
8195,8192,1.5546875,-1.2109375,-1.46875
8196,8192,0.7109375,0.859375,-0.34375
8197,8192,0.6796875,1.15625,0.25
8198,8192,4.9296875,0.109375,-0.609375
8199,8192,-1.6015625,0.859375,4.25
8200,8200,0.85546875,2.890625,4.328125
8201,8200,3.046875,0.109375,-1.25
8202,8200,-3.6328125,0.3671875,1.859375
8203,8200,-3.6328125,0.3671875,1.859375
8204,8200,-3.6328125,0.3671875,1.859375
8205,8200,-3.6328125,0.3671875,1.859375
8206,8200,-3.6328125,0.3671875,1.859375
8207,8200,-3.6328125,0.3671875,1.859375
8208,8208,-3.6328125,0.3671875,1.859375
8209,8208,-3.6328125,0.3671875,1.859375
8210,8208,-3.6328125,0.3671875,1.859375
8211,8208,-3.6328125,0.3671875,1.859375
8212,8208,-3.6328125,0.3671875,1.859375
8213,8208,-3.6328125,0.3671875,1.859375
8214,8208,-3.6328125,0.3671875,1.859375
8215,8208,-3.6328125,0.3671875,1.859375
8216,8216,-3.6328125,0.3671875,1.859375
8217,8216,-3.6328125,0.3671875,1.859375
8218,8216,-3.6328125,0.3671875,1.859375
8219,8216,-3.6328125,0.3671875,1.859375
8220,8216,-3.6328125,0.3671875,1.859375
8221,8216,-3.6328125,0.3671875,1.859375
8222,8216,-3.6328125,0.3671875,1.859375
8223,8216,-3.6328125,0.3671875,1.859375
8224,8224,-3.6328125,0.3671875,1.859375
8225,8224,-3.6328125,0.3671875,1.859375
8226,8224,-3.6328125,0.3671875,1.859375
8227,8224,-3.6328125,0.3671875,1.859375
8228,8224,-3.6328125,0.3671875,1.859375
8229,8224,-3.6328125,0.3671875,1.859375
8230,8224,-3.6328125,0.3671875,1.859375
8231,8224,-3.6328125,0.3671875,1.859375
8232,8232,-3.6328125,0.3671875,1.859375
8233,8232,-3.6328125,0.3671875,1.859375
8234,8232,-3.6328125,0.3671875,1.859375
8235,8232,-3.6328125,0.3671875,1.859375
8236,8232,-3.6328125,0.3671875,1.859375
8237,8232,-3.6328125,0.3671875,1.859375
8238,8232,-3.6328125,0.3671875,1.859375
8239,8232,-3.6328125,0.3671875,1.859375
8240,8240,-3.6328125,0.3671875,1.859375
8241,8240,-3.6328125,0.3671875,1.859375
8242,8240,-3.6328125,0.3671875,1.859375
8243,8240,-3.6328125,0.3671875,1.859375
8244,8240,-3.6328125,0.3671875,1.859375
8245,8240,-3.6328125,0.3671875,1.859375
8246,8240,-3.6328125,0.3671875,1.859375
8247,8240,-3.6328125,0.3671875,1.859375
8248,8248,-3.6328125,0.3671875,1.859375
8249,8248,-3.6328125,0.3671875,1.859375
8250,8248,-3.6328125,0.3671875,1.859375
8251,8248,-3.6328125,0.3671875,1.859375
8252,8248,-3.6328125,0.3671875,1.859375
8253,8248,-3.6328125,0.3671875,1.859375
8254,8248,-3.6328125,0.3671875,1.859375
8255,8248,-3.6328125,0.3671875,1.859375
8256,8256,-3.6328125,0.3671875,1.859375
8257,8256,-3.6328125,0.3671875,1.859375
8258,8256,-3.6328125,0.3671875,1.859375
8259,8256,-3.6328125,0.3671875,1.859375
8260,8256,-3.6328125,0.3671875,1.859375
8261,8256,-3.6328125,0.3671875,1.859375
8262,8256,-3.6328125,0.3671875,1.859375
8263,8256,-3.6328125,0.3671875,1.859375
8264,8264,-3.6328125,0.3671875,1.859375
8265,8264,-3.6328125,0.3671875,1.859375
8266,8264,-3.6328125,0.3671875,1.859375
8267,8264,-3.6328125,0.3671875,1.859375
8268,8264,-3.6328125,0.3671875,1.859375
8269,8264,-3.6328125,0.3671875,1.859375
8270,8264,-3.6328125,0.3671875,1.859375
8271,8264,-3.6328125,0.3671875,1.859375
8272,8272,-3.6328125,0.3671875,1.859375
8273,8272,-3.6328125,0.3671875,1.859375
8274,8272,-3.6328125,0.3671875,1.859375
8275,8272,-3.6328125,0.3671875,1.859375
8276,8272,-3.6328125,0.3671875,1.859375
8277,8272,-3.6328125,0.3671875,1.859375
8278,8272,-3.6328125,0.3671875,1.859375
8279,8272,-3.6328125,0.3671875,1.859375
8280,8280,-3.6328125,0.3671875,1.859375
8281,8280,-3.6328125,0.3671875,1.859375
8282,8280,-3.6328125,0.3671875,1.859375
8283,8280,-3.6328125,0.3671875,1.859375
8284,8280,-3.6328125,0.3671875,1.859375
8285,8280,-3.6328125,0.3671875,1.859375
8286,8280,-3.6328125,0.3671875,1.859375
8287,8280,-3.6328125,0.3671875,1.859375
8288,8288,-3.6328125,0.3671875,1.859375
8289,8288,-3.6328125,0.3671875,1.859375
8290,8288,-3.6328125,0.3671875,1.859375
8291,8288,-3.6328125,0.3671875,1.859375
8292,8288,-3.6328125,0.3671875,1.859375
8293,8288,-3.6328125,0.3671875,1.859375
8294,8288,-3.6328125,0.3671875,1.859375
8295,8288,-3.6328125,0.3671875,1.859375
8296,8296,-3.6328125,0.3671875,1.859375
8297,8296,-3.6328125,0.3671875,1.859375
8298,8296,-3.6328125,0.3671875,1.859375
8299,8296,-3.6328125,0.3671875,1.859375
8300,8296,-3.6328125,0.3671875,1.859375
8301,8296,-3.6328125,0.3671875,1.859375
8302,8296,-3.6328125,0.3671875,1.859375
8303,8296,-3.6328125,0.3671875,1.859375
8304,8304,-3.6328125,0.3671875,1.859375
8305,8304,-3.6328125,0.3671875,1.859375
8306,8304,-3.6328125,0.3671875,1.859375
8307,8304,-3.6328125,0.3671875,1.859375
8308,8304,-3.6328125,0.3671875,1.859375
8309,8304,-3.6328125,0.3671875,1.859375
8310,8304,-3.6328125,0.3671875,1.859375
8311,8304,-3.6328125,0.3671875,1.859375
8312,8312,-3.6328125,0.3671875,1.859375
8313,8312,-3.6328125,0.3671875,1.859375
8314,8312,-3.6328125,0.3671875,1.859375
8315,8312,-3.6328125,0.3671875,1.859375
8316,8312,-3.6328125,0.3671875,1.859375
8317,8312,-3.6328125,0.3671875,1.859375
8318,8312,-3.6328125,0.3671875,1.859375
8319,8312,-3.6328125,0.3671875,1.859375
8320,8320,-3.6328125,0.3671875,1.859375
8321,8320,-3.6328125,0.3671875,1.859375
8322,8320,-3.6328125,0.3671875,1.859375
8323,8320,-3.6328125,0.3671875,1.859375
8324,8320,-3.6328125,0.3671875,1.859375
8325,8320,-3.6328125,0.3671875,1.859375
8326,8320,-3.6328125,0.3671875,1.859375
8327,8320,-3.6328125,0.3671875,1.859375
8328,8328,-3.6328125,0.3671875,1.859375
8329,8328,-3.6328125,0.3671875,1.859375
8330,8328,-3.6328125,0.3671875,1.859375
8331,8328,-3.6328125,0.3671875,1.859375
8332,8328,-3.6328125,0.3671875,1.859375
8333,8328,-3.6328125,0.3671875,1.859375
8334,8328,-3.6328125,0.3671875,1.859375
8335,8328,-3.6328125,0.3671875,1.859375
8336,8336,-3.6328125,0.3671875,1.859375
8337,8336,-3.6328125,0.3671875,1.859375
8338,8336,-3.6328125,0.3671875,1.859375
8339,8336,-3.6328125,0.3671875,1.859375
8340,8336,-3.6328125,0.3671875,1.859375
8341,8336,-3.6328125,0.3671875,1.859375
8342,8336,-3.6328125,0.3671875,1.859375
8343,8336,-3.6328125,0.3671875,1.859375
8344,8344,-3.6328125,0.3671875,1.859375
8345,8344,-3.6328125,0.3671875,1.859375
8346,8344,-3.6328125,0.3671875,1.859375
8347,8344,-3.6328125,0.3671875,1.859375
8348,8344,-3.6328125,0.3671875,1.859375
8349,8344,-3.6328125,0.3671875,1.859375
8350,8344,-3.6328125,0.3671875,1.859375
8351,8344,-3.6328125,0.3671875,1.859375
8352,8352,-3.6328125,0.3671875,1.859375
8353,8352,-3.6328125,0.3671875,1.859375
8354,8352,-3.6328125,0.3671875,1.859375
8355,8352,-3.6328125,0.3671875,1.859375
8356,8352,-3.6328125,0.3671875,1.859375
8357,8352,-3.6328125,0.3671875,1.859375
8358,8352,-3.6328125,0.3671875,1.859375
8359,8352,-3.6328125,0.3671875,1.859375
8360,8360,-3.6328125,0.3671875,1.859375
8361,8360,-3.6328125,0.3671875,1.859375
8362,8360,-3.6328125,0.3671875,1.859375
8363,8360,-3.6328125,0.3671875,1.859375
8364,8360,-3.6328125,0.3671875,1.859375
8365,8360,-3.6328125,0.3671875,1.859375
8366,8360,-3.6328125,0.3671875,1.859375
8367,8360,-3.6328125,0.3671875,1.859375
8368,8368,-3.6328125,0.3671875,1.859375
8369,8368,-3.6328125,0.3671875,1.859375
8370,8368,-3.6328125,0.3671875,1.859375
8371,8368,-3.6328125,0.3671875,1.859375
8372,8368,-3.6328125,0.3671875,1.859375
8373,8368,-3.6328125,0.3671875,1.859375
8374,8368,-3.6328125,0.3671875,1.859375
8375,8368,-3.6328125,0.3671875,1.859375
8376,8376,-3.6328125,0.3671875,1.859375
8377,8376,-3.6328125,0.3671875,1.859375
8378,8376,-3.6328125,0.3671875,1.859375
8379,8376,-3.6328125,0.3671875,1.859375
8380,8376,-3.6328125,0.3671875,1.859375
8381,8376,-3.6328125,0.3671875,1.859375
8382,8376,-3.6328125,0.3671875,1.859375
8383,8376,-3.6328125,0.3671875,1.859375
8384,8384,-3.6328125,0.3671875,1.859375
8385,8384,-3.6328125,0.3671875,1.859375
8386,8384,-3.6328125,0.3671875,1.859375
8387,8384,-3.6328125,0.3671875,1.859375
8388,8384,-3.6328125,0.3671875,1.859375
8389,8384,-3.6328125,0.3671875,1.859375
8390,8384,-3.6328125,0.3671875,1.859375
8391,8384,-3.6328125,0.3671875,1.859375
8392,8392,-3.6328125,0.3671875,1.859375
8393,8392,-3.6328125,0.3671875,1.859375
8394,8392,0.09375,-0.109375,0.453125
8395,8392,0.375,1.046875,1.015625
8396,8392,0.9140625,1.25,1.296875
8397,8392,2.0859375,-0.890625,0.578125
8398,8392,0.046875,1.109375,3.265625
8399,8392,4.3984375,0.546875,5.65625
8400,8400,2.84375,0.671875,6.7734375
8401,8400,1.0234375,0.875,2.5625
8402,8400,0.078125,-0.15625,0.984375
8403,8400,0.8828125,1.53125,1.625
8404,8400,-0.59375,-0.421875,0.9375
8405,8400,1.53125,-0.125,1.625
8406,8400,1.5625,-0.6875,-1.546875
8407,8400,1.5078125,0.484375,2.953125
8408,8408,0.4375,-0.234375,-1.625
8409,8408,3.0390625,0.015625,-0.84375
8410,8408,0.8984375,0.59375,2.5
8411,8408,1.234375,0.625,3.15625
8412,8408,-0.65625,-1.171875,1.21875
8413,8408,0.0,0.53125,3.515625
8414,8408,2.8515625,0.78125,1.0
8415,8408,0.765625,0.203125,-0.109375
8416,8416,0.96875,0.296875,1.515625
8417,8416,0.5546875,0.53125,5.265625
8418,8416,0.71875,-0.125,0.125
8419,8416,-0.4375,-0.625,0.296875
8420,8416,1.25,0.203125,2.109375
8421,8416,1.2734375,-0.171875,2.078125
8422,8416,-0.40625,-0.4765625,0.5625
8423,8416,0.4921875,-0.1875,1.234375
8424,8424,6.484375,-0.109375,2.984375
8425,8424,-1.375,-0.859375,1.03125
8426,8424,2.046875,0.484375,1.484375
8427,8424,0.515625,-0.234375,4.609375
8428,8424,1.671875,-0.875,1.84375
8429,8424,1.0859375,0.4375,0.09375
8430,8424,0.046875,-0.71875,2.625
8431,8424,-0.984375,1.546875,3.09375
8432,8432,-0.4375,-1.609375,2.0
8433,8432,0.21875,-0.640625,1.53125
8434,8432,2.1171875,-0.171875,1.96875
8435,8432,2.0,-0.65625,1.0
8436,8432,0.46875,-0.484375,-1.25
8437,8432,0.6015625,-0.734375,1.34375
8438,8432,1.34375,1.015625,2.078125
8439,8432,0.34375,0.390625,1.234375
8440,8440,1.03125,-0.421875,1.234375
8441,8440,2.0703125,1.15625,2.203125
8442,8440,0.390625,0.703125,1.375
8443,8440,0.171875,0.015625,-1.453125
8444,8440,1.171875,-0.484375,0.3125
8445,8440,1.828125,-0.421875,2.0625
8446,8440,0.5,-0.140625,-0.078125
8447,8440,2.3671875,-0.40625,3.6875
8448,8448,0.03125,-1.28125,1.296875
8449,8448,1.53125,-0.71875,2.953125
8450,8448,0.7421875,-0.21875,0.890625
8451,8448,1.578125,-0.140625,0.59375
8452,8448,0.3203125,1.078125,-0.5
8453,8448,0.8359375,-0.234375,0.375
8454,8448,1.453125,-0.265625,4.53125
8455,8448,1.3359375,0.859375,2.71875
8456,8456,1.421875,-0.65625,0.171875
8457,8456,0.265625,1.4375,3.921875
8458,8456,1.3125,-0.609375,-0.3125
8459,8456,3.9609375,1.265625,1.296875
8460,8456,0.8828125,1.53125,1.625
8461,8456,0.265625,-1.125,0.015625
8462,8456,0.03125,-1.28125,1.296875
8463,8456,1.078125,-0.28125,0.75
8464,8464,1.671875,-1.1640625,5.09375
8465,8464,0.375,0.34375,2.75
8466,8464,-0.296875,0.296875,1.859375
8467,8464,3.515625,-0.421875,0.1875
8468,8464,1.640625,-0.75,1.03125
8469,8464,0.9453125,-0.828125,1.875
8470,8464,2.09375,2.65625,5.515625
8471,8464,1.4609375,0.625,2.171875
8472,8472,0.3046875,-0.15625,0.1875
8473,8472,1.4375,1.65625,5.6640625
8474,8472,0.3515625,1.484375,2.5625
8475,8472,2.421875,0.34375,1.28125
8476,8472,0.65625,-0.828125,4.046875
8477,8472,-0.4609375,-0.15625,1.1875
8478,8472,-0.9609375,-0.1875,1.0625
8479,8472,4.3984375,0.546875,5.65625
8480,8480,0.359375,1.0625,4.171875
8481,8480,0.4296875,0.015625,4.515625
8482,8480,-0.59375,0.8125,4.8125
8483,8480,-0.1171875,1.828125,1.640625
8484,8480,0.84375,-1.265625,0.359375
8485,8480,1.046875,0.8125,2.09375
8486,8480,0.421875,1.03125,0.53125
8487,8480,0.96875,0.734375,5.90625
8488,8488,1.5390625,-0.59375,2.453125
8489,8488,0.9765625,-0.515625,0.546875
8490,8488,1.34375,-0.484375,3.125
8491,8488,2.59375,1.734375,4.09375
8492,8488,1.546875,-0.234375,-0.3125
8493,8488,2.4765625,1.09375,-0.109375
8494,8488,-0.5625,0.375,-0.046875
8495,8488,0.828125,1.078125,4.8125
8496,8496,1.078125,0.25,1.421875
8497,8496,0.4921875,0.1875,1.90625
8498,8496,1.359375,-0.375,0.390625
8499,8496,-0.7734375,-1.03125,0.796875
8500,8496,-1.96875,-0.6875,-1.125
8501,8496,0.21875,-0.59375,0.53125
8502,8496,2.7265625,0.875,1.515625
8503,8496,0.21875,0.03125,-1.359375
8504,8504,-0.3984375,1.046875,3.15625
8505,8504,0.0,-0.328125,2.5625
8506,8504,2.2421875,0.734375,0.609375
8507,8504,-0.2421875,1.375,2.984375
8508,8504,-1.25,-0.5625,2.796875
8509,8504,0.0,-0.328125,2.5625
8510,8504,2.40625,-1.265625,0.15625
8511,8504,1.0625,0.921875,2.921875
8512,8512,1.3125,-0.84375,-0.796875
8513,8512,0.015625,-0.421875,-0.609375
8514,8512,2.3671875,-0.65625,1.265625
8515,8512,1.140625,0.9375,1.65625
8516,8512,4.3125,0.0,0.84375
8517,8512,0.875,0.484375,1.984375
8518,8512,1.65625,-1.046875,1.0625
8519,8512,0.515625,0.171875,0.4375
8520,8520,0.34375,-0.1875,3.078125
8521,8520,-0.109375,0.25,1.546875
8522,8520,0.9921875,0.3125,0.90625
8523,8520,-1.4765625,-0.046875,0.203125
8524,8520,0.8828125,0.75,0.828125
8525,8520,1.9296875,-0.546875,4.6875
8526,8520,3.34375,0.484375,3.921875
8527,8520,1.859375,-0.234375,2.296875
8528,8528,0.859375,0.75,5.1875
8529,8528,2.65625,0.3125,-2.625
8530,8528,1.125,0.703125,1.421875
8531,8528,0.546875,0.546875,0.140625
8532,8528,-1.0546875,0.578125,0.5625
8533,8528,0.8828125,-0.65625,-0.484375
8534,8528,1.5,0.4375,5.140625
8535,8528,1.734375,-0.546875,-1.96875
8536,8536,-0.515625,0.359375,2.4375
8537,8536,1.2109375,2.390625,3.703125
8538,8536,3.375,1.859375,6.515625
8539,8536,-1.515625,-0.875,0.078125
8540,8536,2.1953125,0.328125,0.6875
8541,8536,-1.625,-0.4375,1.71875
8542,8536,0.625,0.390625,0.59375
8543,8536,0.3515625,1.484375,2.5625
8544,8544,2.75,0.234375,-0.109375
8545,8544,0.21875,-0.640625,1.53125
8546,8544,0.296875,0.859375,2.046875
8547,8544,0.90625,-0.484375,-1.265625
8548,8544,-1.5234375,-0.09375,1.640625
8549,8544,0.59375,-0.140625,-2.453125
8550,8544,-0.2578125,-0.140625,-1.46875
8551,8544,-0.1484375,-0.296875,1.171875
8552,8552,1.2109375,1.0,1.953125
8553,8552,1.28125,-0.765625,3.578125
8554,8552,2.2265625,0.375,4.46875
8555,8552,-0.546875,-0.375,-0.0625
8556,8552,1.9765625,0.640625,3.984375
8557,8552,0.078125,0.71875,1.40625
8558,8552,1.890625,0.171875,4.984375
8559,8552,-0.609375,1.578125,1.5625
8560,8560,1.1171875,1.4375,0.828125
8561,8560,1.9296875,-0.546875,4.6875
8562,8560,0.84375,-1.265625,0.359375
8563,8560,-0.484375,-0.046875,1.1875
8564,8560,1.9140625,1.078125,1.0
8565,8560,0.28125,0.390625,1.1875
8566,8560,0.390625,0.21875,0.4375
8567,8560,1.0546875,2.15625,3.28125
8568,8568,-0.078125,1.734375,1.96875
8569,8568,2.3984375,-0.578125,1.140625
8570,8568,1.765625,3.671875,7.890625
8571,8568,-1.0546875,0.453125,1.890625
8572,8568,2.84375,0.671875,6.7734375
8573,8568,1.2265625,1.40625,1.265625
8574,8568,3.1171875,1.390625,7.4765625
8575,8568,1.109375,-0.5625,1.0
8576,8576,-0.1875,-0.125,-0.609375
8577,8576,1.1171875,0.515625,2.953125
8578,8576,1.2734375,0.78125,4.59375
8579,8576,-1.28125,-3.015625,-0.8125
8580,8576,0.8125,0.125,0.265625
8581,8576,-0.21875,-1.609375,0.390625
8582,8576,-2.4765625,0.9375,-1.625
8583,8576,3.4140625,-1.234375,-3.015625
8584,8584,1.796875,0.34375,0.65625
8585,8584,-5.5625,-1.65625,1.859375
8586,8584,0.25,0.4921875,1.171875
8587,8584,-1.5859375,1.109375,1.671875
8588,8584,0.3984375,0.8125,3.015625
8589,8584,0.1328125,-1.4765625,2.890625
8590,8584,-1.0078125,-0.5,1.375
8591,8584,-3.2734375,-0.5,-1.625
8592,8592,-2.1953125,0.375,1.171875
8593,8592,2.859375,1.390625,2.0
8594,8592,-7.015625,-0.203125,2.953125
8595,8592,-1.3203125,-1.515625,1.296875
8596,8592,1.40625,0.140625,3.0
8597,8592,-0.5703125,1.828125,2.59375
8598,8592,-1.0390625,-0.859375,1.546875
8599,8592,-1.2578125,-2.453125,0.890625
8600,8600,-2.6484375,1.5234375,3.96875
8601,8600,-1.7734375,2.03125,2.515625
8602,8600,-0.984375,-0.5,0.515625
8603,8600,-0.46875,-0.4375,1.71875
8604,8600,-1.234375,0.9453125,1.59375
8605,8600,3.984375,1.3359375,2.21875
8606,8600,-0.3359375,0.40625,0.90625
8607,8600,-3.5078125,-1.7265625,-6.5703125
8608,8608,-3.1875,0.21875,-1.921875
8609,8608,-3.3671875,1.375,-1.6875
8610,8608,5.171875,0.8125,1.109375
8611,8608,-2.265625,0.8515625,1.234375
8612,8608,-0.6796875,-0.171875,0.75
8613,8608,-0.4609375,0.015625,-0.03125
8614,8608,-5.75,0.390625,1.75
8615,8608,1.46875,0.046875,2.109375
8616,8616,0.2421875,1.078125,1.296875
8617,8616,-1.4609375,-0.484375,1.40625
8618,8616,3.078125,-0.421875,1.53125
8619,8616,2.0078125,-1.0,2.34375
8620,8616,-3.1328125,0.359375,3.5625
8621,8616,1.15625,1.3828125,5.53125
8622,8616,-1.75,-1.40625,-3.03125
8623,8616,-2.4921875,-0.09375,-1.953125
8624,8624,-0.1328125,-1.34375,0.3125
8625,8624,-2.296875,0.125,0.0
8626,8624,-0.46875,1.109375,1.515625
8627,8624,-2.65625,-1.34375,1.515625
8628,8624,-2.5703125,1.046875,4.59375
8629,8624,2.4609375,-0.171875,-0.28125
8630,8624,0.03125,1.0546875,2.390625
8631,8624,2.3203125,1.7890625,7.1875
8632,8632,-2.09375,-1.578125,1.328125
8633,8632,1.3671875,0.28125,0.234375
8634,8632,-0.578125,0.234375,0.921875
8635,8632,-5.34375,-0.375,0.078125
8636,8632,3.0546875,1.203125,4.28125
8637,8632,0.984375,1.578125,1.6875
8638,8632,-0.0234375,-1.2578125,-2.359375
8639,8632,-0.234375,1.140625,3.40625
8640,8640,-1.15625,0.046875,1.796875
8641,8640,1.53125,3.46875,7.3125
8642,8640,-3.7265625,0.3671875,3.015625
8643,8640,-0.0859375,0.78125,-1.1875
8644,8640,-0.3984375,1.1796875,2.25
8645,8640,-0.3671875,-1.1640625,1.1875
8646,8640,-0.640625,0.015625,-0.484375
8647,8640,0.984375,0.9921875,5.1875
8648,8648,0.3828125,-0.625,-1.796875
8649,8648,-1.4453125,0.46875,0.640625
8650,8648,0.3046875,1.8203125,5.890625
8651,8648,1.1796875,-0.4765625,2.140625
8652,8648,-0.5,1.1875,8.15625
8653,8648,-0.7421875,-0.921875,-2.484375
8654,8648,-0.8046875,0.625,1.71875
8655,8648,0.6171875,-0.375,-0.53125
8656,8656,1.6015625,-2.71875,-1.703125
8657,8656,-0.2109375,-1.234375,3.546875
8658,8656,3.3828125,-1.0625,0.671875
8659,8656,-2.4765625,1.46875,1.265625
8660,8656,-1.15625,0.34375,1.71875
8661,8656,-2.3828125,1.3984375,2.234375
8662,8656,2.453125,0.125,0.546875
8663,8656,3.203125,0.59375,1.5
8664,8664,-3.9140625,-1.703125,0.28125
8665,8664,0.875,-0.234375,2.75
8666,8664,-0.5703125,0.296875,2.046875
8667,8664,3.734375,1.2578125,2.5625
8668,8664,0.8984375,-0.09375,2.328125
8669,8664,0.3828125,-1.0,0.484375
8670,8664,1.8671875,0.75,1.546875
8671,8664,-1.125,0.890625,1.5
8672,8672,1.109375,0.4375,4.046875
8673,8672,-1.0,1.953125,7.125
8674,8672,-4.2421875,0.0,0.578125
8675,8672,-0.3671875,-0.4375,3.671875
8676,8672,-2.34375,-0.046875,0.484375
8677,8672,-2.0859375,-1.15625,1.59375
8678,8672,2.359375,-0.5,2.5625
8679,8672,-1.078125,-0.75,1.375
8680,8680,-0.1171875,-2.625,1.46875
8681,8680,-0.7734375,1.109375,1.75
8682,8680,1.90625,0.296875,2.046875
8683,8680,-2.5859375,-1.546875,-0.484375
8684,8680,-0.8203125,-1.3203125,-2.609375
8685,8680,-0.9375,-1.390625,1.46875
8686,8680,3.765625,-1.015625,1.203125
8687,8680,0.1796875,-1.4453125,1.109375
8688,8688,2.0234375,0.25,-0.09375
8689,8688,-2.1328125,-1.6640625,2.09375
8690,8688,-0.4375,1.4140625,3.109375
8691,8688,-3.046875,-2.5546875,1.34375
8692,8688,-3.6875,-0.375,1.328125
8693,8688,-2.765625,1.2734375,6.1875
8694,8688,-1.4453125,1.140625,2.15625
8695,8688,-0.265625,0.921875,2.65625
8696,8696,-0.3359375,-1.109375,0.671875
8697,8696,0.1328125,-1.359375,3.84375
8698,8696,3.2578125,0.9375,7.15625
8699,8696,0.578125,-1.171875,1.203125
8700,8696,0.1484375,-0.046875,3.84375
8701,8696,-2.4921875,-0.515625,2.625
8702,8696,-2.9453125,1.1875,3.859375
8703,8696,0.1328125,2.5078125,8.8125
8704,8704,-2.9140625,-0.265625,1.234375
8705,8704,1.2734375,-1.109375,0.390625
8706,8704,-2.0,-1.515625,1.78125
8707,8704,0.671875,0.609375,-1.25
8708,8704,-1.671875,-0.28125,-5.328125
8709,8704,-1.8203125,-0.9296875,-0.15625
8710,8704,-1.109375,-0.421875,-0.234375
8711,8704,0.546875,0.40625,3.234375
8712,8712,3.1875,0.578125,4.75
8713,8712,-0.4375,-0.171875,2.0
8714,8712,-3.3203125,-0.421875,1.640625
8715,8712,-1.859375,-0.859375,0.96875
8716,8712,-2.2421875,-1.109375,-1.546875
8717,8712,2.34375,-1.34375,1.640625
8718,8712,1.53125,-1.203125,-1.28125
8719,8712,-0.703125,-0.828125,-1.625
8720,8720,0.796875,0.5625,0.59375
8721,8720,0.3828125,0.140625,1.140625
8722,8720,-0.7734375,-0.453125,1.65625
8723,8720,-4.7890625,-1.609375,-4.1875
8724,8720,3.0390625,1.40625,0.78125
8725,8720,-0.53125,2.09375,8.7578125
8726,8720,-2.6796875,-2.2734375,0.5
8727,8720,-2.125,-0.78125,-1.375
8728,8728,-2.234375,-1.125,-1.203125
8729,8728,-2.4453125,-1.09375,0.5625
8730,8728,-1.9453125,-0.34375,2.578125
8731,8728,0.8671875,2.53125,2.046875
8732,8728,-1.0546875,-0.75,0.359375
8733,8728,-1.90625,-1.6640625,-0.125
8734,8728,-3.1171875,-0.109375,2.40625
8735,8728,0.59375,-1.515625,1.90625
8736,8736,0.9609375,2.0703125,-4.390625
8737,8736,1.7734375,1.15625,1.125
8738,8736,2.8125,0.203125,0.8125
8739,8736,2.046875,-0.5703125,2.1875
8740,8736,0.8828125,1.6328125,7.921875
8741,8736,-3.765625,-0.109375,0.90625
8742,8736,-0.2265625,0.03125,1.5
8743,8736,-1.65625,0.9453125,1.28125
8744,8744,2.25,-0.09375,-2.015625
8745,8744,-1.421875,-1.375,0.1875
8746,8744,-1.4921875,1.1796875,-0.390625
8747,8744,1.5234375,-1.375,-6.015625
8748,8744,2.0234375,0.7421875,1.828125
8749,8744,9.2890625,0.5625,3.875
8750,8744,-2.8359375,-0.109375,0.671875
8751,8744,1.609375,1.765625,1.203125
8752,8752,2.4453125,-0.109375,1.71875
8753,8752,-2.078125,-1.578125,-0.375
8754,8752,-3.2109375,-0.390625,0.484375
8755,8752,2.828125,0.7109375,4.875
8756,8752,1.4296875,-0.3125,0.53125
8757,8752,0.28125,0.265625,0.875
8758,8752,0.703125,-0.25,3.0
8759,8752,-0.359375,-1.1015625,-1.5
8760,8760,-1.9296875,0.515625,2.265625
8761,8760,2.265625,0.21875,1.21875
8762,8760,0.6640625,0.65625,-1.390625
8763,8760,-0.265625,0.015625,1.859375
8764,8760,-2.328125,0.4375,3.375
8765,8760,3.140625,1.75,3.546875
8766,8760,-1.296875,0.59375,3.203125
8767,8760,2.15625,-1.8515625,1.734375
8768,8768,-0.2109375,0.09375,1.421875
8769,8768,-1.390625,2.828125,7.390625
8770,8768,-0.6875,1.4140625,2.625
8771,8768,0.1953125,0.421875,-2.0625
8772,8768,2.4921875,-0.5,1.859375
8773,8768,2.46875,1.375,0.6875
8774,8768,2.3828125,0.734375,-0.34375
8775,8768,-0.5234375,1.1953125,1.0625
8776,8776,2.9453125,0.0,0.34375
8777,8776,-0.1953125,0.234375,0.625
8778,8776,1.0546875,-0.359375,0.40625
8779,8776,3.8671875,0.4375,0.9375
8780,8776,3.9375,0.9765625,0.703125
8781,8776,-0.03125,0.03125,0.421875
8782,8776,0.609375,-0.1875,-0.203125
8783,8776,5.921875,0.8125,1.296875
8784,8784,1.6171875,0.1484375,0.515625
8785,8784,1.5546875,0.6875,0.796875
8786,8784,1.828125,0.8125,0.875
8787,8784,4.6328125,1.015625,0.671875
8788,8784,0.296875,-0.015625,0.03125
8789,8784,3.4296875,0.984375,1.734375
8790,8784,2.0546875,-0.265625,0.484375
8791,8784,0.3359375,0.734375,0.625
8792,8792,-0.453125,-0.3125,0.484375
8793,8792,0.8046875,0.15625,0.59375
8794,8792,-0.4140625,0.5,1.8125
8795,8792,2.65625,0.1875,0.140625
8796,8792,0.75,-0.3125,0.765625
8797,8792,2.671875,0.359375,-0.046875
8798,8792,0.0234375,-0.421875,0.390625
8799,8792,-0.6640625,0.734375,0.734375
8800,8800,-0.6328125,0.7578125,0.609375
8801,8800,1.4296875,0.625,1.8125
8802,8800,1.2421875,0.203125,0.734375
8803,8800,0.9921875,1.2578125,0.4375
8804,8800,2.6015625,0.140625,-0.078125
8805,8800,0.859375,-0.0078125,0.390625
8806,8800,0.2734375,0.7265625,0.71875
8807,8800,1.0546875,0.8125,0.5
8808,8808,1.84375,0.046875,0.203125
8809,8808,0.8125,0.078125,0.84375
8810,8808,2.3125,0.4296875,0.546875
8811,8808,1.28125,0.5,0.4375
8812,8808,0.171875,0.5546875,0.890625
8813,8808,0.7578125,-0.046875,0.21875
8814,8808,2.4609375,-0.015625,0.71875
8815,8808,3.0859375,1.015625,1.828125
8816,8816,1.4609375,-0.015625,0.125
8817,8816,-0.8359375,0.15625,0.1875
8818,8816,2.140625,0.84375,0.84375
8819,8816,2.59375,0.828125,2.296875
8820,8816,1.21875,0.078125,0.75
8821,8816,3.6484375,-0.84375,0.234375
8822,8816,1.9765625,0.25,-0.265625
8823,8816,0.8984375,1.0703125,1.015625
8824,8824,3.96875,1.140625,1.65625
8825,8824,3.5234375,0.375,-0.0625
8826,8824,3.171875,0.359375,1.078125
8827,8824,0.9453125,0.21875,-0.09375
8828,8824,0.9453125,0.9296875,0.296875
8829,8824,2.96875,0.3359375,1.453125
8830,8824,0.296875,-0.265625,0.0625
8831,8824,2.078125,0.9453125,0.3125
8832,8832,-1.9453125,0.21875,0.6875
8833,8832,-0.9453125,1.1953125,0.59375
8834,8832,5.2734375,2.09375,1.375
8835,8832,1.34375,-0.265625,0.078125
8836,8832,1.4140625,0.46875,0.65625
8837,8832,2.453125,0.8515625,1.046875
8838,8832,0.5234375,0.40625,0.984375
8839,8832,1.0703125,-1.0,-0.109375
8840,8840,0.53125,-0.078125,0.609375
8841,8840,0.3359375,0.5625,0.421875
8842,8840,2.7890625,0.03125,0.515625
8843,8840,-0.8046875,0.109375,0.453125
8844,8840,3.2109375,0.2890625,0.75
8845,8840,1.9375,1.046875,1.09375
8846,8840,1.78125,0.203125,0.59375
8847,8840,1.1796875,0.453125,0.234375
8848,8848,1.609375,1.0703125,-0.421875
8849,8848,2.4609375,0.6875,1.109375
8850,8848,0.65625,0.7109375,0.546875
8851,8848,2.1796875,0.09375,0.515625
8852,8848,1.0859375,0.75,1.015625
8853,8848,1.5078125,1.4375,0.46875
8854,8848,1.8828125,-0.6171875,0.40625
8855,8848,4.0078125,1.5390625,1.421875
8856,8856,1.0703125,0.0,0.546875
8857,8856,0.234375,-0.21875,0.421875
8858,8856,0.9921875,0.3125,0.75
8859,8856,2.78125,0.8828125,1.640625
8860,8856,1.1171875,-0.296875,0.5625
8861,8856,0.8515625,0.5625,0.609375
8862,8856,2.5234375,-0.09375,0.203125
8863,8856,0.71875,-0.15625,0.625
8864,8864,4.828125,1.3671875,1.40625
8865,8864,0.078125,0.0390625,0.265625
8866,8864,2.46875,0.546875,0.703125
8867,8864,-0.3671875,0.0,0.484375
8868,8864,1.4453125,1.296875,1.359375
8869,8864,-1.984375,0.234375,0.96875
8870,8864,0.6953125,1.1015625,1.125
8871,8864,1.6015625,0.875,0.484375
8872,8872,0.28125,0.109375,0.640625
8873,8872,0.4140625,0.875,0.46875
8874,8872,1.8984375,0.296875,0.484375
8875,8872,2.4296875,0.53125,-0.15625
8876,8872,0.6015625,-1.0,-0.09375
8877,8872,1.375,0.1875,0.3125
8878,8872,2.3984375,-0.140625,0.578125
8879,8872,3.9375,1.5625,0.671875
8880,8880,1.484375,0.3203125,0.484375
8881,8880,1.8359375,-0.1875,0.359375
8882,8880,2.3828125,0.859375,1.0625
8883,8880,1.2578125,0.78125,1.140625
8884,8880,-1.5234375,0.46875,0.0
8885,8880,0.5390625,-0.21875,0.25
8886,8880,-0.015625,1.84375,0.953125
8887,8880,1.5390625,-0.3125,0.546875
8888,8888,2.6953125,1.34375,0.5625
8889,8888,3.59375,0.3125,1.03125
8890,8888,3.125,1.703125,0.953125
8891,8888,5.0546875,2.2578125,2.328125
8892,8888,-0.8046875,0.25,0.421875
8893,8888,1.53125,-0.109375,0.28125
8894,8888,2.8515625,1.1953125,0.78125
8895,8888,3.3671875,0.28125,0.859375
8896,8896,3.0,0.6171875,0.890625
8897,8896,3.2421875,1.640625,-0.171875
8898,8896,4.1171875,0.203125,-0.28125
8899,8896,0.578125,-0.375,0.53125
8900,8896,2.2890625,2.6875,2.015625
8901,8896,0.0546875,-0.125,0.625
8902,8896,3.28125,-0.140625,0.078125
8903,8896,1.1171875,0.296875,0.234375
8904,8904,1.453125,0.359375,0.71875
8905,8904,2.3515625,0.09375,0.46875
8906,8904,1.15625,0.140625,0.25
8907,8904,2.0,0.84375,1.875
8908,8904,0.75,0.953125,1.09375
8909,8904,3.640625,0.953125,1.625
8910,8904,1.2578125,0.53125,0.859375
8911,8904,1.03125,0.265625,0.5625
8912,8912,-0.71875,0.6640625,0.71875
8913,8912,-1.0859375,1.9453125,1.28125
8914,8912,3.046875,1.8125,1.078125
8915,8912,2.703125,1.203125,1.1875
8916,8912,1.4765625,0.5859375,0.078125
8917,8912,2.0,0.6484375,0.9375
8918,8912,3.5,1.5078125,0.421875
8919,8912,2.3515625,0.5625,1.40625
8920,8920,-2.3828125,0.21875,0.421875
8921,8920,2.4609375,0.46875,1.5
8922,8920,0.015625,0.5546875,0.828125
8923,8920,0.3125,0.8828125,1.015625
8924,8920,0.859375,-0.3671875,0.734375
8925,8920,-0.0859375,-0.3125,0.484375
8926,8920,-0.4921875,0.4375,0.703125
8927,8920,2.34375,2.2265625,1.796875
8928,8928,2.9453125,0.96875,0.234375
8929,8928,1.375,-0.0390625,0.265625
8930,8928,3.390625,1.203125,1.84375
8931,8928,0.1171875,0.78125,1.140625
8932,8928,2.0625,1.75,0.96875
8933,8928,-0.28125,2.3125,1.625
8934,8928,2.078125,0.40625,1.28125
8935,8928,0.21875,0.03125,0.359375
8936,8936,-0.328125,0.28125,0.875
8937,8936,1.59375,0.4453125,0.640625
8938,8936,0.671875,0.1875,0.484375
8939,8936,2.296875,0.296875,1.265625
8940,8936,2.453125,1.21875,0.3125
8941,8936,0.1328125,0.7578125,0.90625
8942,8936,5.046875,1.046875,1.578125
8943,8936,5.0,0.828125,-0.03125
8944,8944,2.375,-0.28125,0.875
8945,8944,-2.3359375,-0.28125,0.296875
8946,8944,-0.7265625,-0.140625,0.15625
8947,8944,-0.2578125,0.71875,0.5
8948,8944,2.953125,0.046875,0.84375
8949,8944,-0.4453125,0.328125,0.640625
8950,8944,-1.671875,-0.015625,0.390625
8951,8944,1.046875,0.171875,0.390625
8952,8952,0.2578125,0.4609375,0.71875
8953,8952,-0.03125,0.84375,1.234375
8954,8952,1.4140625,1.0,0.53125
8955,8952,3.0625,0.640625,0.09375
8956,8952,0.7109375,0.7890625,0.875
8957,8952,0.40625,0.359375,0.65625
8958,8952,0.4609375,-0.34375,0.640625
8959,8952,3.296875,1.1171875,2.28125
8960,8960,3.3359375,1.8515625,0.59375
8961,8960,2.3359375,-0.328125,-0.546875
8962,8960,2.4765625,0.921875,0.515625
8963,8960,4.5078125,0.890625,2.03125
8964,8960,1.5859375,0.046875,0.5
8965,8960,-1.484375,0.84375,-0.3125
8966,8960,-1.140625,0.375,0.65625
8967,8960,0.3828125,-0.09375,0.671875
8968,8968,-3.7578125,-3.90625,-1.390625
8969,8968,2.078125,-3.984375,1.234375
8970,8968,3.46875,-3.5234375,-0.25
8971,8968,5.6015625,0.40625,1.203125
8972,8968,2.1484375,-4.2578125,-0.6875
8973,8968,3.5234375,-1.4375,0.40625
8974,8968,4.5,-4.6875,-1.546875
8975,8968,1.1875,-2.421875,-0.484375
8976,8976,4.8359375,-0.703125,1.09375
8977,8976,2.7734375,-3.9921875,-0.578125
8978,8976,-0.6015625,-2.6875,0.328125
8979,8976,2.0390625,-1.21875,1.921875
8980,8976,3.6171875,-4.78125,-0.4375
8981,8976,1.65625,-3.921875,1.046875
8982,8976,-0.8828125,-4.3359375,-3.046875
8983,8976,1.9296875,-5.15625,0.078125
8984,8984,2.0625,-1.8125,-0.953125
8985,8984,4.375,-1.109375,1.25
8986,8984,5.234375,-3.8203125,-0.765625
8987,8984,2.6875,0.578125,0.5625
8988,8984,1.1953125,-2.78125,-1.328125
8989,8984,0.921875,-0.203125,1.1875
8990,8984,-0.390625,-3.546875,-0.078125
8991,8984,3.484375,-2.328125,0.234375
8992,8992,0.0390625,-4.8515625,0.90625
8993,8992,4.5078125,-3.3515625,-0.109375
8994,8992,1.296875,-4.0,0.46875
8995,8992,-0.1953125,-3.25,-3.65625
8996,8992,2.5078125,1.03125,1.015625
8997,8992,1.265625,-4.0625,-1.296875
8998,8992,1.96875,-3.5625,-1.390625
8999,8992,4.453125,-0.234375,0.09375
9000,9000,1.9921875,-1.203125,0.328125
9001,9000,0.2265625,-2.46875,0.078125
9002,9000,0.7109375,-0.28125,0.65625
9003,9000,2.3203125,-5.3515625,-1.34375
9004,9000,3.0390625,-4.2109375,-0.03125
9005,9000,1.8671875,0.484375,1.484375
9006,9000,0.3984375,-4.140625,-1.921875
9007,9000,3.5078125,-3.4375,0.265625
9008,9008,-0.4140625,-4.9296875,-1.609375
9009,9008,3.6640625,-0.1875,-2.71875
9010,9008,3.2109375,0.03125,2.015625
9011,9008,1.140625,-1.0,0.578125
9012,9008,1.90625,-3.9765625,-1.9375
9013,9008,1.6171875,-3.03125,-1.296875
9014,9008,1.0390625,-3.21875,1.140625
9015,9008,5.859375,1.875,0.953125
9016,9016,2.0703125,-4.28125,-0.078125
9017,9016,2.9296875,-3.1171875,0.171875
9018,9016,3.859375,-4.40625,-0.109375
9019,9016,-0.1640625,-4.5703125,0.046875
9020,9016,2.9765625,-4.234375,-3.8125
9021,9016,4.390625,-3.109375,-0.640625
9022,9016,2.03125,-3.46875,-0.078125
9023,9016,3.046875,-3.640625,0.21875
9024,9024,1.3984375,-2.09375,0.671875
9025,9024,-0.7421875,-2.2734375,0.53125
9026,9024,0.0703125,-4.171875,-1.078125
9027,9024,3.7109375,-1.46875,0.3125
9028,9024,4.5546875,-3.25,-0.6875
9029,9024,1.0234375,0.3125,1.6875
9030,9024,3.125,-0.34375,1.125
9031,9024,2.359375,0.875,3.171875
9032,9032,1.5546875,-5.3125,-0.0625
9033,9032,2.828125,-2.6640625,-0.203125
9034,9032,3.0390625,-3.6171875,-3.5625
9035,9032,-2.5703125,-2.640625,0.109375
9036,9032,1.4609375,-3.4296875,-0.203125
9037,9032,5.15625,-2.8359375,-2.140625
9038,9032,3.3125,-4.4765625,0.59375
9039,9032,5.1875,0.640625,1.109375
9040,9040,2.2890625,-4.1328125,-0.125
9041,9040,3.3359375,-0.921875,0.78125
9042,9040,1.8984375,-0.15625,0.90625
9043,9040,-0.8828125,-4.3046875,-1.1875
9044,9040,1.6640625,-1.4375,0.6875
9045,9040,0.578125,-5.4296875,0.34375
9046,9040,0.09375,-3.1875,-1.3125
9047,9040,2.9765625,0.109375,1.28125
9048,9048,3.578125,-0.53125,1.15625
9049,9048,1.125,-4.3515625,0.390625
9050,9048,2.25,-0.203125,1.140625
9051,9048,1.8203125,-4.96875,1.109375
9052,9048,-0.6640625,-1.90625,0.984375
9053,9048,4.5625,-4.8125,-3.578125
9054,9048,4.921875,-3.8125,0.328125
9055,9048,0.6328125,-3.5859375,-1.15625
9056,9056,1.6875,-4.6484375,-3.15625
9057,9056,2.09375,-1.65625,1.34375
9058,9056,3.1875,-4.875,-0.6875
9059,9056,3.0078125,-4.53125,-2.6875
9060,9056,1.78125,-3.828125,0.46875
9061,9056,6.0546875,-4.9140625,-2.984375
9062,9056,1.8828125,-4.0703125,0.234375
9063,9056,3.1953125,-4.4296875,-1.078125
9064,9064,-0.5,-3.2890625,0.375
9065,9064,2.0078125,-0.421875,1.453125
9066,9064,3.7734375,3.734375,0.890625
9067,9064,5.9296875,3.09375,2.25
9068,9064,7.4453125,3.78125,3.359375
9069,9064,3.1640625,1.625,1.359375
9070,9064,2.7578125,3.75,2.78125
9071,9064,7.359375,3.5234375,1.4375
9072,9072,5.265625,3.875,3.703125
9073,9072,1.1015625,1.375,2.34375
9074,9072,5.3984375,4.21875,3.84375
9075,9072,5.71875,3.0703125,3.109375
9076,9072,1.0625,1.1875,1.9375
9077,9072,3.8828125,2.0,1.75
9078,9072,2.5234375,1.53125,-0.390625
9079,9072,4.8984375,-3.9609375,-1.171875
9080,9080,1.8046875,3.8984375,3.84375
9081,9080,3.2734375,3.5234375,2.296875
9082,9080,6.9765625,2.8828125,1.390625
9083,9080,2.3359375,-0.078125,0.515625
9084,9080,4.8125,4.125,1.90625
9085,9080,5.0546875,3.515625,2.5
9086,9080,-0.6015625,0.796875,0.890625
9087,9080,2.8203125,0.71875,1.15625
9088,9088,6.8984375,3.6796875,4.328125
9089,9088,6.34375,3.03125,2.671875
9090,9088,1.84375,-0.515625,0.421875
9091,9088,9.03125,3.296875,3.640625
9092,9088,3.65625,2.796875,2.375
9093,9088,3.7421875,3.5625,1.640625
9094,9088,4.203125,1.828125,1.265625
9095,9088,4.2421875,2.9453125,3.296875
9096,9096,3.1640625,2.3984375,1.84375
9097,9096,3.5078125,3.3515625,2.21875
9098,9096,5.234375,4.0234375,2.96875
9099,9096,5.390625,3.359375,1.96875
9100,9096,4.359375,2.703125,2.390625
9101,9096,6.265625,3.328125,1.671875
9102,9096,3.2734375,3.6328125,3.6875
9103,9096,2.546875,1.34375,0.03125
9104,9104,2.6640625,0.953125,0.9375
9105,9104,2.84375,3.21875,0.796875
9106,9104,3.7421875,3.734375,2.546875
9107,9104,3.9765625,3.015625,2.09375
9108,9104,2.5234375,3.796875,2.25
9109,9104,3.40625,3.03125,3.265625
9110,9104,3.7421875,1.84375,1.640625
9111,9104,1.046875,-0.34375,4.515625
9112,9112,5.5546875,3.484375,2.078125
9113,9112,3.5,3.578125,4.015625
9114,9112,4.453125,2.890625,2.546875
9115,9112,3.046875,2.234375,2.09375
9116,9112,1.1328125,2.625,2.59375
9117,9112,4.203125,3.5703125,3.796875
9118,9112,3.9375,-0.59375,0.609375
9119,9112,5.2421875,3.8125,3.0625
9120,9120,2.6328125,-0.59375,0.5625
9121,9120,0.4609375,0.40625,1.46875
9122,9120,5.25,2.484375,2.15625
9123,9120,1.4921875,3.1171875,2.109375
9124,9120,5.4609375,2.4140625,2.109375
9125,9120,7.3359375,3.6796875,3.390625
9126,9120,5.640625,3.625,4.546875
9127,9120,4.625,4.3515625,2.171875
9128,9128,4.3125,2.125,1.421875
9129,9128,4.6015625,4.1875,1.625
9130,9128,8.7578125,3.9921875,2.921875
9131,9128,6.140625,3.578125,2.828125
9132,9128,4.2265625,2.40625,2.421875
9133,9128,5.4765625,3.5390625,2.3125
9134,9128,8.7734375,3.6875,3.515625
9135,9128,4.3203125,3.1796875,2.53125
9136,9136,-0.8359375,1.8984375,1.125
9137,9136,2.171875,2.046875,1.53125
9138,9136,5.1328125,3.1875,1.796875
9139,9136,4.1796875,2.4296875,2.203125
9140,9136,4.5078125,2.2109375,1.828125
9141,9136,1.7890625,3.234375,2.15625
9142,9136,1.5859375,1.9375,0.984375
9143,9136,8.3125,4.2578125,5.890625
9144,9144,5.2734375,2.6484375,2.40625
9145,9144,1.90625,2.9140625,2.4375
9146,9144,7.375,3.6640625,2.484375
9147,9144,8.5859375,3.3046875,2.0625
9148,9144,3.421875,2.3671875,2.703125
9149,9144,2.375,0.765625,1.3125
9150,9144,4.6953125,0.734375,1.09375
9151,9144,0.5703125,2.0,1.640625
9152,9152,4.5078125,0.0,1.46875
9153,9152,2.109375,2.78125,2.828125
9154,9152,3.78125,4.0234375,4.609375
9155,9152,2.5390625,2.609375,1.671875
9156,9152,4.671875,2.1875,0.953125
9157,9152,3.4296875,3.046875,4.453125
9158,9152,5.7421875,3.140625,2.390625
9159,9152,3.2890625,2.5859375,0.8125
9160,9160,4.875,3.6953125,2.546875
9161,9160,0.140625,1.65625,2.75
9162,9160,3.359375,-2.2890625,0.65625
9163,9160,0.328125,-1.1171875,-0.71875
9164,9160,1.515625,-0.4140625,-0.5625
9165,9160,4.1328125,-0.5078125,-2.765625
9166,9160,2.3359375,1.34375,-1.421875
9167,9160,-2.2109375,-0.5703125,1.203125
9168,9168,4.0,-1.375,-3.671875
9169,9168,0.1015625,-0.546875,-2.421875
9170,9168,0.2421875,0.1328125,-0.6875
9171,9168,5.296875,0.515625,0.375
9172,9168,-0.6796875,1.671875,4.8125
9173,9168,3.1953125,2.1875,2.921875
9174,9168,-1.765625,0.375,0.640625
9175,9168,2.0703125,2.3359375,0.40625
9176,9176,2.9921875,1.6484375,-1.578125
9177,9176,3.9609375,0.5,5.0
9178,9176,10.375,3.15625,0.875
9179,9176,1.078125,-1.984375,-3.65625
9180,9176,0.8984375,-0.1015625,-0.84375
9181,9176,-1.03125,-1.4140625,-1.453125
9182,9176,0.390625,-1.3515625,-2.1484375
9183,9176,-0.09375,-0.09375,-2.796875
9184,9184,-1.546875,-1.515625,-2.21875
9185,9184,4.375,0.90625,0.859375
9186,9184,1.3125,0.90625,0.671875
9187,9184,3.640625,0.75,1.234375
9188,9184,-3.3046875,-0.3984375,-0.640625
9189,9184,1.2734375,1.078125,2.625
9190,9184,-1.8203125,0.0,-1.78125
9191,9184,-0.96875,3.2734375,-3.765625
9192,9192,6.53125,-0.421875,-1.265625
9193,9192,-0.375,1.828125,3.4375
9194,9192,-0.8046875,-0.5390625,0.375
9195,9192,2.2109375,0.421875,0.578125
9196,9192,-5.03125,-1.3046875,0.4375
9197,9192,3.9921875,0.015625,1.46875
9198,9192,-3.3359375,-0.3203125,-0.0625
9199,9192,5.1328125,1.0,3.125
9200,9200,-5.5390625,-0.6484375,2.515625
9201,9200,1.8515625,1.8671875,3.71875
9202,9200,1.4375,3.0546875,2.90625
9203,9200,1.921875,1.3359375,0.390625
9204,9200,4.015625,-3.9609375,-4.921875
9205,9200,-3.8046875,-1.28125,0.75
9206,9200,-1.5078125,1.125,-1.84375
9207,9200,-1.4765625,-3.4609375,-2.9296875
9208,9208,5.0546875,-0.09375,-4.78125
9209,9208,5.95703125,-1.75,-0.21875
9210,9208,-0.59375,-0.921875,-3.1796875
9211,9208,-1.7265625,-0.84375,0.015625
9212,9208,-0.2734375,-0.6796875,-1.203125
9213,9208,2.9140625,-0.9296875,-1.34375
9214,9208,-2.65625,-1.6328125,-3.3203125
9215,9208,3.8125,-0.34375,-1.59375
9216,9216,1.59375,-0.265625,-0.484375
9217,9216,0.9921875,-0.0703125,1.640625
9218,9216,-3.765625,0.828125,0.75
9219,9216,1.2421875,0.171875,0.046875
9220,9216,-0.8125,-0.4765625,-1.15625
9221,9216,-1.65625,-0.515625,-0.1875
9222,9216,-0.390625,-1.53125,-2.671875
9223,9216,4.703125,-2.875,-4.3125
9224,9224,-0.1015625,-0.875,-0.96875
9225,9224,-1.2890625,-0.8359375,-2.6796875
9226,9224,1.09375,-0.609375,-1.234375
9227,9224,-0.0703125,-1.625,-0.5703125
9228,9224,1.578125,0.3125,0.5
9229,9224,5.8671875,-0.2421875,-4.4375
9230,9224,2.8828125,-2.15625,-4.5703125
9231,9224,1.984375,-0.7890625,-0.46875
9232,9232,-0.8984375,-0.4140625,-1.828125
9233,9232,-4.7421875,-7.15625,-5.078125
9234,9232,6.21875,-1.3515625,-2.421875
9235,9232,4.234375,0.796875,0.625
9236,9232,-1.9609375,-1.9765625,-0.1015625
9237,9232,2.859375,-0.7890625,0.0625
9238,9232,5.2890625,2.21875,1.828125
9239,9232,1.1796875,-2.484375,-4.484375
9240,9240,-4.4765625,-1.1328125,-1.203125
9241,9240,4.09375,0.1015625,-2.3125
9242,9240,4.171875,-0.296875,1.03125
9243,9240,-4.5234375,-0.875,-3.203125
9244,9240,-2.0859375,-1.578125,-0.671875
9245,9240,4.3046875,-1.6640625,-3.6875
9246,9240,1.9375,-2.0390625,-2.359375
9247,9240,-1.046875,1.4296875,-1.28125
9248,9248,0.8984375,-3.4296875,-4.515625
9249,9248,7.109375,0.0078125,-0.859375
9250,9248,-2.4609375,0.078125,-1.109375
9251,9248,-1.578125,-1.015625,-3.28125
9252,9248,-3.7109375,-0.46875,-1.078125
9253,9248,-0.8203125,-1.7421875,-3.328125
9254,9248,-1.578125,0.453125,-0.5625
9255,9248,-0.2578125,-1.84375,-0.6171875
9256,9256,0.1640625,-2.359375,-1.875
9257,9256,0.0078125,-5.0546875,-3.4765625
9258,9256,2.046875,1.7109375,-0.03125
9259,9256,0.515625,-0.8828125,-2.0
9260,9256,0.7578125,-1.9140625,-0.4375
9261,9256,1.4296875,-0.5703125,0.9375
9262,9256,0.703125,-0.9140625,-0.3125
9263,9256,6.9375,-2.40625,-0.609375
9264,9264,-3.90625,0.875,2.140625
9265,9264,0.0,-1.7421875,-3.875
9266,9264,3.8203125,-0.53125,0.15625
9267,9264,-1.96875,-2.7734375,-2.4375
9268,9264,-2.5,-2.71875,-1.7890625
9269,9264,3.8203125,-0.53125,0.15625
9270,9264,-5.578125,-3.03125,-3.40625
9271,9264,-2.8046875,-1.1875,-0.125
9272,9272,-0.015625,-0.65625,-2.5234375
9273,9272,-2.296875,1.1953125,-0.34375
9274,9272,-2.65625,-2.1015625,-1.2578125
9275,9272,0.21875,-0.3203125,0.015625
9276,9272,0.609375,-1.7109375,-1.859375
9277,9272,-3.625,0.0234375,-2.578125
9278,9272,2.7421875,-1.8984375,-4.9453125
9279,9272,2.2421875,-2.296875,-5.0390625
9280,9280,-0.7109375,-0.578125,-3.03125
9281,9280,-0.5078125,0.421875,-3.078125
9282,9280,3.7734375,-2.8515625,-1.125
9283,9280,7.46875,-2.0625,-2.953125
9284,9280,0.3515625,2.265625,-1.859375
9285,9280,1.9375,-0.921875,-1.21875
9286,9280,8.8046875,0.1328125,0.59375
9287,9280,6.875,1.96875,-1.09375
9288,9288,4.4609375,-3.1484375,-2.671875
9289,9288,-2.265625,-1.3671875,-4.5078125
9290,9288,-6.59375,-0.8828125,0.109375
9291,9288,2.5078125,-0.2734375,-1.796875
9292,9288,-1.15625,-0.625,-0.6875
9293,9288,6.53125,-1.9765625,-3.515625
9294,9288,-3.3828125,-0.15625,0.46875
9295,9288,-1.0703125,1.3046875,-0.84375
9296,9296,-0.5625,0.34375,-0.796875
9297,9296,-2.234375,0.0546875,1.421875
9298,9296,1.6484375,-0.9453125,2.015625
9299,9296,3.171875,-3.7734375,-5.3125
9300,9296,-0.1640625,-2.4765625,-1.2578125
9301,9296,2.875,-1.6953125,-4.90625
9302,9296,2.75,2.0078125,-2.578125
9303,9296,-1.796875,0.421875,0.515625
9304,9304,0.671875,-1.5390625,-1.1875
9305,9304,2.3984375,0.6875,-0.359375
9306,9304,-3.8046875,-1.28125,0.75
9307,9304,6.140625,-1.765625,-2.53125
9308,9304,0.734375,-1.4140625,-1.703125
9309,9304,1.828125,-3.4765625,-5.6015625
9310,9304,-1.703125,-0.2109375,0.609375
9311,9304,3.7890625,0.515625,-0.28125
9312,9312,6.296875,0.171875,-2.484375
9313,9312,-0.90625,-1.34375,-2.953125
9314,9312,5.5703125,0.140625,-2.75
9315,9312,-1.6640625,-1.96875,-0.8515625
9316,9312,-0.28125,-0.71875,-1.03125
9317,9312,-1.984375,0.4453125,-0.421875
9318,9312,3.5859375,-3.3671875,-1.28125
9319,9312,-3.53125,-0.4140625,0.171875
9320,9320,5.1328125,-2.0078125,-2.953125
9321,9320,-0.3359375,-0.5625,-2.6484375
9322,9320,0.375,0.5625,0.84375
9323,9320,-0.484375,1.5859375,3.71875
9324,9320,0.2578125,-0.984375,-0.390625
9325,9320,1.859375,1.53125,3.109375
9326,9320,-0.9921875,-0.5703125,-0.4375
9327,9320,-4.1640625,-0.2890625,-1.046875
9328,9328,-1.25,-0.125,-0.09375
9329,9328,1.625,-2.4921875,-2.65625
9330,9328,-4.25,-0.5703125,0.90625
9331,9328,7.0859375,-0.640625,0.1875
9332,9328,-2.234375,-0.9375,-1.5859375
9333,9328,-1.8671875,-1.109375,-1.328125
9334,9328,1.6328125,-0.6015625,-1.21875
9335,9328,4.6875,-1.65625,-0.625
9336,9336,-1.796875,-4.0546875,-1.171875
9337,9336,1.5546875,0.4765625,-1.28125
9338,9336,-2.0546875,1.2890625,0.65625
9339,9336,2.3046875,0.2734375,-2.515625
9340,9336,-4.34375,-1.4921875,-1.6875
9341,9336,0.734375,-0.9140625,-2.015625
9342,9336,-0.8828125,-0.125,3.46875
9343,9336,4.09375,-1.203125,-3.171875
9344,9344,-2.3828125,2.7890625,1.078125
9345,9344,-3.546875,-1.203125,-0.640625
9346,9344,-0.9375,-0.359375,-1.84375
9347,9344,-1.4140625,0.0078125,-0.1875
9348,9344,-1.3046875,-4.21875,-2.640625
9349,9344,0.734375,-1.015625,-1.171875
9350,9344,-0.5,-1.609375,-0.90625
9351,9344,0.4140625,2.7734375,-0.59375
9352,9352,-3.6953125,-2.7890625,-2.515625
9353,9352,-1.484375,-2.6953125,0.1328125
9354,9352,7.7734375,0.3984375,-0.09375
9355,9352,-0.515625,-3.3671875,-6.640625
9356,9352,3.859375,-0.4140625,-0.734375
9357,9352,-1.3515625,-1.1015625,-1.390625
9358,9352,-5.59375,-0.671875,0.671875
9359,9352,-1.4609375,-0.1015625,-1.546875
9360,9360,-2.5390625,-3.453125,-2.453125
9361,9360,-2.0859375,-1.7265625,0.6015625
9362,9360,-3.9140625,0.578125,-0.65625
9363,9360,3.109375,-2.4453125,-4.21875
9364,9360,0.4296875,-0.2578125,-0.8125
9365,9360,0.234375,1.484375,-0.859375
9366,9360,-0.8125,0.1953125,-0.15625
9367,9360,-0.625,-4.5078125,-5.734375
9368,9368,-1.7578125,4.0,-1.671875
9369,9368,-1.4765625,0.0390625,-0.890625
9370,9368,-2.0546875,-1.2265625,-3.6171875
9371,9368,-0.90625,0.34375,1.625
9372,9368,-4.5546875,0.5703125,0.5
9373,9368,-0.9921875,-0.171875,-2.125
9374,9368,-4.8125,-2.3828125,-1.59375
9375,9368,6.484375,-2.9609375,-4.59375
9376,9376,-1.3359375,-1.25,-0.6484375
9377,9376,3.484375,-1.4609375,-2.140625
9378,9376,7.546875,1.28125,-1.65625
9379,9376,0.3203125,-1.1640625,-4.1875
9380,9376,1.546875,-0.28125,4.609375
9381,9376,1.8046875,0.0625,-1.359375
9382,9376,-1.625,0.2421875,-0.71875
9383,9376,0.6015625,-0.5234375,-1.546875
9384,9384,-0.25,0.0703125,-0.84375
9385,9384,-4.234375,-1.734375,-5.5546875
9386,9384,-0.4921875,-2.625,-2.046875
9387,9384,-1.3046875,-1.09375,-1.78125
9388,9384,2.7734375,0.1328125,-0.515625
9389,9384,-0.0859375,-0.640625,0.875
9390,9384,-3.125,-1.078125,-2.1015625
9391,9384,-1.328125,0.59375,0.03125
9392,9392,0.59375,-0.65625,-3.96875
9393,9392,-2.21875,0.4453125,0.0625
9394,9392,3.2578125,-1.5546875,-3.9765625
9395,9392,4.9921875,0.3125,-1.625
9396,9392,0.75,-3.390625,-4.0703125
9397,9392,-0.71875,-2.421875,-2.671875
9398,9392,1.1484375,-0.4609375,-1.015625
9399,9392,4.1640625,-1.234375,-3.8828125
9400,9400,1.2109375,-0.8515625,-1.5546875
9401,9400,0.2265625,-0.078125,-2.375
9402,9400,3.328125,-1.140625,-4.8125
9403,9400,-4.265625,-0.09375,-0.546875
9404,9400,-2.390625,-0.75,-1.46875
9405,9400,-0.6171875,-0.7890625,-1.25
9406,9400,0.484375,-1.375,-0.453125
9407,9400,-0.390625,0.1328125,-0.28125
9408,9408,4.671875,0.359375,0.671875
9409,9408,-2.5078125,1.8046875,0.625
9410,9408,0.015625,-0.3984375,-1.421875
9411,9408,-0.546875,3.3125,1.9375
9412,9408,-2.59375,-0.109375,-2.515625
9413,9408,0.2109375,1.5859375,2.90625
9414,9408,-0.703125,-1.0234375,-2.09375
9415,9408,3.296875,-0.09375,-0.125
9416,9416,3.375,3.3046875,3.59375
9417,9416,2.3203125,0.390625,2.25
9418,9416,-0.6875,0.03125,1.125
9419,9416,6.2265625,-0.96875,-1.0625
9420,9416,1.59375,1.2109375,-4.265625
9421,9416,2.515625,0.109375,1.171875
9422,9416,-3.25,1.109375,5.2109375
9423,9416,-2.109375,0.7109375,4.015625
9424,9424,0.734375,1.5390625,-1.90625
9425,9424,-2.6484375,-0.703125,-0.4375
9426,9424,-0.703125,-0.703125,0.09375
9427,9424,0.0,-0.875,-1.265625
9428,9424,0.03125,-0.1640625,-3.25
9429,9424,6.828125,-1.125,-0.3125
9430,9424,7.73046875,1.796875,0.21875
9431,9424,2.359375,-3.4375,-2.328125
9432,9432,-3.5234375,-1.3046875,-1.859375
9433,9432,0.78125,-0.109375,-0.328125
9434,9432,-0.296875,-2.09375,-2.3984375
9435,9432,-1.96875,-0.3125,0.125
9436,9432,-1.1328125,0.390625,0.21875
9437,9432,-2.203125,-1.515625,-2.0703125
9438,9432,0.40625,0.2421875,-1.671875
9439,9432,2.8828125,-2.0703125,-3.53125
9440,9440,3.828125,0.203125,-0.75
9441,9440,-1.6484375,1.0390625,-0.734375
9442,9440,-2.1015625,0.453125,0.3125
9443,9440,-1.4140625,0.6875,1.421875
9444,9440,6.74609375,2.734375,3.578125
9445,9440,3.0625,0.1953125,0.46875
9446,9440,0.71875,-1.484375,-3.5
9447,9440,-2.921875,1.6328125,3.21875
9448,9448,2.953125,2.28125,0.453125
9449,9448,3.40625,-2.125,-2.03125
9450,9448,0.75390625,3.015625,0.921875
9451,9448,1.3828125,1.96875,2.703125
9452,9448,3.46875,0.015625,1.046875
9453,9448,1.4296875,-0.6875,-0.09375
9454,9448,5.3125,0.78125,-0.125
9455,9448,-1.46875,-0.2890625,-2.421875
9456,9456,-2.2265625,-2.765625,-3.671875
9457,9456,3.609375,0.25,-1.796875
9458,9456,2.6875,-2.7734375,-0.0625
9459,9456,3.0546875,-1.078125,-4.1875
9460,9456,3.2109375,-3.390625,-4.8359375
9461,9456,5.4765625,0.84375,-1.640625
9462,9456,3.96875,-0.015625,1.078125
9463,9456,-2.6015625,-0.859375,-1.3125
9464,9464,7.3671875,-1.2109375,-2.328125
9465,9464,-3.2578125,-1.59375,-3.359375
9466,9464,-0.7421875,-1.6171875,-1.375
9467,9464,-3.21875,-2.4296875,-3.703125
9468,9464,0.0703125,-0.8828125,1.234375
9469,9464,4.4375,0.890625,2.1875
9470,9464,-1.859375,-0.84375,-3.203125
9471,9464,2.2421875,-1.109375,-3.09375
9472,9472,2.328125,0.9453125,2.25
9473,9472,5.828125,-2.640625,-5.953125
9474,9472,3.6484375,-1.6328125,-1.703125
9475,9472,0.2109375,1.9140625,-0.75
9476,9472,3.09375,0.2890625,-2.140625
9477,9472,-1.21875,-2.5,-4.53125
9478,9472,4.703125,2.15625,-2.234375
9479,9472,1.5546875,-1.609375,-1.625
9480,9480,-2.8828125,-0.6484375,-2.1953125
9481,9480,-0.3515625,-4.1953125,-1.1015625
9482,9480,1.8828125,-2.5,-4.46875
9483,9480,-1.453125,-3.3515625,-1.09375
9484,9480,0.4140625,-1.96875,-2.8515625
9485,9480,-2.5625,-1.3359375,-0.84375
9486,9480,2.09375,-1.0546875,-1.7890625
9487,9480,2.2578125,0.09375,-1.796875
9488,9488,0.9453125,-0.3828125,-0.875
9489,9488,0.4609375,-2.0234375,-4.625
9490,9488,3.78125,-0.53125,-3.4375
9491,9488,0.6953125,-1.453125,0.21875
9492,9488,0.859375,-3.9765625,-1.578125
9493,9488,-3.96875,-3.359375,-1.5078125
9494,9488,4.375,0.859375,-2.890625
9495,9488,-2.03125,-0.171875,-4.0546875
9496,9496,-4.421875,1.8203125,1.328125
9497,9496,3.7109375,-0.34375,-1.46875
9498,9496,0.9296875,-0.6484375,0.6796875
9499,9496,6.1640625,-1.0234375,0.4375
9500,9496,2.8671875,-2.7734375,-2.9921875
9501,9496,-1.015625,-2.2890625,-0.375
9502,9496,-0.03125,-0.8125,-1.5703125
9503,9496,-2.1796875,1.03125,-2.109375
9504,9504,0.78125,0.640625,2.765625
9505,9504,2.9453125,-2.40625,-4.5703125
9506,9504,-1.359375,-1.7578125,-1.171875
9507,9504,-2.953125,-0.65625,2.84375
9508,9504,1.4453125,-3.390625,-4.5546875
9509,9504,3.9140625,-1.1328125,-0.90625
9510,9504,1.765625,-0.5546875,-0.328125
9511,9504,1.890625,1.25,3.296875
9512,9512,-1.515625,-0.5546875,-2.28125
9513,9512,-1.6953125,0.515625,-1.609375
9514,9512,3.3984375,3.5703125,3.609375
9515,9512,6.296875,0.4375,-3.421875
9516,9512,7.0546875,-0.3046875,-0.203125
9517,9512,-2.5390625,-0.1484375,-1.65625
9518,9512,-0.21875,0.015625,0.03125
9519,9512,-0.078125,-0.5546875,-1.65625
9520,9520,0.2109375,-3.671875,-2.03125
9521,9520,-3.703125,0.2890625,-0.609375
9522,9520,5.15625,-0.359375,0.0
9523,9520,-1.8828125,-3.15625,-1.3125
9524,9520,-1.9609375,-0.4296875,-1.03125
9525,9520,-1.3046875,0.359375,-0.59375
9526,9520,-0.046875,0.5234375,-0.515625
9527,9520,6.5390625,0.96875,-0.296875
9528,9528,2.734375,-1.3203125,-2.640625
9529,9528,-5.1796875,-0.21875,-2.453125
9530,9528,-3.921875,0.3125,4.3828125
9531,9528,5.9453125,-0.3125,-2.140625
9532,9528,-5.4140625,-0.828125,1.015625
9533,9528,-3.015625,-0.515625,-0.9765625
9534,9528,-2.25,0.1328125,-1.453125
9535,9528,3.640625,-3.90625,-4.25
9536,9536,0.8359375,-3.0390625,-3.703125
9537,9536,1.4296875,0.75,0.875
9538,9536,-0.1875,-1.5078125,-1.96875
9539,9536,1.921875,-1.140625,-0.5
9540,9536,-0.0625,-1.34375,-0.15625
9541,9536,-1.3828125,-3.421875,-1.8203125
9542,9536,1.7109375,0.296875,-1.921875
9543,9536,-2.71875,-2.3125,-1.265625
9544,9544,2.2265625,-3.3671875,-4.359375
9545,9544,-0.6640625,1.3046875,-0.046875
9546,9544,4.4453125,-0.3984375,0.5
9547,9544,2.546875,-0.34375,0.125
9548,9544,0.671875,-4.0625,-1.0859375
9549,9544,3.296875,-4.8671875,-4.2578125
9550,9544,-3.6640625,-0.328125,-0.1875
9551,9544,3.3515625,-0.6796875,-1.921875
9552,9552,6.5390625,-1.171875,-0.5
9553,9552,-1.3515625,-3.03125,-0.796875
9554,9552,-1.90625,1.3203125,-2.0234375
9555,9552,-3.1015625,-0.3046875,-0.34375
9556,9552,-1.984375,-0.4609375,-2.75
9557,9552,0.4296875,1.1015625,-0.4375
9558,9552,-5.96875,0.0625,-0.140625
9559,9552,5.296875,-0.4921875,-1.609375
9560,9560,3.4609375,-2.0859375,-4.796875
9561,9560,4.3828125,0.3125,-0.625
9562,9560,-0.21875,-1.96875,-1.234375
9563,9560,-3.828125,1.484375,-1.21875
9564,9560,0.984375,-3.3125,-2.125
9565,9560,-3.25,0.1953125,-1.703125
9566,9560,-3.6875,0.4765625,-1.625
9567,9560,2.0,-0.234375,-2.015625
9568,9568,5.4921875,-2.6015625,-2.1875
9569,9568,5.21875,-2.21875,-2.234375
9570,9568,1.828125,-3.4765625,-5.6015625
9571,9568,-4.6328125,-2.265625,-1.09375
9572,9568,4.2578125,-2.296875,-0.828125
9573,9568,-1.2265625,-0.34375,-1.765625
9574,9568,3.171875,-3.7734375,-5.3125
9575,9568,0.03125,-2.6796875,-1.1171875
9576,9576,2.875,-1.6953125,-4.90625
9577,9576,3.6796875,-1.9765625,-2.3125
9578,9576,-1.8984375,-2.15625,-1.8046875
9579,9576,6.65625,-0.90625,-4.4140625
9580,9576,1.7265625,-1.7109375,-2.609375
9581,9576,4.34375,-0.15625,-1.21875
9582,9576,-0.0625,0.671875,-2.171875
9583,9576,2.5546875,-1.1953125,-2.671875
9584,9584,-0.53125,0.0703125,-0.703125
9585,9584,-1.1171875,-1.140625,-1.125
9586,9584,3.59375,-2.84375,-3.09375
9587,9584,2.3046875,-3.734375,-4.265625
9588,9584,7.21875,-0.59375,-3.8125
9589,9584,2.96875,-1.4609375,-2.03125
9590,9584,0.3671875,-5.1953125,-3.046875
9591,9584,1.8359375,-0.2265625,-0.109375
9592,9592,-0.7265625,-1.4140625,-3.65625
9593,9592,-1.9375,-1.3046875,-0.3125
9594,9592,-1.09375,-3.6015625,-1.4453125
9595,9592,1.671875,2.0703125,4.046875
9596,9592,1.9140625,-0.703125,-1.734375
9597,9592,0.328125,0.890625,-0.75
9598,9592,0.453125,-0.7109375,-2.234375
9599,9592,4.015625,-2.2890625,-0.640625
9600,9600,1.3984375,-1.1796875,-0.8046875
9601,9600,6.8125,-1.171875,-0.78125
9602,9600,4.6015625,-2.5,-1.3125
9603,9600,1.3984375,-1.1796875,-0.8046875
9604,9600,-3.1875,0.9609375,0.3125
9605,9600,-3.359375,-0.6875,-0.234375
9606,9600,-3.71875,0.5390625,0.21875
9607,9600,9.2734375,-1.0546875,-1.15625
9608,9608,1.3828125,-0.4375,-0.5625
9609,9608,-1.546875,-1.5703125,-2.0859375
9610,9608,-0.6484375,-0.828125,0.21875
9611,9608,-1.96875,-0.046875,-3.8515625
9612,9608,-2.8828125,-1.890625,-2.3828125
9613,9608,0.3671875,-5.1953125,-3.046875
9614,9608,-0.3359375,-0.1015625,-0.484375
9615,9608,0.703125,0.9296875,-1.484375
9616,9616,-1.71875,-0.5625,0.859375
9617,9616,-0.5546875,-3.75,-0.6484375
9618,9616,-3.8359375,2.4140625,3.171875
9619,9616,-5.4140625,-0.359375,-1.25
9620,9616,-1.4921875,-1.3046875,-1.515625
9621,9616,-3.53125,-0.515625,2.53125
9622,9616,-0.7421875,0.6328125,-1.7421875
9623,9616,-3.46875,-0.21875,-0.765625
9624,9624,3.1640625,-0.125,0.515625
9625,9624,1.0859375,-3.9140625,-1.5078125
9626,9624,0.765625,-0.234375,-2.03125
9627,9624,-2.8359375,-1.640625,-0.8515625
9628,9624,0.6171875,1.2890625,-1.578125
9629,9624,6.5546875,-3.40625,-4.203125
9630,9624,-0.9609375,1.6953125,1.453125
9631,9624,-2.046875,-1.703125,-1.0625
9632,9632,5.4921875,1.21875,-1.390625
9633,9632,-1.2890625,3.359375,0.078125
9634,9632,-1.2109375,2.125,-0.78125
9635,9632,2.8125,0.7890625,-0.875
9636,9632,3.9375,-1.84375,-1.75
9637,9632,-0.0625,0.515625,1.28125
9638,9632,-0.265625,0.0625,0.90625
9639,9632,-3.1640625,1.1796875,0.703125
9640,9640,2.7421875,2.7109375,2.765625
9641,9640,5.390625,-1.9140625,-3.609375
9642,9640,4.3046875,-3.109375,-3.546875
9643,9640,-0.078125,-3.5390625,-2.1875
9644,9640,-4.3125,-0.390625,-1.0625
9645,9640,-0.71875,0.078125,-0.46875
9646,9640,0.5859375,2.2578125,-1.8125
9647,9640,0.1171875,0.453125,-1.140625
9648,9648,-4.3984375,-0.1328125,1.6875
9649,9648,-2.125,-2.3984375,-0.96875
9650,9648,4.61328125,-0.1015625,-0.84375
9651,9648,4.84375,-1.3046875,-2.046875
9652,9648,1.7109375,-1.4140625,-3.34375
9653,9648,0.1640625,-0.8828125,-3.984375
9654,9648,-1.390625,1.3125,-0.765625
9655,9648,-1.0625,1.015625,-0.40625
9656,9656,-0.8203125,-0.703125,-0.609375
9657,9656,4.453125,0.15625,1.109375
9658,9656,-2.109375,-0.7734375,2.234375
9659,9656,1.6640625,-0.4921875,-1.8359375
9660,9656,-1.7578125,-1.3515625,-0.953125
9661,9656,-4.0078125,-1.9609375,-2.359375
9662,9656,-4.1484375,-0.8984375,2.140625
9663,9656,4.5078125,-0.3671875,-3.0390625
9664,9664,0.21875,-2.375,-3.7890625
9665,9664,-3.7734375,-0.9765625,1.078125
9666,9664,3.6953125,-0.75,0.90625
9667,9664,2.28125,-0.09375,-0.328125
9668,9664,1.7109375,-1.765625,-5.109375
9669,9664,1.640625,1.1328125,3.0
9670,9664,2.34375,0.7890625,-0.171875
9671,9664,5.171875,3.3125,3.875
9672,9672,0.7265625,-0.3359375,-1.96875
9673,9672,1.9765625,-0.375,-0.265625
9674,9672,2.6328125,0.09375,1.75
9675,9672,-3.3984375,1.625,2.515625
9676,9672,3.9375,0.9296875,-1.3125
9677,9672,2.390625,2.515625,3.890625
9678,9672,4.8984375,-2.7578125,-4.421875
9679,9672,-2.1015625,-5.3828125,-2.125
9680,9680,-0.1171875,-1.2734375,-2.25
9681,9680,3.0234375,2.25,-2.40625
9682,9680,-2.2265625,1.1015625,-3.71875
9683,9680,-0.0703125,-0.578125,0.3359375
9684,9680,0.125,-0.265625,-1.8984375
9685,9680,-0.734375,-0.53125,-2.53125
9686,9680,-1.5,-0.984375,-2.9765625
9687,9680,-0.1875,-2.1328125,-2.671875
9688,9688,7.578125,-2.0234375,-1.578125
9689,9688,0.546875,-1.671875,-1.6796875
9690,9688,4.3203125,-1.453125,-2.46875
9691,9688,1.6875,-2.703125,-3.8125
9692,9688,2.25,-1.0078125,-3.765625
9693,9688,0.8046875,0.46875,0.359375
9694,9688,3.4296875,-3.4296875,-3.8125
9695,9688,-1.0703125,-3.8828125,-3.828125
9696,9696,5.2734375,-2.84375,-4.140625
9697,9696,3.109375,-1.6484375,0.03125
9698,9696,3.234375,-5.734375,-3.40625
9699,9696,1.4921875,1.7265625,2.140625
9700,9696,2.9453125,-2.140625,-5.1953125
9701,9696,-0.7109375,-0.234375,1.046875
9702,9696,-0.484375,-2.1796875,-1.03125
9703,9696,-5.015625,0.6328125,0.703125
9704,9704,-5.15625,-2.6640625,-3.90625
9705,9704,-0.125,-0.7265625,0.015625
9706,9704,3.0234375,-0.578125,0.4375
9707,9704,-6.453125,-0.03125,-0.015625
9708,9704,-4.7734375,-0.2734375,0.046875
9709,9704,-1.234375,-1.1875,-2.203125
9710,9704,0.8359375,-0.6640625,-2.7578125
9711,9704,-2.1171875,-3.8671875,-2.40625
9712,9712,0.9140625,-2.6875,-1.546875
9713,9712,3.1796875,-4.96875,-4.59375
9714,9712,6.1953125,-2.3984375,-3.296875
9715,9712,-1.0703125,-1.4296875,-1.96875
9716,9712,0.53125,-1.3046875,-3.0625
9717,9712,-0.9296875,0.25,-0.21875
9718,9712,-1.4375,-2.2890625,0.0
9719,9712,0.265625,-1.21875,-2.125
9720,9720,-2.859375,-1.875,-1.8671875
9721,9720,-0.59375,1.8828125,-1.328125
9722,9720,0.4375,1.5859375,-0.5625
9723,9720,3.5,-1.015625,-0.46875
9724,9720,-0.4609375,-0.015625,-0.796875
9725,9720,-0.6875,-2.2578125,-1.453125
9726,9720,-1.8125,-0.9609375,-1.4765625
9727,9720,2.90625,-1.359375,-0.4375
9728,9728,4.5234375,-0.125,-3.421875
9729,9728,-1.390625,-2.03125,-0.875
9730,9728,-3.921875,-1.109375,1.453125
9731,9728,0.4140625,1.046875,-1.0625
9732,9728,0.1484375,0.3671875,2.390625
9733,9728,-4.1640625,-0.609375,4.4375
9734,9728,-1.4453125,1.1796875,-0.90625
9735,9728,0.4375,-2.375,-0.640625
9736,9736,-2.140625,0.578125,-1.84375
9737,9736,-3.7421875,0.3046875,-0.59375
9738,9736,-2.453125,-0.921875,-0.203125
9739,9736,-0.6875,-2.546875,-0.578125
9740,9736,-2.3515625,0.625,-2.328125
9741,9736,-1.3125,-0.2578125,1.796875
9742,9736,-1.09375,-0.2265625,1.234375
9743,9736,-0.296875,-1.546875,-1.0625
9744,9744,1.921875,-1.140625,-0.5
9745,9744,-0.28125,-0.3046875,-0.484375
9746,9744,1.65625,-1.8125,-3.109375
9747,9744,0.734375,-1.375,-2.046875
9748,9744,1.859375,-1.734375,-4.203125
9749,9744,-5.6328125,-2.5078125,-3.1640625
9750,9744,6.8671875,4.5859375,-1.3125
9751,9744,-3.3359375,0.171875,-0.34375
9752,9752,1.1953125,-2.3125,-2.203125
9753,9752,2.5859375,-1.828125,-4.8828125
9754,9752,0.9765625,-2.5390625,-3.328125
9755,9752,2.9375,-0.671875,0.0625
9756,9752,1.3359375,0.3828125,-1.890625
9757,9752,-3.6171875,-3.6484375,-2.1640625
9758,9752,-3.1875,-1.6953125,-1.0625
9759,9752,3.4296875,-0.1953125,-2.703125
9760,9760,-3.2421875,-0.8125,1.140625
9761,9760,-0.6875,3.328125,1.9375
9762,9760,3.609375,1.890625,1.1875
9763,9760,-1.3984375,-0.65625,0.6875
9764,9760,-1.5078125,0.3125,0.3125
9765,9760,2.8046875,-0.28125,-1.015625
9766,9760,4.0390625,0.4765625,0.171875
9767,9760,0.546875,-4.2421875,-3.09375
9768,9768,1.671875,-2.171875,-2.0
9769,9768,2.953125,-1.4921875,-2.734375
9770,9768,-0.0390625,1.6953125,-0.3125
9771,9768,-0.3671875,-0.3828125,-2.28125
9772,9768,-0.96875,-2.6171875,-2.203125
9773,9768,-1.8671875,-1.421875,-4.5625
9774,9768,1.0546875,0.328125,-1.09375
9775,9768,2.765625,1.6015625,-1.625
9776,9776,-4.09375,0.7109375,-1.890625
9777,9776,-0.6953125,-0.109375,-0.9296875
9778,9776,0.71875,-2.25,-1.5625
9779,9776,-1.6875,0.4140625,0.390625
9780,9776,-1.484375,-0.8046875,-1.265625
9781,9776,1.296875,0.546875,-1.484375
9782,9776,2.09375,-3.3515625,-4.4765625
9783,9776,4.1953125,-0.875,-2.6015625
9784,9784,1.546875,0.8046875,-1.109375
9785,9784,1.15625,0.5625,-3.5625
9786,9784,3.546875,-0.2421875,0.859375
9787,9784,3.7109375,-3.265625,-3.09375
9788,9784,3.0546875,-0.609375,-0.703125
9789,9784,0.0703125,-0.8046875,-0.203125
9790,9784,-3.5546875,-1.7265625,-3.203125
9791,9784,4.3359375,1.390625,1.234375
9792,9792,0.3203125,-2.109375,-2.21875
9793,9792,5.7109375,0.1015625,-0.296875
9794,9792,-4.609375,1.3984375,0.640625
9795,9792,-1.203125,0.0546875,-1.484375
9796,9792,-1.8984375,-1.4921875,-1.296875
9797,9792,-4.1328125,-0.6953125,-1.875
9798,9792,-3.25,-0.4140625,0.203125
9799,9792,2.078125,0.3671875,-0.171875
9800,9800,0.453125,0.7578125,0.21875
9801,9800,-0.0234375,-4.84375,-1.5625
9802,9800,0.671875,-0.828125,-1.015625
9803,9800,1.2265625,-0.171875,-2.09375
9804,9800,3.3984375,-1.6015625,-3.6796875
9805,9800,-3.8359375,-1.4375,0.9375
9806,9800,1.75,-1.4765625,-0.640625
9807,9800,-1.390625,-3.4453125,-1.84375
9808,9808,0.59375,-1.421875,-0.890625
9809,9808,3.421875,-0.890625,-3.296875
9810,9808,-0.359375,-0.328125,-0.5
9811,9808,-3.0,-1.6015625,-2.125
9812,9808,3.515625,-0.7109375,-2.5
9813,9808,-0.125,-0.7109375,-0.828125
9814,9808,-3.0,-1.6015625,-2.125
9815,9808,0.0234375,-0.4921875,-1.53125
9816,9816,-0.953125,-2.3515625,-4.1953125
9817,9816,1.1171875,0.34375,-1.90625
9818,9816,0.265625,0.125,0.265625
9819,9816,-1.296875,-0.53125,0.125
9820,9816,-1.1796875,-4.96875,-2.3203125
9821,9816,0.3515625,-1.515625,3.046875
9822,9816,5.2109375,-2.3984375,-3.5
9823,9816,3.046875,-2.453125,-4.015625
9824,9824,4.28125,-2.4375,-4.265625
9825,9824,1.1796875,-0.3671875,-0.3125
9826,9824,-3.5390625,-1.84375,-0.515625
9827,9824,2.3984375,-2.8828125,-1.96875
9828,9824,-1.59375,-0.4296875,-0.8515625
9829,9824,-4.2265625,-2.0234375,0.6875
9830,9824,-5.8671875,1.203125,4.390625
9831,9824,3.5390625,0.2265625,-1.078125
9832,9832,4.3203125,-0.6875,-0.0625
9833,9832,-3.015625,-0.28125,-1.8125
9834,9832,0.515625,-0.453125,-1.421875
9835,9832,-2.09375,0.7421875,-1.875
9836,9832,1.8125,-0.4296875,-1.3359375
9837,9832,1.453125,-0.578125,-0.828125
9838,9832,-0.2578125,-3.625,-5.859375
9839,9832,3.65625,-0.46875,-1.984375
9840,9840,0.4609375,-0.0625,-4.03125
9841,9840,1.25,-0.578125,-1.59375
9842,9840,-2.171875,0.8125,-1.734375
9843,9840,-3.890625,0.2734375,0.3125
9844,9840,2.3828125,2.7578125,-0.90625
9845,9840,0.7734375,0.7890625,-0.15625
9846,9840,-0.53125,-1.265625,-0.34375
9847,9840,1.2890625,3.8203125,5.890625
9848,9848,1.171875,-2.875,-1.421875
9849,9848,-0.875,2.0,2.984375
9850,9848,0.65625,-0.765625,-0.828125
9851,9848,-3.734375,0.953125,-1.015625
9852,9848,2.5390625,-2.8515625,-2.453125
9853,9848,-3.71875,0.703125,3.53125
9854,9848,-1.46875,-1.890625,-2.359375
9855,9848,-2.1171875,-2.4609375,-0.828125
9856,9856,-0.7578125,2.015625,3.78125
9857,9856,-3.0390625,-1.4453125,-0.34375
9858,9856,-1.1015625,-2.4375,0.0
9859,9856,6.0,-2.234375,-2.734375
9860,9856,3.8828125,-0.3828125,0.546875
9861,9856,-3.8359375,-1.2421875,0.0625
9862,9856,0.3984375,1.578125,-1.6171875
9863,9856,2.5078125,0.9453125,-3.890625
9864,9864,2.1640625,-0.4765625,-1.671875
9865,9864,-3.1640625,1.4375,0.828125
9866,9864,2.109375,-0.171875,1.078125
9867,9864,0.6796875,1.390625,-0.046875
9868,9864,-3.71875,2.046875,-1.6875
9869,9864,0.546875,1.984375,1.609375
9870,9864,-2.34375,1.609375,-2.09375
9871,9864,0.75,-0.5859375,-2.4375
9872,9872,-1.421875,-0.640625,-1.484375
9873,9872,-2.09375,-1.5703125,-2.1875
9874,9872,3.5546875,-0.1875,-3.390625
9875,9872,0.59375,-2.1171875,-3.5078125
9876,9872,1.6015625,0.4609375,1.28125
9877,9872,0.9296875,0.1953125,-0.421875
9878,9872,1.796875,-1.7890625,-2.359375
9879,9872,-2.8671875,0.328125,0.921875
9880,9880,-2.3515625,1.0625,0.09375
9881,9880,-2.9140625,-1.796875,-1.546875
9882,9880,-3.4921875,-1.8125,-2.1875
9883,9880,0.265625,0.3984375,-0.609375
9884,9880,6.203125,0.515625,-0.375
9885,9880,0.1875,-1.2265625,-1.375
9886,9880,-0.6796875,-1.9921875,-3.484375
9887,9880,-2.6171875,-3.375,-1.6015625
9888,9888,0.796875,-2.5625,-4.5
9889,9888,7.4296875,0.3984375,1.15625
9890,9888,2.3046875,-3.734375,-4.265625
9891,9888,0.09375,0.6796875,1.0625
9892,9888,4.5546875,0.703125,0.96875
9893,9888,0.1953125,-0.546875,-0.8125
9894,9888,2.9609375,-2.015625,-3.2421875
9895,9888,0.15625,1.5234375,-1.265625
9896,9896,3.4765625,-1.4296875,-0.140625
9897,9896,3.6875,-2.65625,-4.671875
9898,9896,1.625,-0.8671875,-2.5625
9899,9896,3.5234375,-1.6796875,-3.25
9900,9896,3.2109375,-1.03125,-1.15625
9901,9896,-1.8828125,-0.6484375,-3.625
9902,9896,0.3359375,-1.0546875,-3.9921875
9903,9896,1.7578125,2.3359375,-4.078125
9904,9904,-0.4765625,-0.1484375,-1.140625
9905,9904,0.6328125,-1.9296875,-4.2734375
9906,9904,-1.1640625,-1.125,-4.546875
9907,9904,0.53125,-4.203125,-2.40625
9908,9904,2.796875,-0.3828125,-0.125
9909,9904,1.859375,-5.3046875,-2.921875
9910,9904,2.8828125,-3.921875,-4.125
9911,9904,-2.1328125,-3.5625,-2.84375
9912,9912,1.6875,0.4453125,-0.1875
9913,9912,1.1171875,-2.015625,-4.484375
9914,9912,2.328125,-3.65625,-4.5625
9915,9912,1.8671875,-1.484375,-0.875
9916,9912,-0.8984375,-3.1328125,-2.7734375
9917,9912,-0.734375,1.0546875,1.390625
9918,9912,1.4296875,-2.328125,-4.8125
9919,9912,1.7109375,-0.265625,-3.375
9920,9920,3.171875,-3.7734375,-5.3125
9921,9920,-1.1953125,-0.9609375,-2.21875
9922,9920,-3.6015625,2.1640625,2.6875
9923,9920,-2.7265625,0.21875,-1.765625
9924,9920,2.390625,0.5,-1.984375
9925,9920,0.9765625,1.3046875,-3.015625
9926,9920,0.203125,0.265625,-2.546875
9927,9920,-1.59375,-1.015625,0.265625
9928,9928,0.640625,-0.6875,-0.0625
9929,9928,-0.7265625,1.28125,2.21875
9930,9928,3.4921875,0.65625,0.703125
9931,9928,-1.15625,-3.1875,-0.921875
9932,9928,-3.40625,-1.4921875,-5.84375
9933,9928,-2.53125,-1.8046875,-2.6953125
9934,9928,0.390625,-1.109375,-0.5625
9935,9928,-2.796875,-0.3515625,0.015625
9936,9936,-0.3046875,-3.75,-2.796875
9937,9936,4.1953125,-1.625,-5.875
9938,9936,0.3125,1.9140625,-0.875
9939,9936,-0.0703125,-1.71875,-1.703125
9940,9936,0.0703125,-0.2578125,-0.5625
9941,9936,-0.4609375,0.0234375,-2.5546875
9942,9936,0.6484375,-2.8125,-1.8671875
9943,9936,-1.2421875,-1.9453125,-1.265625
9944,9944,-2.7890625,0.0390625,-1.125
9945,9944,0.5546875,2.2265625,-0.46875
9946,9944,2.015625,-4.90625,-3.0
9947,9944,-0.6484375,-0.828125,0.21875
9948,9944,1.6640625,1.75,7.0
9949,9944,-1.46875,-3.1015625,1.4375
9950,9944,-1.5234375,0.1015625,-0.296875
9951,9944,-0.2109375,0.109375,-2.359375
9952,9952,-3.078125,-0.3359375,-0.5
9953,9952,-2.4921875,0.5078125,0.65625
9954,9952,3.1796875,-4.96875,-4.59375
9955,9952,6.1953125,-2.3984375,-3.296875
9956,9952,-0.8359375,-1.2578125,-1.4375
9957,9952,-3.5859375,1.921875,-0.75
9958,9952,2.15625,0.375,0.53125
9959,9952,0.828125,-0.46875,-0.71875
9960,9960,-2.4296875,-0.25,-0.828125
9961,9960,-2.140625,-3.375,-0.328125
9962,9960,5.0234375,1.0,0.359375
9963,9960,4.296875,-1.09375,-1.65625
9964,9960,-1.4453125,-3.8984375,-4.1796875
9965,9960,0.2421875,0.0078125,-0.625
9966,9960,-1.4140625,-3.3671875,-2.234375
9967,9960,-2.6796875,-1.1328125,-2.0703125
9968,9968,0.0859375,-0.6640625,-1.96875
9969,9968,2.0546875,-0.8984375,-0.90625
9970,9968,4.8671875,-1.3515625,-4.2109375
9971,9968,1.0390625,0.15625,-1.265625
9972,9968,3.0,2.390625,0.203125
9973,9968,-0.9375,-0.0390625,-1.203125
9974,9968,3.296875,-0.734375,0.28125
9975,9968,7.0859375,-0.8984375,-4.546875
9976,9976,0.8203125,-0.234375,-4.03125
9977,9976,2.734375,0.171875,0.234375
9978,9976,7.1171875,-0.0390625,2.421875
9979,9976,5.921875,0.5390625,-0.0625
9980,9976,0.359375,0.71875,0.125
9981,9976,2.0703125,-3.0625,-3.875
9982,9976,-3.9765625,-2.0078125,-4.59375
9983,9976,2.5,1.9921875,0.515625
9984,9984,-1.1015625,-0.234375,-4.5
9985,9984,-3.078125,-1.03125,-1.578125
9986,9984,2.40625,-0.625,1.3125
9987,9984,2.296875,-3.2421875,-3.140625
9988,9984,1.421875,1.203125,0.546875
9989,9984,7.93359375,1.6484375,-0.359375
9990,9984,2.65625,0.09375,-0.203125
9991,9984,4.125,1.6328125,2.546875
9992,9992,4.3828125,0.375,-1.15625
9993,9992,0.078125,1.78125,-1.59375
9994,9992,4.2421875,0.1171875,-1.953125
9995,9992,-3.734375,2.484375,0.765625
9996,9992,0.2421875,1.203125,-0.265625
9997,9992,5.09375,2.5078125,3.65625
9998,9992,-1.8203125,0.0859375,1.15625
9999,9992,-2.71875,0.3203125,5.3203125
10000,10000,-2.6953125,0.1484375,-2.28125
10001,10000,-5.21875,-2.734375,0.5625
10002,10000,4.3828125,-0.359375,3.609375
10003,10000,4.6015625,-0.4296875,-0.15625
10004,10000,0.6875,-0.171875,-2.6875
10005,10000,3.0546875,3.1484375,4.15625
10006,10000,0.734375,0.03125,1.53125
10007,10000,-1.8359375,-0.46875,0.609375
10008,10008,2.5390625,-1.3828125,-2.5546875
10009,10008,-0.0625,0.9140625,-0.171875
10010,10008,8.203125,0.8203125,1.203125
10011,10008,5.9375,1.6171875,2.296875
10012,10008,3.3515625,-1.84375,-1.9375
10013,10008,2.6328125,0.7890625,1.46875
10014,10008,-6.8984375,0.4765625,1.53125
10015,10008,3.5,0.703125,1.125
10016,10016,0.765625,0.78125,1.5
10017,10016,5.421875,-0.453125,-0.421875
10018,10016,2.5546875,0.1484375,0.171875
10019,10016,-1.453125,0.0859375,0.140625
10020,10016,-1.8125,2.015625,1.34375
10021,10016,2.1015625,0.1875,-1.359375
10022,10016,2.484375,-0.8125,-1.546875
10023,10016,1.90625,-0.234375,-2.875
10024,10024,-0.0546875,1.4765625,1.875
10025,10024,5.46484375,2.9609375,5.921875
10026,10024,2.046875,-0.34375,-4.078125
10027,10024,-0.1015625,-0.4765625,0.640625
10028,10024,2.1484375,0.21875,-3.109375
10029,10024,1.5625,-0.5546875,-0.109375
10030,10024,2.15625,-1.4921875,-2.25
10031,10024,2.03125,-1.71875,-2.09375
10032,10032,3.0234375,-3.375,-2.265625
10033,10032,4.0390625,0.5234375,-1.0
10034,10032,5.03125,1.234375,1.015625
10035,10032,3.0078125,-1.734375,-1.375
10036,10032,3.2109375,-0.2578125,0.171875
10037,10032,5.98046875,3.171875,3.296875
10038,10032,-1.265625,-1.5,-3.203125
10039,10032,2.6015625,-0.421875,-1.34375
10040,10040,-2.0078125,0.359375,-1.28125
10041,10040,-0.5625,-0.0078125,0.015625
10042,10040,4.578125,-0.4921875,-4.0
10043,10040,-1.3515625,1.3203125,1.21875
10044,10040,-7.36328125,-0.9609375,1.984375
10045,10040,1.4921875,-0.75,0.3125
10046,10040,1.4765625,2.1484375,1.1875
10047,10040,2.0234375,0.125,-2.96875
10048,10048,2.578125,0.1875,1.390625
10049,10048,7.6328125,1.09375,0.0
10050,10048,2.3828125,-1.171875,-1.0
10051,10048,3.4609375,1.421875,-0.15625
10052,10048,1.84375,-0.453125,-4.328125
10053,10048,5.359375,2.2890625,3.3125
10054,10048,-1.3359375,1.15625,2.203125
10055,10048,1.4921875,-0.78125,0.21875
10056,10056,1.5625,0.796875,0.0625
10057,10056,3.046875,-0.09375,-3.21875
10058,10056,4.1328125,0.09375,-0.390625
10059,10056,0.203125,0.6953125,-1.265625
10060,10056,0.078125,1.1015625,-1.09375
10061,10056,1.6015625,1.1953125,-0.796875
10062,10056,3.0859375,1.078125,1.765625
10063,10056,0.828125,1.1015625,1.40625
10064,10064,2.5625,2.015625,2.359375
10065,10064,1.0,-0.171875,-3.453125
10066,10064,-1.46875,1.3125,2.65625
10067,10064,2.0390625,1.0390625,4.234375
10068,10064,-0.4765625,1.359375,1.03125
10069,10064,1.53125,3.4140625,-2.3125
10070,10064,1.46875,-0.171875,-0.78125
10071,10064,3.0078125,1.9609375,4.171875
10072,10072,1.703125,-1.078125,-0.0625
10073,10072,-2.1171875,1.640625,1.4375
10074,10072,-0.84375,-0.3828125,1.484375
10075,10072,-1.6328125,1.3515625,1.578125
10076,10072,1.59375,-1.2578125,-3.640625
10077,10072,2.46875,2.796875,-0.5
10078,10072,0.21875,-1.1015625,-2.328125
10079,10072,-3.03125,-0.890625,-0.546875
10080,10080,3.75,-0.0234375,2.4375
10081,10080,-4.546875,0.234375,2.28125
10082,10080,-4.8046875,-0.921875,-0.046875
10083,10080,-4.8046875,-0.921875,-0.046875
10084,10080,-6.4140625,-0.671875,1.2890625
10085,10080,-4.359375,-0.546875,5.09375
10086,10080,5.421875,2.40625,3.171875
10087,10080,2.8125,1.296875,-0.015625
10088,10088,2.8203125,-0.375,-3.328125
10089,10088,3.1171875,0.9765625,2.296875
10090,10088,-4.8046875,-0.921875,-0.046875
10091,10088,-1.859375,0.6953125,1.203125
10092,10088,-5.34375,-0.109375,1.765625
10093,10088,3.2890625,-1.1171875,-2.453125
10094,10088,-2.453125,-0.84375,1.109375
10095,10088,-0.7421875,0.6015625,2.640625
10096,10096,-3.9140625,-1.953125,-4.0
10097,10096,0.9140625,-1.15625,0.59375
10098,10096,-2.3671875,0.1953125,3.046875
10099,10096,-0.015625,0.9765625,0.78125
10100,10096,2.0546875,0.328125,1.578125
10101,10096,0.2578125,-2.7265625,-2.6875
10102,10096,-2.3515625,-2.1171875,-3.8984375
10103,10096,-6.4921875,-1.78125,-2.921875
10104,10104,0.046875,0.078125,-0.6875
10105,10104,-2.546875,-2.6171875,-1.53125
10106,10104,6.7578125,-1.84375,-2.3125
10107,10104,1.5859375,-0.6015625,-0.4375
10108,10104,-0.8203125,-0.875,-1.109375
10109,10104,-2.453125,-0.0078125,0.515625
10110,10104,1.1953125,-1.515625,-4.59375
10111,10104,1.5546875,1.7890625,0.0625
10112,10112,7.1953125,0.90625,-0.640625
10113,10112,-4.3671875,-0.71875,-1.171875
10114,10112,1.46875,1.6328125,-3.296875
10115,10112,-2.7265625,-0.90625,-0.28125
10116,10112,-1.6640625,1.6328125,1.71875
10117,10112,-1.65625,0.5390625,-0.3125
10118,10112,3.078125,-0.703125,-2.84375
10119,10112,-4.3515625,-3.1171875,-1.46875
10120,10120,-0.8203125,1.4765625,1.625
10121,10120,-8.3203125,-0.03125,-0.703125
10122,10120,-3.57421875,0.46875,-0.109375
10123,10120,2.078125,-0.8203125,-0.796875
10124,10120,0.953125,-0.7265625,1.859375
10125,10120,2.2421875,2.09375,0.703125
10126,10120,3.828125,1.8984375,0.6875
10127,10120,0.953125,-1.046875,-3.0
10128,10128,4.7578125,-0.3125,-0.125
10129,10128,-4.3828125,0.859375,3.46875
10130,10128,2.328125,0.3515625,2.1875
10131,10128,0.0625,-0.2578125,-2.7578125
10132,10128,7.21875,1.578125,3.625
10133,10128,-0.8046875,0.9375,1.703125
10134,10128,-2.5234375,-1.421875,-1.28125
10135,10128,5.3203125,-0.03125,-1.078125
10136,10136,-4.859375,-1.7578125,3.1875
10137,10136,-3.40625,-0.53125,0.890625
10138,10136,-4.0625,-0.2734375,1.65625
10139,10136,-5.48828125,-0.0625,1.703125
10140,10136,-5.6328125,-0.21875,1.234375
10141,10136,-3.1484375,0.6875,2.21875
10142,10136,-6.8359375,0.140625,1.34375
10143,10136,3.0546875,-0.0546875,0.875
10144,10144,-5.6328125,0.6953125,0.0625
10145,10144,4.9140625,-0.6015625,-1.375
10146,10144,5.6640625,-0.203125,-1.015625
10147,10144,1.484375,-0.8125,-0.40625
10148,10144,-2.34375,1.7578125,0.71875
10149,10144,-5.203125,0.6796875,0.609375
10150,10144,-2.796875,1.21875,0.71875
10151,10144,-3.2421875,-0.7421875,2.296875
10152,10152,-4.6484375,1.7109375,-0.328125
10153,10152,-5.96875,-1.1875,2.90625
10154,10152,3.8515625,-0.8671875,2.375
10155,10152,-0.578125,-0.1328125,-4.2109375
10156,10152,-3.6953125,-1.3671875,3.984375
10157,10152,-1.109375,-0.0390625,-1.71875
10158,10152,0.2578125,2.28125,2.21875
10159,10152,-4.23046875,-1.328125,-1.5
10160,10160,-5.09765625,0.7734375,1.953125
10161,10160,-4.79296875,-0.8125,1.390625
10162,10160,-5.1171875,0.5078125,1.078125
10163,10160,-3.10546875,-1.3046875,1.40625
10164,10160,-3.5390625,-0.9453125,-0.8125
10165,10160,-6.1953125,-1.6875,2.265625
10166,10160,-1.484375,0.859375,-1.921875
10167,10160,-5.6015625,-0.640625,2.015625
10168,10168,-4.25,-1.453125,-0.21875
10169,10168,-4.7109375,-2.0078125,-0.25
10170,10168,3.2109375,3.3671875,5.828125
10171,10168,-2.6484375,-1.0546875,0.203125
10172,10168,-4.6953125,-0.8125,1.25
10173,10168,-0.2265625,0.3828125,0.640625
10174,10168,4.6796875,-0.46875,0.0625
10175,10168,1.1796875,2.140625,1.9375
10176,10176,-3.1875,0.4375,1.453125
10177,10176,-3.0078125,0.984375,3.609375
10178,10176,-5.8671875,-1.65625,-2.578125
10179,10176,-3.328125,0.75,2.859375
10180,10176,-3.78125,1.40625,-0.21875
10181,10176,-5.93359375,-2.1953125,-2.34375
10182,10176,0.046875,2.21875,1.421875
10183,10176,6.0703125,3.578125,3.375
10184,10184,-1.2109375,1.671875,3.34375
10185,10184,-2.09375,-0.1484375,-0.515625
10186,10184,-4.90625,0.7421875,0.375
10187,10184,1.7890625,-1.828125,-0.1875
10188,10184,4.140625,-0.59375,1.921875
10189,10184,4.53125,1.3359375,1.828125
10190,10184,-3.9140625,-1.21875,0.703125
10191,10184,-3.15625,-0.1640625,1.90625
10192,10192,-2.7109375,-1.2109375,2.890625
10193,10192,-3.6015625,-0.34375,1.53125
10194,10192,-3.3515625,0.34375,1.984375
10195,10192,2.578125,3.59375,6.015625
10196,10192,1.0859375,3.0546875,6.109375
10197,10192,-3.34375,-0.3046875,2.125
10198,10192,-4.3984375,-1.265625,-1.90625
10199,10192,-2.78125,0.609375,1.796875
10200,10200,-5.7421875,1.2890625,1.546875
10201,10200,-4.1171875,0.671875,1.78125
10202,10200,4.53125,-0.75,-0.1875
10203,10200,-4.734375,0.6640625,0.8125
10204,10200,-3.3671875,1.09375,2.421875
10205,10200,-0.453125,-1.1484375,1.171875
10206,10200,-2.296875,1.015625,1.078125
10207,10200,-1.859375,1.5390625,1.140625
10208,10208,-6.8046875,-1.75,-2.0
10209,10208,0.5,1.2734375,2.078125
10210,10208,-1.90625,0.7421875,-0.046875
10211,10208,-2.0546875,-2.59375,0.875
10212,10208,0.90625,2.7578125,-0.875
10213,10208,-2.1640625,2.1875,0.671875
10214,10208,0.90625,2.2109375,2.015625
10215,10208,4.5625,3.875,7.203125
10216,10216,1.796875,2.5,-1.828125
10217,10216,0.46875,-1.296875,1.265625
10218,10216,-0.6796875,1.3828125,2.796875
10219,10216,1.4453125,0.3828125,-0.109375
10220,10216,-3.734375,-1.4453125,2.125
10221,10216,1.0390625,-0.0234375,-2.21875
10222,10216,1.1171875,0.046875,1.71875
10223,10216,3.0625,0.1328125,1.34375
10224,10224,4.234375,0.671875,1.46875
10225,10224,-1.25,1.5859375,0.0
10226,10224,-3.5703125,0.5234375,3.046875
10227,10224,1.0078125,0.1015625,-1.578125
10228,10224,-1.0,-0.1875,1.9375
10229,10224,-4.6171875,-0.9453125,0.34375
10230,10224,-4.484375,-1.015625,-0.765625
10231,10224,2.09375,-0.0625,-4.6875
10232,10232,0.015625,2.265625,3.1875
10233,10232,-0.0546875,1.578125,2.15625
10234,10232,2.4375,3.9921875,5.046875
10235,10232,-0.6015625,-0.4296875,-2.78125
10236,10232,-5.1875,0.2890625,1.140625
10237,10232,-5.6953125,-2.5703125,-1.0
10238,10232,-0.5234375,1.9453125,-2.8125
10239,10232,-1.1640625,1.578125,0.890625
10240,10240,-3.1484375,-0.8125,2.46875
10241,10240,-4.6171875,0.75,2.328125
10242,10240,-5.03125,-0.640625,1.765625
10243,10240,-0.6484375,1.9140625,4.09375
10244,10240,2.5625,0.125,-0.15625
10245,10240,2.53125,2.84375,2.453125
10246,10240,-1.6015625,3.8515625,5.828125
10247,10240,-4.0,2.28125,2.34375
10248,10248,0.0234375,4.21875,7.375
10249,10248,-1.71875,1.5703125,2.09375
10250,10248,4.6796875,1.3515625,2.953125
10251,10248,0.109375,2.1875,0.5
10252,10248,-1.359375,-1.0546875,0.15625
10253,10248,-3.7734375,-0.3359375,2.796875
10254,10248,1.4921875,1.484375,0.578125
10255,10248,3.53125,3.03125,5.5625
10256,10256,-5.7109375,-0.4609375,0.515625
10257,10256,-0.109375,0.03125,1.234375
10258,10256,-4.4140625,1.4453125,0.09375
10259,10256,-0.390625,-0.2265625,-0.078125
10260,10256,2.578125,1.671875,2.59375
10261,10256,1.9453125,2.015625,2.734375
10262,10256,-4.453125,1.78125,4.140625
10263,10256,-5.0859375,2.0703125,0.5625
10264,10264,2.484375,1.015625,4.0
10265,10264,2.1171875,3.28125,5.546875
10266,10264,3.890625,2.4140625,5.484375
10267,10264,0.9296875,3.0703125,0.109375
10268,10264,-1.0,-1.6875,0.109375
10269,10264,-2.5625,0.28125,0.90625
10270,10264,-1.109375,-0.0390625,-1.71875
10271,10264,2.25,-1.046875,1.296875
10272,10272,-4.9609375,-0.6796875,1.875
10273,10272,-1.8828125,-0.9140625,-1.78125
10274,10272,-6.5546875,-1.3828125,0.140625
10275,10272,2.828125,1.390625,-5.90625
10276,10272,-3.359375,-2.4453125,-0.484375
10277,10272,-6.796875,1.71875,0.734375
10278,10272,0.3515625,0.40625,-0.234375
10279,10272,0.1640625,-0.3828125,-4.203125
10280,10280,-5.8515625,1.3359375,1.328125
10281,10280,2.6875,1.2109375,-2.734375
10282,10280,-5.0859375,1.8203125,-1.6875
10283,10280,-6.1875,0.6796875,1.859375
10284,10280,-0.828125,0.5390625,0.03125
10285,10280,-5.9609375,-1.265625,1.046875
10286,10280,-6.2265625,0.6953125,-0.015625
10287,10280,-5.234375,-0.96875,-0.390625
10288,10288,-4.8359375,-0.640625,-2.7890625
10289,10288,1.0078125,0.2734375,-0.484375
10290,10288,1.421875,-0.6640625,0.4375
10291,10288,-3.328125,1.6875,-0.375
10292,10288,-6.8984375,-1.0703125,-0.515625
10293,10288,1.421875,-0.5625,-3.390625
10294,10288,-0.7109375,1.2265625,-0.46875
10295,10288,-5.109375,-1.1796875,-0.5
10296,10296,-2.8515625,-0.765625,-2.53125
10297,10296,0.0390625,-0.7578125,-2.328125
10298,10296,2.6640625,0.6953125,0.75
10299,10296,-2.6953125,0.296875,0.203125
10300,10296,-4.6953125,0.078125,0.4375
10301,10296,-4.7890625,0.578125,6.4453125
10302,10296,-5.5078125,-1.0546875,0.3125
10303,10296,-6.046875,1.1484375,2.125
10304,10304,-3.5078125,-0.046875,-0.28125
10305,10304,-4.171875,0.6015625,0.375
10306,10304,-4.6953125,0.2421875,0.46875
10307,10304,-2.9609375,-0.6875,0.0625
10308,10304,-5.421875,-1.1015625,1.265625
10309,10304,1.15625,2.2109375,5.546875
10310,10304,0.0625,3.5625,0.65625
10311,10304,-5.0234375,-0.9375,2.421875
10312,10312,2.625,3.1328125,6.453125
10313,10312,-6.03125,-1.1015625,-1.703125
10314,10312,-5.0390625,-1.6015625,0.203125
10315,10312,-6.5859375,-0.546875,0.859375
10316,10312,-5.73046875,-0.0625,1.34375
10317,10312,-5.0390625,-1.6015625,0.203125
10318,10312,-1.0390625,-0.109375,1.375
10319,10312,-5.390625,0.8828125,1.828125
10320,10320,-4.8203125,-1.3671875,0.4375
10321,10320,-2.3984375,1.234375,1.0
10322,10320,-1.828125,-1.171875,1.484375
10323,10320,-2.6328125,0.4921875,1.375
10324,10320,-4.140625,-2.609375,0.5
10325,10320,-4.3984375,-1.203125,1.015625
10326,10320,1.3984375,-3.3359375,-5.84375
10327,10320,-6.609375,-0.7109375,1.71875
10328,10328,-3.2109375,-1.03125,-0.1875
10329,10328,-5.6171875,-2.296875,-2.953125
10330,10328,-5.984375,0.5390625,1.875
10331,10328,6.328125,1.484375,-0.71875
10332,10328,-4.8828125,-0.2265625,-0.234375
10333,10328,2.375,4.03125,7.234375
10334,10328,-4.828125,-1.0546875,-0.796875
10335,10328,-2.625,1.515625,0.421875
10336,10336,-6.5546875,-0.078125,2.109375
10337,10336,1.0625,2.4921875,6.1875
10338,10336,2.1328125,1.9609375,-3.578125
10339,10336,2.8046875,0.640625,-4.734375
10340,10336,2.4140625,2.0546875,-0.515625
10341,10336,2.3984375,3.6796875,-0.59375
10342,10336,-0.9921875,1.4140625,-0.609375
10343,10336,-2.5,-0.1015625,1.453125
10344,10344,-6.6328125,-2.5,1.09375
10345,10344,-3.5234375,-1.1796875,2.5625
10346,10344,2.203125,2.15625,0.875
10347,10344,-5.265625,-0.8125,0.640625
10348,10344,-0.2421875,-0.28125,0.75
10349,10344,-3.1953125,-0.8359375,1.390625
10350,10344,-6.6484375,-2.78125,-3.6875
10351,10344,-6.015625,-1.09375,-0.9375
10352,10352,3.63671875,1.1640625,-1.359375
10353,10352,4.3671875,0.703125,-0.78125
10354,10352,1.890625,0.140625,1.671875
10355,10352,-4.015625,-0.265625,0.15625
10356,10352,-5.1328125,-0.7890625,1.625
10357,10352,3.8125,1.796875,-4.03125
10358,10352,0.84375,1.8515625,-2.828125
10359,10352,3.71875,-0.2734375,-3.25
10360,10360,-3.421875,-1.8828125,0.734375
10361,10360,1.3984375,1.6953125,-0.71875
10362,10360,-2.6484375,-1.0,-0.6875
10363,10360,-2.109375,1.3515625,0.359375
10364,10360,-1.8515625,-1.578125,2.5625
10365,10360,0.46875,-1.296875,1.265625
10366,10360,-3.359375,0.5234375,0.1875
10367,10360,2.546875,-3.0390625,-4.4375
10368,10368,-4.6484375,-0.046875,0.078125
10369,10368,-4.8359375,-1.328125,-2.0625
10370,10368,2.84375,3.3359375,5.578125
10371,10368,3.9375,1.9453125,3.625
10372,10368,-2.09375,1.8515625,-1.875
10373,10368,-4.8203125,0.5625,1.609375
10374,10368,-6.265625,-1.15625,-0.5
10375,10368,-5.09765625,0.7734375,1.953125
10376,10376,-5.90625,-2.2890625,-0.5625
10377,10376,-7.25,-0.6328125,-0.265625
10378,10376,-6.0859375,0.484375,1.6875
10379,10376,-2.7421875,0.9921875,2.015625
10380,10376,-3.71875,-0.2734375,-0.125
10381,10376,-4.90625,1.6796875,0.578125
10382,10376,-3.6328125,-1.296875,-0.703125
10383,10376,-6.84765625,-2.2265625,-0.265625
10384,10384,1.8125,-0.15625,-1.890625
10385,10384,-3.0546875,-0.953125,1.1875
10386,10384,0.359375,-2.734375,-4.9921875
10387,10384,-0.9609375,1.2265625,3.171875
10388,10384,-0.109375,-1.859375,-2.140625
10389,10384,-5.609375,-0.8046875,-1.578125
10390,10384,-4.5,-1.6875,0.703125
10391,10384,1.25,-0.1171875,0.109375
10392,10392,0.8203125,-0.140625,-1.09375
10393,10392,-2.4140625,-0.578125,-0.59375
10394,10392,1.328125,0.625,-0.46875
10395,10392,-0.5,0.953125,1.671875
10396,10392,-1.265625,0.9453125,2.0625
10397,10392,1.3984375,-0.671875,2.59375
10398,10392,0.4765625,1.3359375,0.109375
10399,10392,-2.984375,1.625,0.78125
10400,10400,-2.5,2.953125,-3.796875
10401,10400,-5.2421875,1.34375,2.109375
10402,10400,-5.8046875,-0.2265625,0.125
10403,10400,0.703125,2.125,-0.75
10404,10400,-4.15625,1.2265625,1.0625
10405,10400,-6.078125,-1.46875,0.234375
10406,10400,6.2109375,1.4375,-0.765625
10407,10400,-3.265625,0.8359375,-3.4765625
10408,10408,-0.703125,2.25,-2.234375
10409,10408,-2.296875,0.7890625,3.4375
10410,10408,1.90625,1.0546875,0.328125
10411,10408,-2.65625,2.59375,2.234375
10412,10408,0.359375,0.6328125,0.75
10413,10408,1.0625,0.421875,0.765625
10414,10408,-3.2734375,0.2578125,2.828125
10415,10408,-2.640625,-0.8125,0.796875
10416,10416,-4.2265625,-1.8203125,-0.484375
10417,10416,-5.375,-2.0546875,-2.078125
10418,10416,3.0625,0.78125,3.71875
10419,10416,-1.2890625,0.6171875,2.109375
10420,10416,0.828125,-0.921875,4.03125
10421,10416,-0.1171875,-2.671875,5.3125
10422,10416,-0.5625,-1.375,2.6875
10423,10416,-1.3984375,-1.1171875,-0.125
10424,10424,-2.84375,1.6171875,1.703125
10425,10424,-1.015625,-0.796875,-1.625
10426,10424,-2.1953125,-0.0390625,2.6875
10427,10424,-1.625,0.4296875,-1.515625
10428,10424,-2.4453125,-0.34375,3.5234375
10429,10424,-2.9765625,-2.21875,-3.1875
10430,10424,2.9296875,-1.3125,0.28125
10431,10424,0.2265625,1.1875,0.40625
10432,10432,2.9375,-0.03125,0.265625
10433,10432,-2.046875,1.015625,-1.53125
10434,10432,-3.90625,0.1640625,0.375
10435,10432,-3.5546875,-2.1171875,-1.65625
10436,10432,-4.1640625,-0.4921875,-0.890625
10437,10432,-3.9921875,-1.46875,-1.59375
10438,10432,2.703125,2.8046875,4.328125
10439,10432,-3.6484375,-0.1171875,-1.140625
10440,10440,-1.125,1.671875,0.15625
10441,10440,0.9765625,0.3046875,0.953125
10442,10440,-5.7734375,0.0078125,-2.265625
10443,10440,-0.0859375,-0.8359375,2.046875
10444,10440,-1.859375,-0.75,-2.125
10445,10440,-0.65625,0.125,-0.375
10446,10440,-3.5546875,0.546875,0.90625
10447,10440,-0.703125,0.8125,2.171875
10448,10448,-3.625,2.171875,-0.203125
10449,10448,-0.7578125,-0.96875,0.65625
10450,10448,1.171875,0.4765625,1.921875
10451,10448,1.1015625,0.7421875,-1.59375
10452,10448,2.9375,1.7734375,6.609375
10453,10448,4.1875,0.7265625,-0.296875
10454,10448,0.8828125,-0.0234375,0.953125
10455,10448,-1.6875,0.296875,0.8125
10456,10456,-1.21875,1.953125,0.71875
10457,10456,-2.3125,-0.3359375,-3.5
10458,10456,-3.140625,2.1953125,-0.921875
10459,10456,0.1484375,1.453125,-0.46875
10460,10456,-1.1328125,0.359375,-2.265625
10461,10456,0.53125,0.234375,3.828125
10462,10456,4.5859375,1.28125,1.0625
10463,10456,-3.296875,3.7265625,0.765625
10464,10464,7.8203125,0.390625,1.125
10465,10464,2.640625,0.40625,1.03125
10466,10464,4.1171875,0.296875,0.140625
10467,10464,-0.21875,-1.421875,-0.046875
10468,10464,5.8515625,2.171875,1.984375
10469,10464,0.2734375,0.09375,2.390625
10470,10464,2.640625,1.796875,4.0625
10471,10464,-3.65625,0.1484375,-0.71875
10472,10472,-1.0078125,-1.703125,-4.203125
10473,10472,-2.9609375,-1.2734375,-2.765625
10474,10472,3.4375,-2.3203125,-1.875
10475,10472,-2.5703125,0.09375,-1.890625
10476,10472,-3.0625,0.7265625,2.1875
10477,10472,-4.671875,-0.2578125,-1.109375
10478,10472,-0.9453125,-0.8125,1.046875
10479,10472,-3.1796875,1.6875,3.578125
10480,10480,2.65625,3.1328125,2.546875
10481,10480,-1.734375,1.7890625,2.40625
10482,10480,-3.5390625,0.4375,0.765625
10483,10480,0.09375,2.25,0.875
10484,10480,1.328125,0.890625,1.875
10485,10480,-2.53125,1.296875,2.171875
10486,10480,-3.3984375,-0.40625,1.921875
10487,10480,1.421875,3.6484375,6.1875
10488,10488,0.62109375,2.6328125,5.8125
10489,10488,-0.6796875,0.2109375,4.375
10490,10488,0.90625,-1.078125,2.515625
10491,10488,-6.609375,-0.09375,0.65625
10492,10488,-3.96875,-0.953125,-0.140625
10493,10488,-3.8046875,-0.34375,-0.203125
10494,10488,-4.34375,-1.203125,-0.09375
10495,10488,-2.78125,-0.6796875,-1.796875
10496,10496,-6.2265625,-0.4453125,-1.359375
10497,10496,-5.0546875,-1.0546875,-2.078125
10498,10496,-1.87890625,2.6875,3.421875
10499,10496,-2.765625,2.0859375,0.765625
10500,10496,-5.8984375,-0.8203125,1.3125
10501,10496,-0.3515625,-0.2109375,-0.234375
10502,10496,-1.828125,-0.65625,-0.140625
10503,10496,-0.2109375,2.5078125,4.25
10504,10504,1.5234375,2.4609375,5.3125
10505,10504,1.6953125,3.3828125,5.828125
10506,10504,-0.90625,3.34375,-0.546875
10507,10504,2.6640625,1.2421875,0.40625
10508,10504,-0.4375,1.2109375,-0.59375
10509,10504,-2.2578125,1.40625,0.34375
10510,10504,-3.703125,0.8203125,-0.046875
10511,10504,-0.3125,2.8359375,1.515625
10512,10512,-2.4453125,-0.9921875,0.453125
10513,10512,-3.625,1.125,0.078125
10514,10512,-1.46875,0.234375,1.53125
10515,10512,-4.1484375,-0.0625,-0.046875
10516,10512,-1.046875,0.9453125,1.921875
10517,10512,-2.0234375,-1.59375,3.375
10518,10512,-5.484375,0.71875,1.578125
10519,10512,1.5078125,0.453125,3.875
10520,10520,-1.1328125,-0.8671875,-0.15625
10521,10520,1.5,-0.046875,3.71875
10522,10520,0.4609375,0.1875,1.15625
10523,10520,0.7890625,-0.109375,1.5
10524,10520,-1.7734375,1.734375,4.09375
10525,10520,-3.06640625,1.4921875,4.46875
10526,10520,-2.453125,1.3828125,1.109375
10527,10520,1.171875,0.9453125,0.421875
10528,10528,-4.0703125,-2.1171875,-0.96875
10529,10528,-3.7890625,-1.390625,-0.296875
10530,10528,-6.6015625,-1.328125,-0.21875
10531,10528,-4.4375,0.078125,1.328125
10532,10528,2.2578125,-1.25,-1.09375
10533,10528,0.3203125,-1.375,-1.484375
10534,10528,-1.4140625,-1.1640625,-1.71875
10535,10528,-0.5078125,0.28125,-0.453125
10536,10536,-5.421875,-0.6953125,0.34375
10537,10536,-2.8046875,0.84375,3.53125
10538,10536,-6.03125,-1.640625,1.984375
10539,10536,-5.21875,0.9296875,3.96875
10540,10536,-5.015625,-0.578125,1.71875
10541,10536,2.78125,0.0078125,3.484375
10542,10536,1.8125,1.0390625,1.734375
10543,10536,4.1328125,2.625,5.265625
10544,10544,4.75,3.1015625,7.125
10545,10544,-6.9921875,-1.4296875,-0.09375
10546,10544,-6.5546875,-1.7265625,-0.3125
10547,10544,-6.7734375,-2.171875,-0.078125
10548,10544,-6.65625,-1.578125,-0.0625
10549,10544,-4.9609375,1.765625,1.0
10550,10544,-5.0625,-0.421875,0.25
10551,10544,1.515625,-0.25,-1.5625
10552,10552,-3.671875,-2.5,-1.8125
10553,10552,-0.859375,0.6015625,-3.515625
10554,10552,0.171875,-0.546875,-3.171875
10555,10552,4.2421875,0.625,-3.109375
10556,10552,-4.625,-0.90625,-3.765625
10557,10552,-0.8046875,2.6328125,3.25
10558,10552,1.5390625,-0.515625,3.078125
10559,10552,1.375,1.453125,3.21875
10560,10560,-2.390625,-0.5390625,-0.703125
10561,10560,-2.09375,0.8046875,0.59375
10562,10560,-3.92578125,-1.640625,0.296875
10563,10560,-4.875,1.453125,1.0
10564,10560,-1.2734375,-0.203125,0.203125
10565,10560,-4.9296875,-2.109375,-0.1875
10566,10560,-2.7421875,0.0859375,1.9375
10567,10560,-5.0625,1.4296875,0.015625
10568,10568,-4.296875,1.3203125,2.34375
10569,10568,3.5,2.6640625,0.046875
10570,10568,0.7734375,0.71875,2.359375
10571,10568,2.2734375,-0.7890625,-0.96875
10572,10568,1.0859375,0.5546875,0.734375
10573,10568,-0.25,0.578125,0.203125
10574,10568,3.3359375,0.265625,2.578125
10575,10568,1.2890625,1.640625,2.859375
10576,10576,0.921875,2.1796875,1.859375
10577,10576,-2.7109375,0.9453125,1.3125
10578,10576,0.921875,-0.7421875,0.609375
10579,10576,-5.3984375,0.421875,1.1875
10580,10576,-2.8828125,1.59375,1.375
10581,10576,0.109375,-1.421875,0.6875
10582,10576,1.9609375,-1.796875,3.0625
10583,10576,0.5234375,-1.234375,3.171875
10584,10584,0.1328125,3.6640625,2.25
10585,10584,-1.1171875,3.0625,4.859375
10586,10584,1.3828125,0.046875,4.390625
10587,10584,4.6953125,0.515625,4.890625
10588,10584,0.609375,0.421875,1.515625
10589,10584,3.53125,-0.578125,0.171875
10590,10584,-2.7265625,0.96875,2.953125
10591,10584,-0.53125,-0.84375,-1.609375
10592,10592,0.2578125,2.5,0.875
10593,10592,-1.9453125,-0.546875,-0.390625
10594,10592,0.2734375,-0.8828125,-0.4375
10595,10592,2.59375,2.671875,3.625
10596,10592,2.53125,0.765625,-0.3125
10597,10592,-1.703125,1.203125,-0.0625
10598,10592,-2.7890625,1.1484375,-1.484375
10599,10592,1.3203125,1.7734375,1.046875
10600,10600,0.671875,-0.109375,-1.140625
10601,10600,0.390625,-0.4140625,-0.015625
10602,10600,-3.046875,-1.4921875,-1.34375
10603,10600,1.4453125,0.2265625,1.25
10604,10600,0.921875,-1.65625,-0.90625
10605,10600,1.578125,-1.84375,-2.59375
10606,10600,4.8125,0.21875,-2.03125
10607,10600,0.8671875,-0.03125,0.78125
10608,10608,5.5,-1.234375,1.734375
10609,10608,6.328125,1.859375,1.296875
10610,10608,-4.734375,0.5390625,1.140625
10611,10608,-2.5703125,1.0703125,2.375
10612,10608,1.5703125,-0.9453125,-2.8125
10613,10608,0.953125,2.921875,1.984375
10614,10608,1.890625,-1.1953125,-0.640625
10615,10608,-0.6875,-0.515625,0.171875
10616,10616,-2.7578125,0.4765625,1.25
10617,10616,-2.2734375,-0.34375,-1.3125
10618,10616,-6.8828125,-2.1875,-0.5625
10619,10616,-7.53125,-2.953125,-0.421875
10620,10616,1.9140625,1.71875,1.578125
10621,10616,0.765625,-0.375,-1.1875
10622,10616,-3.1171875,-3.4140625,-2.203125
10623,10616,0.84375,-0.234375,-3.03125
10624,10624,-3.0859375,-0.9140625,0.15625
10625,10624,3.0390625,0.546875,0.265625
10626,10624,-0.2421875,-0.140625,0.1875
10627,10624,0.96875,-1.234375,-1.15625
10628,10624,1.2265625,-0.953125,1.046875
10629,10624,3.2734375,0.0,1.484375
10630,10624,-0.4375,-0.78125,0.078125
10631,10624,4.4296875,0.234375,0.453125
10632,10632,-2.8515625,-2.109375,-3.390625
10633,10632,-0.09375,0.90625,1.4375
10634,10632,-6.6875,0.3203125,2.078125
10635,10632,-3.1328125,-1.1015625,-0.984375
10636,10632,1.609375,-0.484375,3.296875
10637,10632,-2.3828125,-0.359375,0.296875
10638,10632,-0.6796875,-1.6171875,0.390625
10639,10632,-2.234375,2.9609375,2.859375
10640,10640,0.6953125,0.7109375,2.21875
10641,10640,-5.3671875,0.71875,-1.171875
10642,10640,0.0546875,-0.7421875,-0.140625
10643,10640,0.703125,1.59375,1.71875
10644,10640,-2.15625,1.09375,0.828125
10645,10640,1.265625,1.9609375,2.21875
10646,10640,-3.1953125,-1.1640625,2.5
10647,10640,-5.5703125,-2.171875,0.0
10648,10648,4.9765625,0.0390625,0.3125
10649,10648,0.25,-2.6328125,-3.09375
10650,10648,-3.171875,-1.234375,1.640625
10651,10648,0.3828125,-1.25,-2.09375
10652,10648,-3.5859375,-1.1953125,3.34375
10653,10648,-1.625,2.6875,-0.875
10654,10648,4.2890625,0.421875,2.078125
10655,10648,3.484375,-0.5390625,0.9375
10656,10656,1.1328125,0.1796875,0.421875
10657,10656,3.4765625,2.421875,2.546875
10658,10656,-2.6953125,0.625,1.71875
10659,10656,-3.0234375,-1.765625,-0.765625
10660,10656,1.125,-0.6640625,3.03125
10661,10656,-3.828125,-0.3828125,2.125
10662,10656,-5.75,1.109375,-0.3125
10663,10656,0.0546875,0.0703125,0.046875
10664,10664,-1.4609375,0.90625,0.984375
10665,10664,-6.2421875,-2.7734375,-5.09375
10666,10664,2.0859375,1.171875,3.0625
10667,10664,-1.75,0.96875,0.515625
10668,10664,-3.140625,-0.984375,2.0
10669,10664,-4.09375,-0.7890625,-1.625
10670,10664,2.828125,-0.8359375,1.25
10671,10664,-2.71875,-0.1015625,0.1875
10672,10672,1.7890625,-0.5859375,-0.8125
10673,10672,-3.265625,-2.4921875,0.203125
10674,10672,0.609375,-0.5234375,0.296875
10675,10672,1.2265625,1.4453125,1.046875
10676,10672,-2.796875,1.2109375,-0.59375
10677,10672,0.96875,-0.8125,0.5625
10678,10672,0.0859375,-0.328125,0.546875
10679,10672,3.609375,-1.921875,1.703125
10680,10680,1.0078125,0.375,-4.4375
10681,10680,-1.375,0.6875,-0.8125
10682,10680,1.9765625,-0.421875,1.96875
10683,10680,1.4765625,0.8046875,1.640625
10684,10680,3.1015625,0.4140625,-3.28125
10685,10680,0.4921875,0.265625,-2.1875
10686,10680,0.8515625,0.40625,-2.328125
10687,10680,-4.484375,0.7421875,2.84375
10688,10688,-5.1328125,-1.3125,-0.359375
10689,10688,1.1015625,-3.140625,-0.84375
10690,10688,-0.0234375,-0.1875,-0.03125
10691,10688,-2.2734375,0.8359375,1.40625
10692,10688,-4.9921875,1.5078125,-0.078125
10693,10688,-5.03125,0.375,-0.0625
10694,10688,1.125,0.59375,1.625
10695,10688,3.1640625,1.0703125,-3.03125
10696,10696,4.9453125,1.8828125,4.875
10697,10696,-4.8828125,-0.59375,1.328125
10698,10696,3.4921875,1.6328125,3.5
10699,10696,-4.671875,-0.7421875,1.703125
10700,10696,1.8828125,0.875,1.0625
10701,10696,0.7578125,-0.65625,-1.734375
10702,10696,-3.6796875,0.4296875,1.578125
10703,10696,-0.6015625,-0.6171875,-2.0
10704,10704,-0.26953125,1.40625,2.5625
10705,10704,1.1015625,1.015625,-0.15625
10706,10704,3.265625,-0.28125,-0.046875
10707,10704,-2.5859375,1.890625,1.515625
10708,10704,-3.9921875,-0.609375,3.34375
10709,10704,-5.765625,1.109375,-0.28125
10710,10704,-5.0234375,1.34375,0.28125
10711,10704,0.078125,-0.3125,1.21875
10712,10712,3.21875,2.4453125,2.984375
10713,10712,-3.4765625,0.8515625,1.203125
10714,10712,-0.828125,-1.234375,-3.34375
10715,10712,-0.953125,1.796875,1.65625
10716,10712,-3.3984375,-0.984375,-2.3984375
10717,10712,-4.75,2.4375,3.640625
10718,10712,0.75,-0.53125,-3.203125
10719,10712,-5.53125,-0.09375,0.703125
10720,10720,-3.4296875,0.9140625,1.515625
10721,10720,-3.3515625,1.3125,1.1875
10722,10720,-3.015625,1.5703125,1.09375
10723,10720,-5.875,-1.2109375,1.015625
10724,10720,2.28125,3.3203125,0.75
10725,10720,3.21875,1.40625,-1.421875
10726,10720,1.3359375,0.828125,3.03125
10727,10720,3.8203125,0.7421875,2.296875
10728,10728,-0.5,2.1171875,-0.09375
10729,10728,-1.15625,1.765625,2.0
10730,10728,-2.46875,1.21875,1.609375
10731,10728,-3.1796875,-1.7421875,-1.8125
10732,10728,-2.8828125,-1.6953125,-1.46875
10733,10728,1.1953125,-0.1875,-2.171875
10734,10728,3.3671875,2.0703125,3.234375
10735,10728,-1.1640625,1.5078125,1.421875
10736,10736,4.8828125,-0.0234375,1.609375
10737,10736,-0.53125,0.1015625,-0.46875
10738,10736,2.3515625,-0.6484375,1.359375
10739,10736,-6.296875,-1.15625,1.203125
10740,10736,-0.46875,-0.6484375,-1.6875
10741,10736,-4.1328125,-2.0859375,2.265625
10742,10736,-6.140625,1.125,0.984375
10743,10736,-2.2265625,0.34375,0.75
10744,10744,-3.1484375,1.78125,0.640625
10745,10744,-1.1328125,0.8125,-0.125
10746,10744,1.890625,-0.6875,-0.359375
10747,10744,5.2890625,1.125,0.296875
10748,10744,-2.6640625,0.34375,1.234375
10749,10744,1.265625,-0.265625,-0.953125
10750,10744,-7.1875,-1.4296875,-0.5625
10751,10744,-1.71875,1.0,1.828125
10752,10752,-4.984375,-0.859375,-2.828125
10753,10752,-4.75,0.9375,1.625
10754,10752,-4.4453125,-0.6171875,-1.5625
10755,10752,-1.921875,0.6640625,-0.296875
10756,10752,1.8671875,1.875,1.890625
10757,10752,-5.3125,-1.5078125,0.9375
10758,10752,-1.5234375,0.9375,2.171875
10759,10752,-3.1171875,-0.9375,0.515625
10760,10760,-3.1171875,-0.9375,0.515625
10761,10760,-2.75,-1.203125,-1.46875
10762,10760,-0.3125,1.2109375,1.0625
10763,10760,-0.984375,0.421875,0.09375
10764,10760,2.71875,1.515625,0.09375
10765,10760,-4.8359375,3.140625,-0.359375
10766,10760,2.5625,1.5625,3.484375
10767,10760,2.796875,0.078125,-1.4375
10768,10768,1.2578125,-0.4453125,-0.375
10769,10768,4.7109375,1.25,2.40625
10770,10768,5.5546875,1.375,0.328125
10771,10768,2.484375,0.0703125,0.21875
10772,10768,1.8046875,0.8515625,-1.4375
10773,10768,4.53125,0.0,1.671875
10774,10768,-0.15625,0.6875,1.484375
10775,10768,-2.5546875,-0.859375,1.046875
10776,10776,-4.671875,0.3828125,1.671875
10777,10776,-2.328125,-0.65625,-0.625
10778,10776,-0.8125,0.921875,3.09375
10779,10776,2.078125,0.3125,-1.453125
10780,10776,2.640625,0.046875,-0.828125
10781,10776,-5.34375,-1.1953125,3.6875
10782,10776,4.1015625,-0.53125,-2.46875
10783,10776,5.09375,-3.75,-0.171875
10784,10784,3.3984375,0.46875,1.375
10785,10784,2.7890625,-0.375,-1.609375
10786,10784,3.9453125,-2.0234375,-1.46875
10787,10784,-1.0,-3.3359375,-2.9375
10788,10784,-2.9296875,0.84375,2.171875
10789,10784,-6.0703125,1.0625,1.671875
10790,10784,5.453125,1.1640625,-1.796875
10791,10784,-0.578125,-0.1796875,-1.703125
10792,10792,-3.1640625,0.9921875,2.578125
10793,10792,1.96875,1.21875,-1.828125
10794,10792,-4.9140625,0.734375,2.109375
10795,10792,4.1796875,0.34375,0.03125
10796,10792,-2.4296875,0.265625,1.078125
10797,10792,0.5703125,0.1640625,1.5625
10798,10792,2.234375,0.03125,-0.234375
10799,10792,0.6640625,-0.1015625,-0.4375
10800,10800,1.265625,2.859375,1.703125
10801,10800,7.40625,0.90625,0.828125
10802,10800,5.6328125,3.0390625,3.109375
10803,10800,4.2421875,3.78125,4.609375
10804,10800,-2.7578125,-1.1328125,1.8125
10805,10800,-2.71875,2.234375,0.859375
10806,10800,-1.4375,-0.3046875,-2.3125
10807,10800,-0.3515625,-0.984375,0.046875
10808,10808,-3.3046875,-3.6484375,-0.921875
10809,10808,-2.875,-2.109375,0.0625
10810,10808,-2.453125,-0.625,0.046875
10811,10808,0.015625,0.390625,-1.453125
10812,10808,0.078125,-0.125,-1.53125
10813,10808,-6.17578125,-0.4453125,0.4375
10814,10808,2.5390625,1.8125,1.296875
10815,10808,-1.4140625,0.9765625,1.265625
10816,10816,3.1875,-1.265625,-2.140625
10817,10816,-1.46875,-0.625,-0.9375
10818,10816,-3.828125,0.4765625,0.28125
10819,10816,1.1953125,-0.625,-0.359375
10820,10816,3.265625,-1.171875,-1.140625
10821,10816,0.4765625,-0.859375,-1.953125
10822,10816,1.140625,1.0,2.5
10823,10816,-2.3046875,-0.765625,4.296875
10824,10824,3.74609375,-1.046875,-2.375
10825,10824,6.1796875,-2.375,-2.515625
10826,10824,3.375,1.703125,-1.84375
10827,10824,1.421875,-0.59375,0.484375
10828,10824,-4.5234375,1.46875,2.046875
10829,10824,-2.390625,0.3359375,0.78125
10830,10824,-2.9140625,0.7734375,1.3125
10831,10824,-4.2890625,1.21875,1.578125
10832,10832,-5.390625,-0.3828125,1.421875
10833,10832,3.625,-0.34375,0.375
10834,10832,4.1953125,1.140625,1.953125
10835,10832,7.59375,0.40625,4.140625
10836,10832,-0.0078125,1.0,0.21875
10837,10832,-1.7265625,0.3046875,-1.390625
10838,10832,-0.453125,1.046875,1.296875
10839,10832,-0.1484375,-1.0,-2.109375
10840,10840,1.8671875,-0.5234375,0.890625
10841,10840,-5.6796875,0.015625,0.890625
10842,10840,-7.078125,-0.75,0.515625
10843,10840,-0.1640625,-1.0859375,-0.609375
10844,10840,-3.4375,-1.546875,2.40625
10845,10840,0.5859375,0.3359375,0.875
10846,10840,-1.0625,1.9765625,2.828125
10847,10840,-1.5625,0.9375,0.25
10848,10848,-2.234375,2.078125,1.421875
10849,10848,-4.59375,-1.671875,0.65625
10850,10848,-3.7109375,-0.5078125,0.625
10851,10848,-2.2421875,-0.59375,-1.015625
10852,10848,2.359375,-0.578125,-0.1875
10853,10848,3.4765625,1.7109375,4.25
10854,10848,-1.265625,-0.734375,2.265625
10855,10848,-1.7734375,0.453125,1.75
10856,10856,0.4609375,-0.2578125,-0.5
10857,10856,-5.5546875,-0.6015625,-0.046875
10858,10856,2.15625,0.0546875,-1.09375
10859,10856,2.15625,0.0546875,-1.09375
10860,10856,1.109375,3.859375,1.5625
10861,10856,-1.296875,1.6484375,2.796875
10862,10856,3.1484375,0.046875,-1.03125
10863,10856,3.6171875,0.578125,5.796875
10864,10864,-2.0078125,0.890625,3.390625
10865,10864,-0.7265625,0.5625,-0.015625
10866,10864,1.2734375,0.25,1.546875
10867,10864,-1.234375,1.1015625,2.46875
10868,10864,-0.26953125,1.4140625,1.21875
10869,10864,-0.8671875,0.2421875,1.3125
10870,10864,0.4375,0.875,1.484375
10871,10864,1.375,2.4375,0.171875
10872,10872,-2.65625,-0.6015625,2.109375
10873,10872,-1.2734375,0.7890625,-0.65625
10874,10872,2.3828125,0.1015625,2.890625
10875,10872,-0.3046875,0.078125,0.71875
10876,10872,2.0390625,-0.125,0.75
10877,10872,1.7265625,1.6484375,5.21875
10878,10872,0.3125,-0.1328125,0.953125
10879,10872,-4.765625,-1.140625,-1.265625
10880,10880,4.65625,-0.8984375,0.46875
10881,10880,-3.8046875,-0.46875,-0.53125
10882,10880,-2.484375,0.5390625,2.625
10883,10880,-0.5078125,-1.3125,-3.125
10884,10880,-0.015625,-2.21875,0.546875
10885,10880,-2.6171875,-0.7421875,-1.21875
10886,10880,-2.9296875,-0.3984375,-2.78125
10887,10880,-2.0078125,-1.8203125,-3.1640625
10888,10888,0.125,0.96875,1.828125
10889,10888,-5.1796875,0.390625,1.609375
10890,10888,2.2421875,1.7109375,0.84375
10891,10888,0.171875,1.234375,0.25
10892,10888,-0.7578125,1.9375,1.890625
10893,10888,0.3125,1.109375,-0.921875
10894,10888,-5.8984375,-0.0234375,2.125
10895,10888,-5.859375,-1.75,0.65625
10896,10896,-5.3984375,0.78125,-0.015625
10897,10896,-4.078125,1.296875,3.0
10898,10896,-5.2734375,1.2421875,1.59375
10899,10896,-1.2890625,0.171875,1.71875
10900,10896,-3.9296875,1.8828125,1.03125
10901,10896,-3.28125,0.78125,0.234375
10902,10896,4.8671875,-3.4140625,-2.109375
10903,10896,-5.3046875,0.0,1.953125
10904,10904,-1.671875,-0.296875,-0.90625
10905,10904,0.5,-0.171875,0.96875
10906,10904,-1.0,-1.0078125,-2.8046875
10907,10904,-1.5390625,0.4765625,-1.421875
10908,10904,5.6953125,-2.5390625,-2.734375
10909,10904,6.1796875,-0.5546875,0.953125
10910,10904,0.1953125,0.9296875,-1.65625
10911,10904,-1.875,-0.0546875,-1.5
10912,10912,3.078125,-0.6015625,-2.640625
10913,10912,0.4140625,3.375,1.59375
10914,10912,5.0859375,0.34375,0.109375
10915,10912,-0.0625,0.546875,-0.265625
10916,10912,-5.03125,-1.1875,-0.1875
10917,10912,0.8125,-0.578125,1.5
10918,10912,2.484375,1.4375,2.28125
10919,10912,-2.0546875,-0.7890625,-0.0625
10920,10920,4.2265625,-0.28125,0.953125
10921,10920,-2.8828125,2.703125,5.1875
10922,10920,-2.734375,0.4609375,5.640625
10923,10920,-5.53125,0.40625,1.453125
10924,10920,-1.4921875,-1.3125,-0.46875
10925,10920,-5.6796875,0.2109375,1.125
10926,10920,1.921875,0.1875,4.25
10927,10920,3.03125,0.609375,2.4375
10928,10928,-0.9296875,1.109375,1.71875
10929,10928,-5.2734375,-2.1640625,1.0625
10930,10928,2.390625,-1.75,-0.390625
10931,10928,-5.0078125,1.15625,1.109375
10932,10928,0.453125,0.484375,-0.328125
10933,10928,5.5234375,0.421875,-0.046875
10934,10928,-1.953125,0.625,-0.0625
10935,10928,-0.46875,1.140625,0.890625
10936,10936,0.59375,1.8515625,-0.046875
10937,10936,0.8125,1.734375,2.25
10938,10936,-1.7109375,-1.015625,-0.046875
10939,10936,-2.61328125,-2.0703125,-0.3125
10940,10936,1.7109375,-0.7109375,-3.234375
10941,10936,-2.8125,1.7734375,0.640625
10942,10936,1.8125,-0.671875,0.203125
10943,10936,-2.0390625,-0.4453125,0.125
10944,10944,-2.6640625,1.09375,1.875
10945,10944,-5.0390625,1.0390625,2.109375
10946,10944,-4.5625,1.0625,1.890625
10947,10944,2.125,2.0234375,2.1875
10948,10944,-1.671875,1.546875,1.859375
10949,10944,-4.703125,-0.0078125,0.640625
10950,10944,-2.921875,0.296875,1.765625
10951,10944,-6.0390625,-1.0703125,1.84375
10952,10952,0.1328125,-0.109375,2.6875
10953,10952,-0.6640625,-0.7421875,0.765625
10954,10952,0.7578125,0.9453125,2.109375
10955,10952,2.0,1.28125,1.609375
10956,10952,1.625,0.359375,2.03125
10957,10952,-0.109375,0.03125,0.0625
10958,10952,-1.40625,0.90625,3.953125
10959,10952,-0.859375,2.8515625,3.171875
10960,10960,-1.1484375,1.4765625,3.703125
10961,10960,-0.3515625,1.625,3.484375
10962,10960,-1.0234375,0.484375,1.96875
10963,10960,7.84375,-1.078125,1.921875
10964,10960,-1.1328125,2.03125,4.28125
10965,10960,0.0703125,1.5,5.1875
10966,10960,-5.7578125,0.890625,2.4375
10967,10960,-4.9296875,0.765625,2.59375
10968,10968,-5.8203125,0.875,2.125
10969,10968,-6.0078125,-0.3359375,2.1875
10970,10968,-6.421875,-0.6484375,0.0625
10971,10968,-4.890625,-0.7734375,0.03125
10972,10968,-1.7578125,-1.5703125,-0.71875
10973,10968,-4.53125,0.4140625,-0.1875
10974,10968,-8.015625,-1.1640625,-0.1875
10975,10968,-4.8203125,-0.859375,2.65625
10976,10976,-2.9453125,-1.1484375,-1.609375
10977,10976,3.28125,1.8046875,0.75
10978,10976,2.1015625,0.515625,-2.859375
10979,10976,0.2265625,1.0390625,2.171875
10980,10976,3.5859375,1.7421875,3.796875
10981,10976,1.3984375,1.953125,1.203125
10982,10976,5.609375,2.390625,0.546875
10983,10976,-0.7421875,1.7265625,1.765625
10984,10984,0.2265625,0.578125,1.59375
10985,10984,2.2734375,-0.15625,-1.515625
10986,10984,3.6015625,2.515625,1.59375
10987,10984,-5.1328125,1.1640625,0.703125
10988,10984,1.3046875,0.5546875,0.125
10989,10984,-5.140625,-2.0859375,1.203125
10990,10984,-4.6484375,0.4296875,1.328125
10991,10984,-1.2890625,-0.625,-0.609375
10992,10992,-4.65625,-0.1953125,0.015625
10993,10992,3.9609375,-4.0078125,-3.0
10994,10992,2.40625,-1.25,-2.03125
10995,10992,1.671875,0.703125,-1.109375
10996,10992,-3.453125,-0.2421875,-0.53125
10997,10992,-3.1953125,1.3359375,-0.078125
10998,10992,2.2578125,1.2890625,0.875
10999,10992,1.796875,2.921875,1.53125
11000,11000,-1.6484375,1.0234375,4.734375
11001,11000,-4.203125,-0.6953125,1.8125
11002,11000,2.53125,4.046875,-2.203125
11003,11000,0.8359375,2.328125,-2.71875
11004,11000,1.1328125,-0.046875,-3.140625
11005,11000,-0.8671875,1.3671875,3.8125
11006,11000,3.0859375,1.9296875,2.484375
11007,11000,3.2734375,0.4609375,-0.21875
11008,11008,-2.453125,-0.3671875,0.796875
11009,11008,-4.3828125,-2.0234375,0.1875
11010,11008,-3.8125,-2.09375,0.3125
11011,11008,-5.57421875,-1.140625,1.5
11012,11008,-3.3125,-0.8203125,-1.421875
11013,11008,-6.94921875,-0.671875,1.890625
11014,11008,-0.7578125,-1.203125,-2.6875
11015,11008,1.265625,0.4375,-0.875
11016,11016,0.8515625,-1.8359375,-4.140625
11017,11016,-3.2578125,-0.96875,2.328125
11018,11016,-3.8828125,0.796875,2.09375
11019,11016,-0.7890625,1.3203125,2.765625
11020,11016,-0.6484375,1.21875,2.875
11021,11016,0.765625,-0.5625,0.40625
11022,11016,1.96875,0.0703125,0.5625
11023,11016,3.9453125,2.25,5.03125
11024,11024,-5.875,0.2265625,1.796875
11025,11024,-5.234375,0.6484375,2.75
11026,11024,-2.34375,-1.1015625,-1.078125
11027,11024,-5.1171875,-0.3125,-0.75
11028,11024,1.0234375,2.765625,1.734375
11029,11024,-2.609375,2.1796875,5.703125
11030,11024,-3.7578125,-1.2578125,2.8125
11031,11024,1.2265625,2.0859375,0.078125
11032,11032,2.1015625,-1.828125,-1.546875
11033,11032,1.03125,0.171875,1.734375
11034,11032,-4.703125,-2.140625,-0.78125
11035,11032,-1.5,-2.2734375,-1.21875
11036,11032,-2.9765625,-0.03125,-1.75
11037,11032,-1.6015625,-2.0390625,0.921875
11038,11032,2.765625,2.4453125,0.859375
11039,11032,1.171875,0.4140625,3.078125
11040,11040,-1.078125,2.2890625,4.4375
11041,11040,2.1796875,2.5078125,5.625
11042,11040,1.3984375,0.1875,2.28125
11043,11040,2.3203125,0.359375,1.625
11044,11040,0.125,0.109375,0.65625
11045,11040,2.03125,-0.0625,2.234375
11046,11040,-6.375,-2.0625,1.359375
11047,11040,3.21875,-0.8359375,-0.09375
11048,11048,-5.6953125,-1.109375,-0.578125
11049,11048,-2.8984375,2.2421875,2.078125
11050,11048,0.390625,2.0,-2.625
11051,11048,-1.328125,2.0078125,-0.015625
11052,11048,-1.0,2.7265625,-0.625
11053,11048,-1.265625,0.734375,1.25
11054,11048,-1.390625,-0.2265625,0.625
11055,11048,2.515625,1.6875,6.875
11056,11056,-1.703125,2.1953125,1.765625
11057,11056,2.203125,1.75,3.03125
11058,11056,-2.6640625,1.0546875,1.203125
11059,11056,-3.359375,1.1875,1.546875
11060,11056,-0.8203125,1.8828125,2.1875
11061,11056,3.1328125,1.015625,7.890625
11062,11056,2.5,2.671875,7.25
11063,11056,2.91015625,2.3984375,2.75
11064,11064,-0.1171875,-0.4453125,1.40625
11065,11064,9.0859375,0.5625,-0.984375
11066,11064,3.578125,-0.96875,-2.78125
11067,11064,4.421875,-1.15625,-1.90625
11068,11064,-1.109375,-2.1953125,-0.8125
11069,11064,-3.6640625,0.8984375,1.4375
11070,11064,3.4375,-0.7890625,0.53125
11071,11064,2.5,1.1171875,0.65625
11072,11072,0.8828125,1.2890625,1.5625
11073,11072,-5.75,1.546875,0.265625
11074,11072,-6.3046875,-0.75,-1.21875
11075,11072,0.234375,0.765625,4.296875
11076,11072,0.375,0.84375,3.828125
11077,11072,0.421875,0.09375,3.015625
11078,11072,0.625,0.6875,-0.359375
11079,11072,-4.34375,-0.25,1.921875
11080,11080,-3.1796875,-1.6796875,-0.25
11081,11080,-2.46875,-0.375,1.140625
11082,11080,-1.7421875,-1.9453125,-3.578125
11083,11080,-2.1484375,0.4296875,3.328125
11084,11080,-1.546875,-0.03125,0.546875
11085,11080,-3.6953125,-2.7890625,0.390625
11086,11080,-0.7265625,-0.25,-0.28125
11087,11080,3.921875,1.1171875,2.34375
11088,11088,0.9296875,0.0546875,-2.578125
11089,11088,-1.0390625,1.421875,2.359375
11090,11088,1.2109375,1.8125,5.5
11091,11088,4.328125,-1.2890625,-1.421875
11092,11088,-1.3046875,-0.7734375,0.171875
11093,11088,3.9609375,-1.15625,-4.328125
11094,11088,6.59375,-0.9375,-2.4375
11095,11088,7.953125,-2.2578125,0.296875
11096,11096,-1.4140625,-0.40625,-4.671875
11097,11096,4.640625,-1.1328125,-2.25
11098,11096,5.3828125,-1.5,-3.453125
11099,11096,1.25,-3.5703125,-3.25
11100,11096,-2.6875,-0.4140625,-0.671875
11101,11096,3.296875,-0.7578125,-3.75
11102,11096,0.6484375,-0.328125,-2.421875
11103,11096,0.5703125,0.3359375,-2.15625
11104,11104,5.4765625,0.6875,-1.984375
11105,11104,2.53125,0.84375,-1.390625
11106,11104,-6.2890625,0.0234375,1.125
11107,11104,-6.29296875,1.4609375,1.78125
11108,11104,-4.54296875,1.109375,3.109375
11109,11104,-0.4921875,0.7578125,-0.359375
11110,11104,3.0,-0.0234375,0.3125
11111,11104,8.1328125,0.8203125,0.921875
11112,11112,2.5,-1.1484375,2.5625
11113,11112,3.046875,0.125,-1.84375
11114,11112,0.15625,-0.5,-0.109375
11115,11112,3.453125,0.1015625,-2.671875
11116,11112,3.28125,0.359375,1.125
11117,11112,0.65625,-0.0234375,-1.453125
11118,11112,4.140625,2.7265625,5.0625
11119,11112,-6.96875,1.0078125,-0.15625
11120,11120,-1.1015625,0.4609375,-5.5625
11121,11120,-0.9609375,0.1796875,-0.078125
11122,11120,2.109375,1.375,2.921875
11123,11120,2.4140625,0.6875,0.578125
11124,11120,-6.125,1.5625,2.4375
11125,11120,-5.6953125,0.390625,0.125
11126,11120,-2.2265625,1.171875,1.390625
11127,11120,2.203125,0.5859375,2.203125
11128,11128,-0.5859375,0.890625,2.984375
11129,11128,3.4296875,1.7109375,4.171875
11130,11128,4.2890625,0.796875,3.421875
11131,11128,1.46875,1.109375,5.390625
11132,11128,-4.046875,-0.9296875,4.5546875
11133,11128,-3.359375,0.8203125,0.546875
11134,11128,-2.8515625,-0.4921875,0.4375
11135,11128,-5.4453125,0.7109375,0.75
11136,11136,-2.1171875,1.234375,0.984375
11137,11136,-2.83203125,1.4765625,1.09375
11138,11136,-3.0859375,1.484375,0.8125
11139,11136,0.0546875,-1.4140625,2.4375
11140,11136,-3.2578125,2.9453125,-0.03125
11141,11136,0.1484375,0.40625,0.859375
11142,11136,1.7890625,-0.2421875,-0.890625
11143,11136,3.25,-0.390625,-1.359375
11144,11144,4.9765625,-0.1953125,0.328125
11145,11144,-5.03125,0.5,1.296875
11146,11144,-6.2734375,-0.1484375,2.15625
11147,11144,-1.5625,-0.25,1.84375
11148,11144,-7.125,-1.6171875,-0.59375
11149,11144,-6.59375,-1.640625,-1.609375
11150,11144,0.953125,-0.8515625,-0.5625
11151,11144,3.5859375,0.390625,-2.0
11152,11152,2.8125,0.296875,-1.921875
11153,11152,-3.2109375,0.671875,3.125
11154,11152,-5.12109375,0.671875,3.21875
11155,11152,4.640625,1.5625,2.640625
11156,11152,-5.015625,-2.21875,-3.921875
11157,11152,-5.578125,-0.328125,0.65625
11158,11152,0.1796875,-0.2578125,1.1875
11159,11152,-2.2890625,1.6015625,4.25
11160,11160,-0.7421875,0.109375,3.4375
11161,11160,-1.953125,-1.484375,-1.09375
11162,11160,4.1328125,-2.140625,-0.21875
11163,11160,5.0078125,-2.1640625,-0.421875
11164,11160,0.078125,-1.09375,2.03125
11165,11160,-0.09375,2.109375,3.546875
11166,11160,-5.23828125,-2.1328125,-4.25
11167,11160,-3.4140625,-1.171875,-1.296875
11168,11168,-5.59375,-1.34375,-3.546875
11169,11168,-4.6640625,-1.5078125,-2.546875
11170,11168,-6.6875,0.8828125,2.703125
11171,11168,-4.03515625,-2.1875,-2.09375
11172,11168,-4.26953125,-1.625,-2.921875
11173,11168,0.8359375,-0.0390625,3.03125
11174,11168,-0.1953125,0.5078125,0.1875
11175,11168,-1.4375,1.34375,-0.625
11176,11176,-4.5546875,-0.7734375,-0.171875
11177,11176,-1.921875,0.734375,1.3125
11178,11176,-3.5625,0.9375,1.03125
11179,11176,-1.3515625,0.46875,3.1875
11180,11176,-0.859375,-0.1953125,-0.90625
11181,11176,4.8125,-0.328125,2.15625
11182,11176,9.1953125,0.390625,2.265625
11183,11176,-1.4453125,0.2265625,0.828125
11184,11184,2.4140625,1.3359375,0.59375
11185,11184,-2.8671875,-0.6171875,1.125
11186,11184,-5.1640625,0.8203125,0.234375
11187,11184,-2.4921875,1.28125,1.671875
11188,11184,8.8515625,-0.203125,-0.765625
11189,11184,-0.03125,-0.2421875,-1.1875
11190,11184,1.6015625,0.8984375,-0.625
11191,11184,6.0703125,-1.3671875,0.734375
11192,11192,8.6640625,-2.4140625,0.78125
11193,11192,0.890625,0.109375,-2.09375
11194,11192,3.671875,0.375,1.984375
11195,11192,4.015625,0.75,2.34375
11196,11192,0.9296875,0.234375,2.453125
11197,11192,3.8671875,1.140625,3.734375
11198,11192,1.7734375,-0.7265625,-0.203125
11199,11192,6.6875,2.0703125,0.15625
11200,11200,4.171875,1.25,0.40625
11201,11200,-0.75,1.8359375,0.171875
11202,11200,-1.890625,2.84375,2.5625
11203,11200,1.296875,0.84375,-2.375
11204,11200,-1.1875,2.9296875,1.140625
11205,11200,0.2890625,-0.8515625,-2.703125
11206,11200,1.4140625,-0.0859375,2.65625
11207,11200,-4.2578125,-0.21875,2.96875
11208,11208,8.6328125,2.703125,2.0
11209,11208,9.34375,1.765625,5.578125
11210,11208,-4.796875,-0.1328125,0.578125
11211,11208,1.1171875,0.203125,1.8125
11212,11208,-0.0703125,-0.8046875,0.84375
11213,11208,-3.203125,-0.59375,-0.703125
11214,11208,4.1796875,-0.25,-0.265625
11215,11208,6.0,-0.6171875,-1.96875
11216,11216,3.609375,-1.2265625,-2.265625
11217,11216,-5.0234375,-1.53125,1.296875
11218,11216,0.8046875,0.359375,1.03125
11219,11216,5.4296875,0.40625,0.328125
11220,11216,5.75390625,0.65625,2.6875
11221,11216,1.03125,0.421875,1.34375
11222,11216,-3.3046875,1.3203125,0.296875
11223,11216,-1.9140625,-0.4375,-0.15625
11224,11224,-2.6640625,1.03125,2.359375
11225,11224,0.4921875,3.1640625,-0.359375
11226,11224,-1.5,-0.640625,-0.5625
11227,11224,-0.78125,0.59375,-0.90625
11228,11224,-1.8828125,-1.671875,1.359375
11229,11224,-3.6484375,0.6796875,2.453125
11230,11224,-4.875,-0.8359375,3.140625
11231,11224,-5.26953125,-1.1171875,1.609375
11232,11232,-0.796875,0.21875,0.453125
11233,11232,-3.421875,1.21875,2.09375
11234,11232,-3.828125,-0.640625,2.625
11235,11232,3.5390625,1.296875,-1.234375
11236,11232,4.2109375,3.515625,0.59375
11237,11232,0.4453125,0.125,-3.125
11238,11232,2.09375,1.09375,2.296875
11239,11232,-0.5390625,2.4453125,3.53125
11240,11240,0.546875,1.6328125,1.8125
11241,11240,2.65625,-0.484375,1.921875
11242,11240,-6.8046875,0.359375,1.984375
11243,11240,1.0,0.4765625,-1.453125
11244,11240,1.9453125,1.890625,3.4375
11245,11240,-2.140625,-0.53125,-1.109375
11246,11240,0.859375,-0.3359375,0.828125
11247,11240,3.8984375,-0.328125,-3.75
11248,11248,5.0859375,0.3984375,-2.734375
11249,11248,1.4609375,1.15625,2.65625
11250,11248,-3.6640625,0.4453125,-1.890625
11251,11248,-5.234375,-1.671875,-4.4921875
11252,11248,7.5390625,-0.84375,-1.421875
11253,11248,4.6015625,-0.078125,0.875
11254,11248,2.0546875,-2.5390625,-1.5625
11255,11248,1.96875,0.390625,-3.015625
11256,11256,2.0546875,-2.5390625,-1.5625
11257,11256,3.390625,0.1015625,-0.140625
11258,11256,2.078125,2.59375,0.625
11259,11256,-5.0625,-1.75,-1.09375
11260,11256,-3.5859375,0.3203125,0.8125
11261,11256,-0.171875,-0.8984375,0.578125
11262,11256,-5.640625,0.578125,-1.296875
11263,11256,-0.734375,1.0078125,0.578125
11264,11264,-0.3984375,0.421875,-0.1875
11265,11264,-5.23046875,0.6875,0.625
11266,11264,8.578125,-0.8046875,-0.28125
11267,11264,4.3671875,0.09375,-1.25
11268,11264,6.09375,1.296875,-1.15625
11269,11264,1.6328125,-1.1484375,-2.0625
11270,11264,-3.953125,-3.3515625,-0.53125
11271,11264,0.18359375,-0.34375,-2.0
11272,11272,-1.15234375,-4.0234375,-2.75
11273,11272,-2.203125,-2.3828125,-3.0
11274,11272,2.59375,-3.3671875,0.328125
11275,11272,0.8046875,-3.3828125,-1.203125
11276,11272,-0.6640625,0.3984375,-0.09375
11277,11272,-1.1796875,0.171875,0.140625
11278,11272,1.359375,-0.125,-0.625
11279,11272,1.875,0.921875,-0.46875
11280,11280,-0.2578125,1.84375,0.359375
11281,11280,3.765625,0.9375,-2.125
11282,11280,-0.921875,-2.0703125,0.359375
11283,11280,1.4140625,1.6171875,1.25
11284,11280,-0.125,-0.8203125,-3.21875
11285,11280,-2.859375,-1.78125,0.421875
11286,11280,-2.1171875,-1.7265625,1.59375
11287,11280,-0.7578125,0.84375,2.0625
11288,11288,3.875,1.4765625,0.28125
11289,11288,-4.6796875,-0.3828125,2.265625
11290,11288,-1.421875,0.765625,3.171875
11291,11288,-1.6953125,0.3984375,-1.484375
11292,11288,6.1171875,0.4140625,-0.59375
11293,11288,-0.6015625,-0.8828125,-2.484375
11294,11288,-2.640625,-0.7265625,0.734375
11295,11288,0.921875,-0.59375,-0.078125
11296,11296,-3.546875,0.5,2.9375
11297,11296,2.921875,1.5234375,-0.59375
11298,11296,1.2578125,-0.703125,-1.484375
11299,11296,-1.53125,0.375,3.234375
11300,11296,3.8046875,-0.671875,-4.484375
11301,11296,5.71875,-1.0234375,-0.53125
11302,11296,0.2265625,-2.046875,-1.484375
11303,11296,-0.09375,0.203125,0.515625
11304,11304,2.7109375,1.5703125,1.796875
11305,11304,6.671875,1.3125,3.296875
11306,11304,-2.328125,-0.21875,0.40625
11307,11304,-6.046875,0.296875,0.515625
11308,11304,2.7890625,1.2890625,1.71875
11309,11304,-1.359375,2.4296875,0.6875
11310,11304,0.71875,-0.4375,0.640625
11311,11304,0.0,1.0703125,2.078125
11312,11312,0.5234375,0.078125,1.375
11313,11312,2.875,0.4921875,2.78125
11314,11312,-0.0078125,-1.1953125,-0.34375
11315,11312,5.65625,0.59375,0.234375
11316,11312,-4.703125,-0.59375,1.390625
11317,11312,-0.265625,0.921875,2.90625
11318,11312,6.1015625,2.109375,1.34375
11319,11312,0.7734375,-1.109375,-2.03125
11320,11320,0.6015625,1.25,-3.171875
11321,11320,-0.359375,3.21875,2.34375
11322,11320,1.0546875,2.6328125,-1.15625
11323,11320,1.6640625,1.3671875,1.5
11324,11320,-4.6796875,1.6015625,2.53125
11325,11320,1.24609375,1.1171875,-0.515625
11326,11320,1.421875,-0.34375,1.296875
11327,11320,-3.1171875,-1.1484375,2.3125
11328,11328,0.15625,-0.078125,2.203125
11329,11328,1.0390625,-0.421875,-0.40625
11330,11328,-1.015625,-0.421875,-0.234375
11331,11328,-0.90625,-0.6640625,0.203125
11332,11328,0.3828125,0.8046875,0.6875
11333,11328,-0.109375,-0.1875,-2.875
11334,11328,2.8828125,1.7734375,1.359375
11335,11328,-2.375,0.734375,-0.1875
11336,11336,2.53125,1.4921875,3.46875
11337,11336,5.2109375,1.1015625,2.984375
11338,11336,0.1484375,-0.4140625,0.859375
11339,11336,-0.859375,0.03125,1.421875
11340,11336,1.359375,0.1875,2.21875
11341,11336,3.3359375,2.2109375,1.8125
11342,11336,4.7265625,2.8125,5.984375
11343,11336,4.2734375,1.59375,0.375
11344,11344,1.4921875,2.828125,-2.078125
11345,11344,-1.9453125,-0.40625,-1.90625
11346,11344,-4.3359375,0.46875,-1.921875
11347,11344,1.828125,-1.546875,-2.59375
11348,11344,-5.875,-0.3671875,-0.171875
11349,11344,-2.6875,0.796875,2.828125
11350,11344,2.8359375,0.1796875,0.109375
11351,11344,0.9609375,0.171875,-0.421875
11352,11352,-2.7890625,-0.734375,-2.640625
11353,11352,-5.1796875,0.2109375,-1.25
11354,11352,-1.515625,2.46875,0.671875
11355,11352,-0.9765625,0.125,-4.5859375
11356,11352,7.7265625,1.453125,-3.359375
11357,11352,0.6015625,3.078125,2.953125
11358,11352,-3.421875,0.1171875,-3.0078125
11359,11352,0.765625,-0.9453125,-4.25
11360,11360,-1.1015625,2.0,-2.046875
11361,11360,-4.7421875,0.1484375,0.984375
11362,11360,-4.7890625,0.15625,1.03125
11363,11360,-2.0234375,0.640625,0.671875
11364,11360,-1.515625,0.828125,1.921875
11365,11360,0.3828125,-0.7890625,0.03125
11366,11360,0.4296875,0.453125,0.109375
11367,11360,-1.5546875,-0.515625,3.171875
11368,11368,2.7421875,0.921875,1.21875
11369,11368,-2.3828125,2.3125,-0.96875
11370,11368,-2.34375,-0.7578125,1.03125
11371,11368,-2.390625,-1.0625,-1.453125
11372,11368,5.2421875,0.625,0.125
11373,11368,-4.171875,-0.3671875,-1.015625
11374,11368,-2.0859375,-0.234375,-0.8125
11375,11368,0.9296875,0.40625,0.59375
11376,11376,-1.359375,0.6328125,1.84375
11377,11376,7.21875,0.3125,1.359375
11378,11376,-1.4609375,-0.0625,-0.6875
11379,11376,0.765625,1.15625,4.140625
11380,11376,0.703125,-0.1640625,2.609375
11381,11376,4.4921875,1.15625,0.140625
11382,11376,0.109375,-1.6015625,-2.390625
11383,11376,4.8515625,2.328125,1.203125
11384,11384,3.609375,0.9609375,6.2890625
11385,11384,-1.9453125,-0.6484375,-2.125
11386,11384,2.078125,0.0234375,-2.65625
11387,11384,1.3515625,2.1484375,2.28125
11388,11384,-0.7578125,2.4140625,1.9375
11389,11384,4.0546875,0.984375,0.84375
11390,11384,0.9453125,0.25,-4.84375
11391,11384,-2.4609375,-0.9375,-4.21875
11392,11392,-0.0390625,-4.3203125,-4.7421875
11393,11392,0.6796875,0.4375,-1.390625
11394,11392,-2.546875,-0.265625,-2.484375
11395,11392,-1.6875,1.4609375,-0.640625
11396,11392,2.3828125,0.6171875,2.796875
11397,11392,3.625,1.359375,0.140625
11398,11392,1.015625,0.6640625,-0.171875
11399,11392,-1.0625,0.453125,-0.1875
11400,11400,-3.3125,-2.046875,-4.3359375
11401,11400,1.3984375,0.09375,-1.328125
11402,11400,0.8203125,1.046875,2.703125
11403,11400,-5.1171875,-1.3203125,1.140625
11404,11400,-1.953125,-0.5078125,-0.71875
11405,11400,1.296875,0.7109375,-0.09375
11406,11400,-0.6875,0.296875,-0.890625
11407,11400,-1.546875,0.59375,-0.6875
11408,11408,5.140625,0.125,0.90625
11409,11408,-0.3359375,-0.046875,-2.328125
11410,11408,1.2890625,1.484375,-0.078125
11411,11408,3.609375,3.5546875,-0.03125
11412,11408,1.3203125,0.28125,-0.671875
11413,11408,0.015625,-0.640625,-6.2421875
11414,11408,-6.6796875,-0.265625,2.015625
11415,11408,-3.296875,0.15625,-1.34375
11416,11416,1.5859375,1.5234375,0.21875
11417,11416,-1.5390625,0.3515625,-0.171875
11418,11416,-2.5,0.484375,0.96875
11419,11416,-1.421875,1.53125,0.296875
11420,11416,-5.4296875,1.328125,0.515625
11421,11416,-6.7265625,-1.5546875,0.765625
11422,11416,1.46875,-0.328125,-1.140625
11423,11416,-0.8515625,0.15625,-5.59375
11424,11424,-4.234375,1.5625,-1.0625
11425,11424,-3.5625,-1.828125,-2.453125
11426,11424,-1.9609375,0.59375,-1.375
11427,11424,-1.609375,-0.625,-2.0625
11428,11424,-1.3828125,1.5703125,0.453125
11429,11424,2.5,1.5,0.140625
11430,11424,-0.046875,1.65625,1.234375
11431,11424,-0.078125,2.9140625,2.8125
11432,11432,3.28125,1.8984375,2.453125
11433,11432,-2.7890625,0.3671875,-1.171875
11434,11432,-3.6484375,-1.515625,-0.09375
